complaint_id,customer_id,transaction_id,complaint_text,category,status,created_at
CMP-DEMO-001,C1024,TX10082,"I paid ৳2,500 to the shop around 2:30 PM but they didn't receive it. Money was deducted and no reversal was received.",TRANSACTION_DISPUTE,INVESTIGATING,2026-10-03 22:03:55.620039
CMP-DEMO-002,C2050,TX10083,"Can you check my payment of ৳1,200? The merchant was unsure if it went through.",TRANSACTION_DISPUTE,NEW,2026-10-03 22:18:55.620039
CMP-DEMO-003,C9999,TX10084,"My ৳75,000 cash out failed and account seems restricted with security alert! Unblock immediately.",FAILED_PAYMENT,NEW,2026-10-03 22:33:55.620039
CMP-10000,C1437,TX30822,"Customer care promised reversal for 2949 tk within 24 hours, still no refund.",REFUND,NEW,2026-09-26 01:36:19.335678
CMP-10001,C118,,App shows pending for 8053 BDT even though merchant got confirmation SMS.,TRANSACTION_DISPUTE,INVESTIGATING,2026-10-03 00:26:41.335678
CMP-10002,C2389,,Money has been deducted from my account (2257 BDT) but the shopkeeper didn't receive it.,TRANSACTION_DISPUTE,NEW,2026-10-03 09:47:00.335678
CMP-10003,C787,TX20965,Duplicate charge: two debits of 181 tk within seconds for the same purchase.,DUPLICATE_PAYMENT,NEW,2026-09-22 15:01:44.335678
CMP-10004,C1047,TX28459,"Paid 1394 taka at merchant around 13:49, merchant claims no payment received.",TRANSACTION_DISPUTE,NEW,2026-09-24 14:14:57.335678
CMP-10005,C2358,,"I scanned QR at merchant M11 and 2617 taka was cut, but POS machine showed failed.",TRANSACTION_DISPUTE,INVESTIGATING,2026-09-28 13:09:20.335678
CMP-10006,C425,TX31913,"Tried to pay 1640 taka, said balance low, but I think I have enough funds.",ACCOUNT_ISSUE,NEW,2026-09-26 09:21:22.335678
CMP-10007,C1669,TX26880,"I scanned QR at merchant M69 and 12735 taka was cut, but POS machine showed failed.",TRANSACTION_DISPUTE,NEW,2026-10-01 22:06:08.335678
CMP-10008,C810,TX20694,Why is my transaction still showing pending after 3 hours? Amount 92 taka.,TRANSACTION_DISPUTE,INVESTIGATING,2026-09-30 01:38:36.335678
CMP-10009,C1998,,Taka kete niyeche kintu dokandari pay ni. Amount was 52 tk at merchant M67.,TRANSACTION_DISPUTE,INVESTIGATING,2026-09-26 09:33:08.335678
CMP-10010,C1646,TX23113,"I only made one payment of 473 taka, but money was deducted TWICE from my account!",DUPLICATE_PAYMENT,NEW,2026-09-21 17:39:22.335678
CMP-10011,C2461,TX27426,Why did my payment get cancelled for balance check error?,ACCOUNT_ISSUE,RESOLVED,2026-10-02 14:58:47.335678
CMP-10012,C2166,TX21648,"Internet connection dropped during PIN entry, don't know if money sent.",FAILED_PAYMENT,NEW,2026-09-27 09:58:49.335678
CMP-10013,C1295,,"My account is blocked after repeated transaction attempts, please unblock immediately.",ACCOUNT_ISSUE,RESOLVED,2026-09-23 23:06:33.335678
CMP-10014,C1899,TX20157,"Status sync issue: money deducted, merchant received, app showing waiting for confirmation.",TRANSACTION_DISPUTE,RESOLVED,2026-09-29 02:00:02.335678
CMP-10015,C2400,,"Network timeout during processing, app closed abruptly.",FAILED_PAYMENT,INVESTIGATING,2026-09-22 00:59:49.335678
CMP-10016,C454,,"My account is blocked after repeated transaction attempts, please unblock immediately.",ACCOUNT_ISSUE,INVESTIGATING,2026-09-30 05:56:13.335678
CMP-10017,C1706,,Amar 1506 taka refund hoy nai. Payment failed hoise kintu taka ferot ashe nai.,REFUND,INVESTIGATING,2026-09-23 18:42:46.335678
CMP-10018,C118,TX28271,Double deduction happened for my merchant bill payment of 212 taka.,DUPLICATE_PAYMENT,INVESTIGATING,2026-09-23 02:36:38.335678
CMP-10019,C1941,TX31267,"Status sync issue: money deducted, merchant received, app showing waiting for confirmation.",TRANSACTION_DISPUTE,INVESTIGATING,2026-09-23 21:05:37.335678
CMP-10020,C2450,TX25684,Duplicate charge: two debits of 3122 tk within seconds for the same purchase.,DUPLICATE_PAYMENT,NEW,2026-09-28 02:08:28.335678
CMP-10021,C2276,TX22346,"Paid 12501 taka at merchant around 06:31, merchant claims no payment received.",TRANSACTION_DISPUTE,NEW,2026-09-22 07:19:23.335678
CMP-10022,C1092,,"Internet connection dropped during PIN entry, don't know if money sent.",FAILED_PAYMENT,NEW,2026-09-21 20:37:47.335678
CMP-10023,C2104,TX25892,Why is my transaction still showing pending after 3 hours? Amount 94 taka.,TRANSACTION_DISPUTE,RESOLVED,2026-09-22 20:07:24.335678
CMP-10024,C981,,"Network timeout during processing, app closed abruptly.",FAILED_PAYMENT,NEW,2026-09-29 05:24:39.335678
CMP-10025,C558,TX24011,Duplicate charge: two debits of 4580 tk within seconds for the same purchase.,DUPLICATE_PAYMENT,INVESTIGATING,2026-10-02 18:33:24.335678
CMP-10026,C580,TX28805,App timed out showing network error while paying 103 taka.,FAILED_PAYMENT,NEW,2026-10-03 01:51:45.335678
CMP-10027,C1141,TX26301,Duplicate charge: two debits of 8571 tk within seconds for the same purchase.,DUPLICATE_PAYMENT,NEW,2026-09-26 18:21:34.335678
CMP-10028,C490,TX20433,"Shop owner said money didn't arrive, but SMS shows 12543 deducted.",TRANSACTION_DISPUTE,INVESTIGATING,2026-09-28 09:53:44.335678
CMP-10029,C2124,,App timed out showing network error while paying 48 taka.,FAILED_PAYMENT,INVESTIGATING,2026-09-30 18:13:58.335678
CMP-10030,C1011,TX27110,"Paid 187 taka at merchant around 07:07, merchant claims no payment received.",TRANSACTION_DISPUTE,NEW,2026-09-23 07:56:26.335678
CMP-10031,C186,,"Customer care promised reversal for 93 tk within 24 hours, still no refund.",REFUND,NEW,2026-09-20 11:45:26.335678
CMP-10032,C1159,TX27910,"Transaction crashed with unknown server error, please investigate.",FAILED_PAYMENT,RESOLVED,2026-10-03 21:49:38.335678
CMP-10033,C2469,TX26472,Why did my payment get cancelled for balance check error?,ACCOUNT_ISSUE,NEW,2026-09-30 10:22:17.335678
CMP-10034,C735,TX25331,"I scanned QR at merchant M122 and 109 taka was cut, but POS machine showed failed.",TRANSACTION_DISPUTE,INVESTIGATING,2026-09-30 01:23:05.335678
CMP-10035,C345,TX20527,Why is my transaction still showing pending after 3 hours? Amount 995 taka.,TRANSACTION_DISPUTE,INVESTIGATING,2026-09-30 23:07:28.335678
CMP-10036,C1699,TX22738,System gave unknown error during payment of 2663 taka.,FAILED_PAYMENT,NEW,2026-10-02 07:05:23.335678
CMP-10037,C1084,,App timed out showing network error while paying 7616 taka.,FAILED_PAYMENT,INVESTIGATING,2026-10-03 18:30:26.335678
CMP-10038,C237,TX34849,"Payment of 53 failed yesterday, message said reversal in 2 hours but still not refunded.",REFUND,NEW,2026-10-01 01:48:37.335678
CMP-10039,C291,,Dui bar taka keteche! Paid once but charged twice 5441 tk at merchant M78.,DUPLICATE_PAYMENT,NEW,2026-10-02 07:42:05.335678
CMP-10040,C1247,TX26957,Double deduction happened for my merchant bill payment of 1581 taka.,DUPLICATE_PAYMENT,RESOLVED,2026-10-02 13:20:21.335678
CMP-10041,C707,TX34901,Why is my transaction still showing pending after 3 hours? Amount 109 taka.,TRANSACTION_DISPUTE,NEW,2026-09-27 21:37:24.335678
CMP-10042,C740,TX30933,Money has been deducted from my account (475 BDT) but the shopkeeper didn't receive it.,TRANSACTION_DISPUTE,INVESTIGATING,2026-09-25 22:42:18.335678
CMP-10043,C331,,"Shop owner said money didn't arrive, but SMS shows 524 deducted.",TRANSACTION_DISPUTE,INVESTIGATING,2026-10-03 15:11:13.335678
CMP-10044,C2306,TX23783,Dui bar taka keteche! Paid once but charged twice 101 tk at merchant M42.,DUPLICATE_PAYMENT,RESOLVED,2026-10-02 05:25:36.335678
CMP-10045,C1287,TX22535,"Merchant says payment succeeded and gave goods, but my app shows status 'PENDING'.",TRANSACTION_DISPUTE,NEW,2026-09-28 02:13:06.335678
CMP-10046,C808,TX21941,"I only made one payment of 5307 taka, but money was deducted TWICE from my account!",DUPLICATE_PAYMENT,RESOLVED,2026-09-23 06:29:58.335678
CMP-10047,C1226,TX31435,"Merchant says payment succeeded and gave goods, but my app shows status 'PENDING'.",TRANSACTION_DISPUTE,RESOLVED,2026-09-27 01:34:55.335678
CMP-10048,C1991,TX20166,"Transaction crashed with unknown server error, please investigate.",FAILED_PAYMENT,RESOLVED,2026-09-23 22:11:15.335678
CMP-10049,C1993,TX33809,Money has been deducted from my account (12029 BDT) but the shopkeeper didn't receive it.,TRANSACTION_DISPUTE,INVESTIGATING,2026-09-21 06:13:01.335678
CMP-10050,C242,TX29946,"Transaction crashed with unknown server error, please investigate.",FAILED_PAYMENT,RESOLVED,2026-09-22 15:03:14.335678
CMP-10051,C935,TX21761,"Transaction was rejected stating insufficient balance, please check my account statement.",ACCOUNT_ISSUE,INVESTIGATING,2026-09-27 11:37:27.335678
CMP-10052,C2150,,Why is my transaction still showing pending after 3 hours? Amount 104 taka.,TRANSACTION_DISPUTE,RESOLVED,2026-09-21 09:05:49.335678
CMP-10053,C2211,,Taka kete niyeche kintu dokandari pay ni. Amount was 8025 tk at merchant M63.,TRANSACTION_DISPUTE,RESOLVED,2026-09-21 07:52:00.335678
CMP-10054,C2489,,"Transaction was rejected stating insufficient balance, please check my account statement.",ACCOUNT_ISSUE,INVESTIGATING,2026-09-24 00:20:11.335678
CMP-10055,C1321,,"I only made one payment of 3136 taka, but money was deducted TWICE from my account!",DUPLICATE_PAYMENT,NEW,2026-10-02 17:38:09.335678
CMP-10056,C1108,,"I scanned QR at merchant M111 and 8639 taka was cut, but POS machine showed failed.",TRANSACTION_DISPUTE,INVESTIGATING,2026-09-30 17:12:46.335678
CMP-10057,C2395,TX26902,Why is my transaction still showing pending after 3 hours? Amount 2401 taka.,TRANSACTION_DISPUTE,RESOLVED,2026-09-27 20:36:46.335678
CMP-10058,C1317,TX30964,"Shop owner said money didn't arrive, but SMS shows 49 deducted.",TRANSACTION_DISPUTE,NEW,2026-09-22 15:43:15.335678
CMP-10059,C1185,TX20834,"Transaction failed at payment gateway, money deducted from wallet, no reversal received yet.",REFUND,NEW,2026-09-26 06:57:43.335678
CMP-10060,C1796,TX24986,"Merchant says payment succeeded and gave goods, but my app shows status 'PENDING'.",TRANSACTION_DISPUTE,INVESTIGATING,2026-10-01 03:16:18.335678
CMP-10061,C689,TX30325,"Tried to pay 94 taka, said balance low, but I think I have enough funds.",ACCOUNT_ISSUE,INVESTIGATING,2026-09-26 19:53:51.335678
CMP-10062,C1483,TX34377,"Failed transaction of 51 tk on 14:58, reversal missing from my statement.",REFUND,RESOLVED,2026-09-24 16:24:24.335678
CMP-10063,C2477,TX27332,Connection lost during payment of 483 tk to merchant M66.,FAILED_PAYMENT,NEW,2026-09-27 14:21:01.335678
CMP-10064,C720,,Taka kete niyeche kintu dokandari pay ni. Amount was 1524 tk at merchant M107.,TRANSACTION_DISPUTE,INVESTIGATING,2026-10-02 15:26:42.335678
CMP-10065,C1752,,"Suspicious transaction alert triggered on my account, need urgent review.",ACCOUNT_ISSUE,NEW,2026-10-01 01:02:25.335678
CMP-10066,C199,,"Internet connection dropped during PIN entry, don't know if money sent.",FAILED_PAYMENT,INVESTIGATING,2026-09-30 23:17:03.335678
CMP-10067,C203,TX20450,Taka kete niyeche kintu dokandari pay ni. Amount was 182 tk at merchant M107.,TRANSACTION_DISPUTE,NEW,2026-09-24 20:02:00.335678
CMP-10068,C1890,TX33599,"I only made one payment of 1604 taka, but money was deducted TWICE from my account!",DUPLICATE_PAYMENT,NEW,2026-10-02 07:08:01.335678
CMP-10069,C1261,TX27201,System gave unknown error during payment of 90 taka.,FAILED_PAYMENT,RESOLVED,2026-10-03 22:45:47.335678
CMP-10070,C1041,TX25125,Double deduction happened for my merchant bill payment of 7379 taka.,DUPLICATE_PAYMENT,NEW,2026-09-29 17:40:16.335678
CMP-10071,C2071,TX23801,"Transaction crashed with unknown server error, please investigate.",FAILED_PAYMENT,INVESTIGATING,2026-09-29 06:22:31.335678
CMP-10072,C1785,TX34925,"Transaction failed at payment gateway, money deducted from wallet, no reversal received yet.",REFUND,INVESTIGATING,2026-09-24 19:27:28.335678
CMP-10073,C1655,,"Customer care promised reversal for 11485 tk within 24 hours, still no refund.",REFUND,INVESTIGATING,2026-10-02 19:37:49.335678
CMP-10074,C1104,,"Status sync issue: money deducted, merchant received, app showing waiting for confirmation.",TRANSACTION_DISPUTE,NEW,2026-09-24 21:23:05.335678
CMP-10075,C1554,TX32326,Taka kete niyeche kintu dokandari pay ni. Amount was 5499 tk at merchant M53.,TRANSACTION_DISPUTE,INVESTIGATING,2026-09-29 21:19:13.335678
CMP-10076,C650,TX28624,"Merchant says payment succeeded and gave goods, but my app shows status 'PENDING'.",TRANSACTION_DISPUTE,NEW,2026-09-22 16:17:53.335678
CMP-10077,C2112,,Money has been deducted from my account (2891 BDT) but the shopkeeper didn't receive it.,TRANSACTION_DISPUTE,INVESTIGATING,2026-09-26 05:00:09.335678
CMP-10078,C540,TX33373,Taka kete niyeche kintu dokandari pay ni. Amount was 8105 tk at merchant M138.,TRANSACTION_DISPUTE,INVESTIGATING,2026-09-22 01:46:59.335678
CMP-10079,C1195,TX25322,App shows pending for 3015 BDT even though merchant got confirmation SMS.,TRANSACTION_DISPUTE,INVESTIGATING,2026-09-27 12:10:00.335678
CMP-10080,C2325,TX31485,"Transaction failed at payment gateway, money deducted from wallet, no reversal received yet.",REFUND,NEW,2026-09-28 14:57:40.335678
CMP-10081,C1277,,"My account is blocked after repeated transaction attempts, please unblock immediately.",ACCOUNT_ISSUE,INVESTIGATING,2026-09-20 05:27:22.335678
CMP-10082,C772,,"Transaction crashed with unknown server error, please investigate.",FAILED_PAYMENT,NEW,2026-09-24 07:07:27.335678
CMP-10083,C846,TX31704,"I scanned QR at merchant M44 and 3026 taka was cut, but POS machine showed failed.",TRANSACTION_DISPUTE,INVESTIGATING,2026-09-21 23:31:12.335678
CMP-10084,C1424,TX20582,"I only made one payment of 7343 taka, but money was deducted TWICE from my account!",DUPLICATE_PAYMENT,NEW,2026-09-30 06:20:44.335678
CMP-10085,C1769,TX21872,"Internet connection dropped during PIN entry, don't know if money sent.",FAILED_PAYMENT,NEW,2026-09-30 12:56:29.335678
CMP-10086,C205,,"Customer care promised reversal for 7889 tk within 24 hours, still no refund.",REFUND,RESOLVED,2026-09-22 02:12:40.335678
CMP-10087,C2431,TX33493,App timed out showing network error while paying 96 taka.,FAILED_PAYMENT,RESOLVED,2026-09-25 05:05:00.335678
CMP-10088,C876,TX32415,"Paid 4944 taka at merchant around 21:47, merchant claims no payment received.",TRANSACTION_DISPUTE,NEW,2026-09-26 23:04:06.335678
CMP-10089,C1141,TX28022,"Paid 8772 taka at merchant around 17:00, merchant claims no payment received.",TRANSACTION_DISPUTE,RESOLVED,2026-09-24 18:54:40.335678
CMP-10090,C1219,TX27310,"Customer care promised reversal for 5492 tk within 24 hours, still no refund.",REFUND,INVESTIGATING,2026-09-27 19:31:22.335678
CMP-10091,C1743,TX28149,"Merchant says payment succeeded and gave goods, but my app shows status 'PENDING'.",TRANSACTION_DISPUTE,NEW,2026-09-24 01:01:16.335678
CMP-10092,C476,TX20782,"Status sync issue: money deducted, merchant received, app showing waiting for confirmation.",TRANSACTION_DISPUTE,RESOLVED,2026-09-26 15:03:42.335678
CMP-10093,C1825,,"Merchant says payment succeeded and gave goods, but my app shows status 'PENDING'.",TRANSACTION_DISPUTE,RESOLVED,2026-10-03 14:38:53.335678
CMP-10094,C1209,,"Paid 2715 taka at merchant around 03:57, merchant claims no payment received.",TRANSACTION_DISPUTE,NEW,2026-10-02 04:14:41.335678
CMP-10095,C1039,TX31810,Why did my payment get cancelled for balance check error?,ACCOUNT_ISSUE,NEW,2026-09-25 01:26:35.335678
CMP-10096,C312,,"Suspicious transaction alert triggered on my account, need urgent review.",ACCOUNT_ISSUE,NEW,2026-09-22 23:27:15.335678
CMP-10097,C338,TX32280,Double deduction happened for my merchant bill payment of 7664 taka.,DUPLICATE_PAYMENT,NEW,2026-09-23 16:51:31.335678
CMP-10098,C2291,,Why did my payment get cancelled for balance check error?,ACCOUNT_ISSUE,INVESTIGATING,2026-10-03 22:06:27.335678
CMP-10099,C1556,TX30750,"Tried to pay 1498 taka, said balance low, but I think I have enough funds.",ACCOUNT_ISSUE,INVESTIGATING,2026-09-24 16:21:19.335678
CMP-10100,C487,TX28317,"I scanned QR at merchant M70 and 1452 taka was cut, but POS machine showed failed.",TRANSACTION_DISPUTE,INVESTIGATING,2026-09-30 14:38:48.335678
CMP-10101,C1728,TX25613,"I only made one payment of 512 taka, but money was deducted TWICE from my account!",DUPLICATE_PAYMENT,RESOLVED,2026-09-26 18:23:41.335678
CMP-10102,C201,TX32669,"Tried to pay 3039 taka, said balance low, but I think I have enough funds.",ACCOUNT_ISSUE,NEW,2026-10-02 13:42:14.335678
CMP-10103,C369,TX26482,"Merchant says payment succeeded and gave goods, but my app shows status 'PENDING'.",TRANSACTION_DISPUTE,RESOLVED,2026-09-26 10:28:05.335678
CMP-10104,C2476,,Taka kete niyeche kintu dokandari pay ni. Amount was 192 tk at merchant M12.,TRANSACTION_DISPUTE,NEW,2026-09-20 08:59:14.335678
CMP-10105,C584,TX27382,Why is my transaction still showing pending after 3 hours? Amount 95 taka.,TRANSACTION_DISPUTE,RESOLVED,2026-09-27 16:58:45.335678
CMP-10106,C1249,TX31800,"Payment of 206 failed yesterday, message said reversal in 2 hours but still not refunded.",REFUND,INVESTIGATING,2026-09-23 23:56:04.335678
CMP-10107,C177,,"Payment of 2269 failed yesterday, message said reversal in 2 hours but still not refunded.",REFUND,NEW,2026-09-20 01:38:49.335678
CMP-10108,C2409,TX21246,Dui bar taka keteche! Paid once but charged twice 48 tk at merchant M166.,DUPLICATE_PAYMENT,INVESTIGATING,2026-09-30 02:00:33.335678
CMP-10109,C1833,TX31631,"Internet connection dropped during PIN entry, don't know if money sent.",FAILED_PAYMENT,NEW,2026-09-20 01:03:53.335678
CMP-10110,C2157,TX29926,App timed out showing network error while paying 2255 taka.,FAILED_PAYMENT,NEW,2026-09-29 03:00:05.335678
CMP-10111,C1131,TX22263,"Transaction crashed with unknown server error, please investigate.",FAILED_PAYMENT,RESOLVED,2026-09-22 15:16:26.335678
CMP-10112,C789,TX28806,"Status sync issue: money deducted, merchant received, app showing waiting for confirmation.",TRANSACTION_DISPUTE,RESOLVED,2026-10-01 08:44:57.335678
CMP-10113,C1408,TX34979,"I scanned QR at merchant M165 and 4959 taka was cut, but POS machine showed failed.",TRANSACTION_DISPUTE,INVESTIGATING,2026-09-22 03:25:41.335678
CMP-10114,C147,,"Failed transaction of 8163 tk on 10:28, reversal missing from my statement.",REFUND,RESOLVED,2026-09-24 11:55:45.335678
CMP-10115,C1645,,Why did my payment get cancelled for balance check error?,ACCOUNT_ISSUE,RESOLVED,2026-09-30 18:06:05.335678
CMP-10116,C1601,TX29603,"Status sync issue: money deducted, merchant received, app showing waiting for confirmation.",TRANSACTION_DISPUTE,INVESTIGATING,2026-09-22 16:51:45.335678
CMP-10117,C1085,TX32563,"Transaction failed at payment gateway, money deducted from wallet, no reversal received yet.",REFUND,INVESTIGATING,2026-09-28 23:29:29.335678
CMP-10118,C1602,TX25618,"Failed transaction of 916 tk on 09:32, reversal missing from my statement.",REFUND,RESOLVED,2026-09-26 11:22:45.335678
CMP-10119,C298,TX22653,"Shop owner said money didn't arrive, but SMS shows 48 deducted.",TRANSACTION_DISPUTE,RESOLVED,2026-09-29 14:12:02.335678
CMP-10120,C2254,TX21740,"Failed transaction of 7655 tk on 04:23, reversal missing from my statement.",REFUND,RESOLVED,2026-10-01 05:26:45.335678
CMP-10121,C817,,App timed out showing network error while paying 52 taka.,FAILED_PAYMENT,INVESTIGATING,2026-09-21 08:16:40.335678
CMP-10122,C1204,TX25680,"Customer care promised reversal for 3115 tk within 24 hours, still no refund.",REFUND,NEW,2026-09-30 05:40:36.335678
CMP-10123,C2340,TX34907,"My account is blocked after repeated transaction attempts, please unblock immediately.",ACCOUNT_ISSUE,NEW,2026-09-23 21:56:48.335678
CMP-10124,C1470,TX32832,"Customer care promised reversal for 3120 tk within 24 hours, still no refund.",REFUND,RESOLVED,2026-09-20 03:59:34.335678
CMP-10125,C1890,,"Payment failed with weird error code ERR_999, what happened to my 51 taka?",FAILED_PAYMENT,INVESTIGATING,2026-09-20 21:16:06.335678
CMP-10126,C755,TX31727,Why is my transaction still showing pending after 3 hours? Amount 941 taka.,TRANSACTION_DISPUTE,INVESTIGATING,2026-09-24 23:18:44.335678
CMP-10127,C1080,TX20224,"Transaction failed at payment gateway, money deducted from wallet, no reversal received yet.",REFUND,NEW,2026-09-25 11:05:42.335678
CMP-10128,C419,,Amar 524 taka refund hoy nai. Payment failed hoise kintu taka ferot ashe nai.,REFUND,INVESTIGATING,2026-09-29 21:51:33.335678
CMP-10129,C1541,TX32199,Dui bar taka keteche! Paid once but charged twice 1480 tk at merchant M38.,DUPLICATE_PAYMENT,INVESTIGATING,2026-09-21 13:02:31.335678
CMP-10130,C1903,,"Network timeout during processing, app closed abruptly.",FAILED_PAYMENT,INVESTIGATING,2026-09-20 16:02:10.335678
CMP-10131,C2189,TX25933,"Tried to pay 3275 taka, said balance low, but I think I have enough funds.",ACCOUNT_ISSUE,RESOLVED,2026-09-20 23:32:31.335678
CMP-10132,C2301,TX22750,System gave unknown error during payment of 109 taka.,FAILED_PAYMENT,NEW,2026-09-21 12:23:04.335678
CMP-10133,C1432,TX24606,Taka kete niyeche kintu dokandari pay ni. Amount was 3002 tk at merchant M172.,TRANSACTION_DISPUTE,RESOLVED,2026-09-23 13:59:28.335678
CMP-10134,C417,TX31674,"Transaction failed at payment gateway, money deducted from wallet, no reversal received yet.",REFUND,RESOLVED,2026-09-20 09:12:28.335678
CMP-10135,C378,,"Tried to pay 2466 taka, said balance low, but I think I have enough funds.",ACCOUNT_ISSUE,NEW,2026-10-01 10:47:45.335678
CMP-10136,C2412,TX20125,"Payment failed with weird error code ERR_999, what happened to my 106 taka?",FAILED_PAYMENT,INVESTIGATING,2026-09-25 00:49:35.335678
CMP-10137,C1980,TX27870,Money has been deducted from my account (91 BDT) but the shopkeeper didn't receive it.,TRANSACTION_DISPUTE,INVESTIGATING,2026-09-28 20:51:47.335678
CMP-10138,C236,TX20114,Double deduction happened for my merchant bill payment of 1569 taka.,DUPLICATE_PAYMENT,NEW,2026-09-27 04:17:46.335678
CMP-10139,C844,TX30154,"Shop owner said money didn't arrive, but SMS shows 3009 deducted.",TRANSACTION_DISPUTE,RESOLVED,2026-09-27 01:51:26.335678
CMP-10140,C2462,,System gave unknown error during payment of 8313 taka.,FAILED_PAYMENT,NEW,2026-09-28 02:25:01.335678
CMP-10141,C440,TX22825,"Shop owner said money didn't arrive, but SMS shows 53 deducted.",TRANSACTION_DISPUTE,RESOLVED,2026-09-20 21:40:55.335678
CMP-10142,C509,,"Shop owner said money didn't arrive, but SMS shows 1553 deducted.",TRANSACTION_DISPUTE,RESOLVED,2026-09-28 02:32:44.335678
CMP-10143,C653,TX25596,Taka kete niyeche kintu dokandari pay ni. Amount was 46 tk at merchant M49.,TRANSACTION_DISPUTE,INVESTIGATING,2026-09-26 16:29:52.335678
CMP-10144,C1753,,"Transaction was rejected stating insufficient balance, please check my account statement.",ACCOUNT_ISSUE,RESOLVED,2026-10-01 20:27:01.335678
CMP-10145,C1024,TX21845,"Payment of 2677 failed yesterday, message said reversal in 2 hours but still not refunded.",REFUND,NEW,2026-09-22 00:30:13.335678
CMP-10146,C2162,,"Network timeout during processing, app closed abruptly.",FAILED_PAYMENT,NEW,2026-09-29 02:01:42.335678
CMP-10147,C1741,TX29201,"Status sync issue: money deducted, merchant received, app showing waiting for confirmation.",TRANSACTION_DISPUTE,INVESTIGATING,2026-09-23 16:36:20.335678
CMP-10148,C1783,,"I scanned QR at merchant M15 and 454 taka was cut, but POS machine showed failed.",TRANSACTION_DISPUTE,RESOLVED,2026-09-23 21:15:47.335678
CMP-10149,C1457,TX27842,System gave unknown error during payment of 202 taka.,FAILED_PAYMENT,INVESTIGATING,2026-09-26 10:43:04.335678
CMP-10150,C1548,TX25691,"Merchant says payment succeeded and gave goods, but my app shows status 'PENDING'.",TRANSACTION_DISPUTE,RESOLVED,2026-10-01 21:05:04.335678
CMP-10151,C1886,TX23824,"Transaction failed at payment gateway, money deducted from wallet, no reversal received yet.",REFUND,INVESTIGATING,2026-09-27 23:31:46.335678
CMP-10152,C220,,"Status sync issue: money deducted, merchant received, app showing waiting for confirmation.",TRANSACTION_DISPUTE,INVESTIGATING,2026-09-24 09:00:00.335678
CMP-10153,C1457,TX27640,"I only made one payment of 4681 taka, but money was deducted TWICE from my account!",DUPLICATE_PAYMENT,NEW,2026-09-20 23:24:05.335678
CMP-10154,C2263,TX26841,"Shop owner said money didn't arrive, but SMS shows 5058 deducted.",TRANSACTION_DISPUTE,INVESTIGATING,2026-09-21 22:58:31.335678
CMP-10155,C549,TX24168,Amar 2907 taka refund hoy nai. Payment failed hoise kintu taka ferot ashe nai.,REFUND,INVESTIGATING,2026-10-03 19:16:33.335678
CMP-10156,C1754,TX20939,Duplicate charge: two debits of 8412 tk within seconds for the same purchase.,DUPLICATE_PAYMENT,INVESTIGATING,2026-10-01 10:28:39.335678
CMP-10157,C202,TX30334,"Customer care promised reversal for 12225 tk within 24 hours, still no refund.",REFUND,INVESTIGATING,2026-10-03 06:02:46.335678
CMP-10158,C1057,TX32276,"Suspicious transaction alert triggered on my account, need urgent review.",ACCOUNT_ISSUE,NEW,2026-09-23 12:51:28.335678
CMP-10159,C1130,,"Internet connection dropped during PIN entry, don't know if money sent.",FAILED_PAYMENT,INVESTIGATING,2026-09-25 13:38:06.335678
CMP-10160,C1699,TX22738,System gave unknown error during payment of 2663 taka.,FAILED_PAYMENT,NEW,2026-10-02 06:29:23.335678
CMP-10161,C246,TX27082,"Transaction was rejected stating insufficient balance, please check my account statement.",ACCOUNT_ISSUE,RESOLVED,2026-09-28 06:40:14.335678
CMP-10162,C864,TX26024,Amar 12826 taka refund hoy nai. Payment failed hoise kintu taka ferot ashe nai.,REFUND,RESOLVED,2026-09-29 02:11:46.335678
CMP-10163,C1117,TX24450,"I scanned QR at merchant M96 and 498 taka was cut, but POS machine showed failed.",TRANSACTION_DISPUTE,RESOLVED,2026-09-23 18:30:05.335678
CMP-10164,C2400,TX32176,"Network timeout during processing, app closed abruptly.",FAILED_PAYMENT,RESOLVED,2026-09-22 01:14:49.335678
CMP-10165,C184,TX34468,"Failed transaction of 3223 tk on 07:36, reversal missing from my statement.",REFUND,NEW,2026-09-29 08:49:10.335678
CMP-10166,C1822,TX27377,"Payment failed with weird error code ERR_999, what happened to my 7286 taka?",FAILED_PAYMENT,RESOLVED,2026-09-23 00:52:42.335678
CMP-10167,C1428,TX33469,"Internet connection dropped during PIN entry, don't know if money sent.",FAILED_PAYMENT,RESOLVED,2026-09-24 12:46:35.335678
CMP-10168,C486,TX30245,"Shop owner said money didn't arrive, but SMS shows 3286 deducted.",TRANSACTION_DISPUTE,INVESTIGATING,2026-10-01 19:07:20.335678
CMP-10169,C352,,Why is my transaction still showing pending after 3 hours? Amount 942 taka.,TRANSACTION_DISPUTE,NEW,2026-09-24 23:04:20.335678
CMP-10170,C1417,,"Status sync issue: money deducted, merchant received, app showing waiting for confirmation.",TRANSACTION_DISPUTE,RESOLVED,2026-09-24 17:21:55.335678
CMP-10171,C315,,"Failed transaction of 103 tk on 11:35, reversal missing from my statement.",REFUND,RESOLVED,2026-09-26 13:30:42.335678
CMP-10172,C715,TX34674,"I scanned QR at merchant M115 and 1012 taka was cut, but POS machine showed failed.",TRANSACTION_DISPUTE,NEW,2026-09-25 09:27:32.335678
CMP-10173,C1427,TX31617,"Transaction crashed with unknown server error, please investigate.",FAILED_PAYMENT,RESOLVED,2026-10-02 20:49:49.335678
CMP-10174,C2285,,Taka kete niyeche kintu dokandari pay ni. Amount was 103 tk at merchant M176.,TRANSACTION_DISPUTE,INVESTIGATING,2026-09-28 00:45:19.335678
CMP-10175,C377,,"Merchant says payment succeeded and gave goods, but my app shows status 'PENDING'.",TRANSACTION_DISPUTE,RESOLVED,2026-10-03 20:14:20.335678
CMP-10176,C1048,TX23383,Why did my payment get cancelled for balance check error?,ACCOUNT_ISSUE,RESOLVED,2026-09-20 02:12:44.335678
CMP-10177,C1897,TX27167,"Suspicious transaction alert triggered on my account, need urgent review.",ACCOUNT_ISSUE,NEW,2026-09-29 02:06:37.335678
CMP-10178,C2302,TX21422,Got security warning after attempting multiple payments of 120000 taka.,ACCOUNT_ISSUE,RESOLVED,2026-09-25 23:27:31.335678
CMP-10179,C1043,TX20489,"I only made one payment of 1566 taka, but money was deducted TWICE from my account!",DUPLICATE_PAYMENT,INVESTIGATING,2026-10-01 15:21:42.335678
CMP-10180,C1198,,"Transaction was rejected stating insufficient balance, please check my account statement.",ACCOUNT_ISSUE,INVESTIGATING,2026-09-21 18:16:18.335678
CMP-10181,C515,TX23726,"Transaction was rejected stating insufficient balance, please check my account statement.",ACCOUNT_ISSUE,RESOLVED,2026-09-25 07:21:35.335678
CMP-10182,C2160,,"Shop owner said money didn't arrive, but SMS shows 1634 deducted.",TRANSACTION_DISPUTE,RESOLVED,2026-09-26 06:44:57.335678
CMP-10183,C2269,TX22910,"Customer care promised reversal for 95 tk within 24 hours, still no refund.",REFUND,INVESTIGATING,2026-09-23 12:18:43.335678
CMP-10184,C2140,,Duplicate charge: two debits of 461 tk within seconds for the same purchase.,DUPLICATE_PAYMENT,INVESTIGATING,2026-09-29 07:36:01.335678
CMP-10185,C1974,TX20179,"I only made one payment of 940 taka, but money was deducted TWICE from my account!",DUPLICATE_PAYMENT,INVESTIGATING,2026-09-20 23:41:38.335678
CMP-10186,C373,TX27312,App shows pending for 915 BDT even though merchant got confirmation SMS.,TRANSACTION_DISPUTE,RESOLVED,2026-09-22 12:17:25.335678
CMP-10187,C1974,TX20179,Dui bar taka keteche! Paid once but charged twice 940 tk at merchant M19.,DUPLICATE_PAYMENT,RESOLVED,2026-09-20 23:38:38.335678
CMP-10188,C527,TX30340,Why did my payment get cancelled for balance check error?,ACCOUNT_ISSUE,INVESTIGATING,2026-09-30 23:10:11.335678
CMP-10189,C2081,TX34564,"Transaction failed at payment gateway, money deducted from wallet, no reversal received yet.",REFUND,RESOLVED,2026-09-20 23:36:26.335678
CMP-10190,C713,TX29332,Amar 11846 taka refund hoy nai. Payment failed hoise kintu taka ferot ashe nai.,REFUND,RESOLVED,2026-09-29 04:46:21.335678
CMP-10191,C360,,"Shop owner said money didn't arrive, but SMS shows 5045 deducted.",TRANSACTION_DISPUTE,INVESTIGATING,2026-09-28 00:26:21.335678
CMP-10192,C547,,Dui bar taka keteche! Paid once but charged twice 185 tk at merchant M161.,DUPLICATE_PAYMENT,NEW,2026-10-03 17:21:15.335678
CMP-10193,C1312,TX33930,"Merchant says payment succeeded and gave goods, but my app shows status 'PENDING'.",TRANSACTION_DISPUTE,RESOLVED,2026-09-21 19:34:29.335678
CMP-10194,C2274,TX28662,"Suspicious transaction alert triggered on my account, need urgent review.",ACCOUNT_ISSUE,INVESTIGATING,2026-09-21 23:33:41.335678
CMP-10195,C1780,TX28274,"Tried to pay 90 taka, said balance low, but I think I have enough funds.",ACCOUNT_ISSUE,INVESTIGATING,2026-09-29 20:08:15.335678
CMP-10196,C2172,,App timed out showing network error while paying 12686 taka.,FAILED_PAYMENT,RESOLVED,2026-09-25 23:26:54.335678
CMP-10197,C1398,TX24593,Why is my transaction still showing pending after 3 hours? Amount 102 taka.,TRANSACTION_DISPUTE,NEW,2026-09-30 15:49:00.335678
CMP-10198,C1009,,"Payment failed with weird error code ERR_999, what happened to my 3239 taka?",FAILED_PAYMENT,INVESTIGATING,2026-09-27 02:39:24.335678
CMP-10199,C1831,,"Payment of 49 failed yesterday, message said reversal in 2 hours but still not refunded.",REFUND,RESOLVED,2026-09-22 02:15:54.335678
CMP-10200,C2478,,Double deduction happened for my merchant bill payment of 3055 taka.,DUPLICATE_PAYMENT,RESOLVED,2026-09-24 08:55:45.335678
CMP-10201,C864,,"Status sync issue: money deducted, merchant received, app showing waiting for confirmation.",TRANSACTION_DISPUTE,INVESTIGATING,2026-09-23 00:04:10.335678
CMP-10202,C802,TX33576,"Failed transaction of 2486 tk on 19:43, reversal missing from my statement.",REFUND,NEW,2026-09-27 21:40:41.335678
CMP-10203,C821,,Got security warning after attempting multiple payments of 100000 taka.,ACCOUNT_ISSUE,RESOLVED,2026-09-26 22:29:49.335678
CMP-10204,C2070,TX26145,"I scanned QR at merchant M166 and 2489 taka was cut, but POS machine showed failed.",TRANSACTION_DISPUTE,RESOLVED,2026-09-29 11:18:50.335678
CMP-10205,C1648,,"Internet connection dropped during PIN entry, don't know if money sent.",FAILED_PAYMENT,NEW,2026-09-28 10:49:02.335678
CMP-10206,C313,TX26560,App shows pending for 10810 BDT even though merchant got confirmation SMS.,TRANSACTION_DISPUTE,NEW,2026-09-25 23:58:30.335678
CMP-10207,C2182,TX22198,Why did my payment get cancelled for balance check error?,ACCOUNT_ISSUE,INVESTIGATING,2026-09-27 02:09:20.335678
CMP-10208,C1772,,"Merchant says payment succeeded and gave goods, but my app shows status 'PENDING'.",TRANSACTION_DISPUTE,INVESTIGATING,2026-09-20 05:15:42.335678
CMP-10209,C183,TX30574,Why is my transaction still showing pending after 3 hours? Amount 181 taka.,TRANSACTION_DISPUTE,INVESTIGATING,2026-09-20 06:01:57.335678
CMP-10210,C1948,TX29594,Amar 7270 taka refund hoy nai. Payment failed hoise kintu taka ferot ashe nai.,REFUND,INVESTIGATING,2026-10-03 08:21:22.335678
CMP-10211,C1037,,Taka kete niyeche kintu dokandari pay ni. Amount was 93 tk at merchant M165.,TRANSACTION_DISPUTE,INVESTIGATING,2026-10-03 07:38:41.335678
CMP-10212,C1075,TX20344,"Paid 3276 taka at merchant around 18:04, merchant claims no payment received.",TRANSACTION_DISPUTE,RESOLVED,2026-09-26 19:35:31.335678
CMP-10213,C2197,,Amar 497 taka refund hoy nai. Payment failed hoise kintu taka ferot ashe nai.,REFUND,INVESTIGATING,2026-09-23 22:16:48.335678
CMP-10214,C718,TX25427,Double deduction happened for my merchant bill payment of 1570 taka.,DUPLICATE_PAYMENT,INVESTIGATING,2026-09-29 06:37:16.335678
CMP-10215,C2440,,Amar 990 taka refund hoy nai. Payment failed hoise kintu taka ferot ashe nai.,REFUND,RESOLVED,2026-09-25 04:36:55.335678
CMP-10216,C1241,,System gave unknown error during payment of 1001 taka.,FAILED_PAYMENT,RESOLVED,2026-09-30 22:36:15.335678
CMP-10217,C250,TX25399,App shows pending for 191 BDT even though merchant got confirmation SMS.,TRANSACTION_DISPUTE,RESOLVED,2026-10-02 16:27:57.335678
CMP-10218,C1754,TX31825,Dui bar taka keteche! Paid once but charged twice 180 tk at merchant M11.,DUPLICATE_PAYMENT,NEW,2026-09-27 21:07:30.335678
CMP-10219,C1382,,Money has been deducted from my account (7275 BDT) but the shopkeeper didn't receive it.,TRANSACTION_DISPUTE,NEW,2026-10-01 01:04:42.335678
CMP-10220,C770,TX22182,"Transaction failed at payment gateway, money deducted from wallet, no reversal received yet.",REFUND,RESOLVED,2026-09-29 23:25:41.335678
CMP-10221,C1591,TX25717,"Payment failed with weird error code ERR_999, what happened to my 960 taka?",FAILED_PAYMENT,RESOLVED,2026-10-03 07:58:40.335678
CMP-10222,C1654,TX21180,Duplicate charge: two debits of 216 tk within seconds for the same purchase.,DUPLICATE_PAYMENT,INVESTIGATING,2026-10-01 04:59:19.335678
CMP-10223,C996,,"Payment of 11367 failed yesterday, message said reversal in 2 hours but still not refunded.",REFUND,NEW,2026-10-02 12:47:35.335678
CMP-10224,C622,TX30650,"Payment of 201 failed yesterday, message said reversal in 2 hours but still not refunded.",REFUND,INVESTIGATING,2026-09-28 07:33:42.335678
CMP-10225,C395,TX28527,Double deduction happened for my merchant bill payment of 5392 taka.,DUPLICATE_PAYMENT,INVESTIGATING,2026-10-02 06:52:14.335678
CMP-10226,C2157,,Dui bar taka keteche! Paid once but charged twice 3062 tk at merchant M25.,DUPLICATE_PAYMENT,INVESTIGATING,2026-09-27 02:05:44.335678
CMP-10227,C1715,TX28745,"Shop owner said money didn't arrive, but SMS shows 1603 deducted.",TRANSACTION_DISPUTE,RESOLVED,2026-09-20 08:12:12.335678
CMP-10228,C406,TX27696,Connection lost during payment of 1492 tk to merchant M92.,FAILED_PAYMENT,RESOLVED,2026-09-22 22:59:25.335678
CMP-10229,C1785,TX34925,"Transaction failed at payment gateway, money deducted from wallet, no reversal received yet.",REFUND,RESOLVED,2026-09-24 19:55:28.335678
CMP-10230,C464,,Why is my transaction still showing pending after 3 hours? Amount 482 taka.,TRANSACTION_DISPUTE,NEW,2026-09-30 07:28:16.335678
CMP-10231,C160,TX22579,"Tried to pay 544 taka, said balance low, but I think I have enough funds.",ACCOUNT_ISSUE,RESOLVED,2026-09-24 06:37:23.335678
CMP-10232,C615,TX26768,Taka kete niyeche kintu dokandari pay ni. Amount was 47 tk at merchant M106.,TRANSACTION_DISPUTE,RESOLVED,2026-09-29 15:00:46.335678
CMP-10233,C610,,Double deduction happened for my merchant bill payment of 200 taka.,DUPLICATE_PAYMENT,INVESTIGATING,2026-10-02 12:13:46.335678
CMP-10234,C752,,"Shop owner said money didn't arrive, but SMS shows 108 deducted.",TRANSACTION_DISPUTE,INVESTIGATING,2026-09-29 00:17:45.335678
CMP-10235,C1902,TX30066,"Transaction failed at payment gateway, money deducted from wallet, no reversal received yet.",REFUND,INVESTIGATING,2026-09-20 18:35:12.335678
CMP-10236,C368,TX20464,Taka kete niyeche kintu dokandari pay ni. Amount was 12310 tk at merchant M63.,TRANSACTION_DISPUTE,NEW,2026-09-30 06:18:06.335678
CMP-10237,C1265,TX29506,Dui bar taka keteche! Paid once but charged twice 8179 tk at merchant M81.,DUPLICATE_PAYMENT,RESOLVED,2026-09-29 06:18:49.335678
CMP-10238,C294,TX29800,App timed out showing network error while paying 210 taka.,FAILED_PAYMENT,NEW,2026-10-02 10:21:11.335678
CMP-10239,C2004,TX26940,Got security warning after attempting multiple payments of 120000 taka.,ACCOUNT_ISSUE,NEW,2026-09-23 07:36:18.335678
CMP-10240,C216,TX21500,"Transaction was rejected stating insufficient balance, please check my account statement.",ACCOUNT_ISSUE,RESOLVED,2026-09-28 17:11:30.335678
CMP-10241,C2391,TX28961,"Payment failed with weird error code ERR_999, what happened to my 513 taka?",FAILED_PAYMENT,INVESTIGATING,2026-09-20 18:04:45.335678
CMP-10242,C540,TX33373,"Paid 8105 taka at merchant around 01:36, merchant claims no payment received.",TRANSACTION_DISPUTE,NEW,2026-09-22 02:39:59.335678
CMP-10243,C1190,,Money has been deducted from my account (212 BDT) but the shopkeeper didn't receive it.,TRANSACTION_DISPUTE,NEW,2026-09-21 16:59:15.335678
CMP-10244,C1887,TX28846,"I scanned QR at merchant M130 and 200 taka was cut, but POS machine showed failed.",TRANSACTION_DISPUTE,NEW,2026-09-22 13:43:50.335678
CMP-10245,C1538,TX32559,Connection lost during payment of 49 tk to merchant M12.,FAILED_PAYMENT,NEW,2026-09-29 07:51:06.335678
CMP-10246,C1858,TX29368,"Network timeout during processing, app closed abruptly.",FAILED_PAYMENT,INVESTIGATING,2026-09-23 07:11:48.335678
CMP-10247,C1390,TX28463,"Customer care promised reversal for 1539 tk within 24 hours, still no refund.",REFUND,INVESTIGATING,2026-09-23 19:27:55.335678
CMP-10248,C889,TX29389,App shows pending for 2345 BDT even though merchant got confirmation SMS.,TRANSACTION_DISPUTE,NEW,2026-10-01 20:00:44.335678
CMP-10249,C1264,TX22308,Connection lost during payment of 915 tk to merchant M113.,FAILED_PAYMENT,NEW,2026-09-24 16:20:40.335678
CMP-10250,C550,TX32443,"Transaction was rejected stating insufficient balance, please check my account statement.",ACCOUNT_ISSUE,RESOLVED,2026-09-21 06:03:40.335678
CMP-10251,C1502,TX33909,"Paid 2723 taka at merchant around 16:08, merchant claims no payment received.",TRANSACTION_DISPUTE,INVESTIGATING,2026-10-01 16:30:04.335678
CMP-10252,C1316,TX34891,"Paid 492 taka at merchant around 12:59, merchant claims no payment received.",TRANSACTION_DISPUTE,NEW,2026-09-20 13:04:39.335678
CMP-10253,C1325,,"Paid 466 taka at merchant around 13:41, merchant claims no payment received.",TRANSACTION_DISPUTE,RESOLVED,2026-09-21 14:47:59.335678
CMP-10254,C823,TX27629,"Customer care promised reversal for 1051 tk within 24 hours, still no refund.",REFUND,RESOLVED,2026-10-03 14:01:22.335678
CMP-10255,C1678,TX30109,Duplicate charge: two debits of 911 tk within seconds for the same purchase.,DUPLICATE_PAYMENT,RESOLVED,2026-09-20 05:15:59.335678
CMP-10256,C2113,TX23558,"Merchant says payment succeeded and gave goods, but my app shows status 'PENDING'.",TRANSACTION_DISPUTE,NEW,2026-10-03 01:44:49.335678
CMP-10257,C801,TX28250,"Shop owner said money didn't arrive, but SMS shows 204 deducted.",TRANSACTION_DISPUTE,NEW,2026-10-02 23:31:27.335678
CMP-10258,C116,TX31421,App shows pending for 11734 BDT even though merchant got confirmation SMS.,TRANSACTION_DISPUTE,RESOLVED,2026-09-22 14:13:36.335678
CMP-10259,C260,,Double deduction happened for my merchant bill payment of 8421 taka.,DUPLICATE_PAYMENT,INVESTIGATING,2026-10-03 03:12:20.335678
CMP-10260,C1658,,"Status sync issue: money deducted, merchant received, app showing waiting for confirmation.",TRANSACTION_DISPUTE,RESOLVED,2026-10-03 06:27:36.335678
CMP-10261,C868,,"I scanned QR at merchant M173 and 8651 taka was cut, but POS machine showed failed.",TRANSACTION_DISPUTE,NEW,2026-09-22 00:08:15.335678
CMP-10262,C778,,"Status sync issue: money deducted, merchant received, app showing waiting for confirmation.",TRANSACTION_DISPUTE,RESOLVED,2026-10-02 00:02:13.335678
CMP-10263,C1057,,Connection lost during payment of 5424 tk to merchant M113.,FAILED_PAYMENT,RESOLVED,2026-09-28 22:07:27.335678
CMP-10264,C2136,,Taka kete niyeche kintu dokandari pay ni. Amount was 2549 tk at merchant M29.,TRANSACTION_DISPUTE,RESOLVED,2026-09-21 15:27:27.335678
CMP-10265,C346,,"Merchant says payment succeeded and gave goods, but my app shows status 'PENDING'.",TRANSACTION_DISPUTE,RESOLVED,2026-09-30 04:56:24.335678
CMP-10266,C1559,,Connection lost during payment of 2524 tk to merchant M185.,FAILED_PAYMENT,RESOLVED,2026-09-30 08:36:59.335678
CMP-10267,C118,,"Merchant says payment succeeded and gave goods, but my app shows status 'PENDING'.",TRANSACTION_DISPUTE,INVESTIGATING,2026-10-02 23:33:41.335678
CMP-10268,C1268,TX20728,"Status sync issue: money deducted, merchant received, app showing waiting for confirmation.",TRANSACTION_DISPUTE,RESOLVED,2026-09-23 22:59:10.335678
CMP-10269,C2246,,Taka kete niyeche kintu dokandari pay ni. Amount was 5460 tk at merchant M123.,TRANSACTION_DISPUTE,NEW,2026-09-23 07:09:44.335678
CMP-10270,C1556,,Got security warning after attempting multiple payments of 100000 taka.,ACCOUNT_ISSUE,NEW,2026-09-29 04:47:08.335678
CMP-10271,C1754,,"I only made one payment of 8412 taka, but money was deducted TWICE from my account!",DUPLICATE_PAYMENT,INVESTIGATING,2026-10-01 10:19:39.335678
CMP-10272,C2322,TX33831,"Merchant says payment succeeded and gave goods, but my app shows status 'PENDING'.",TRANSACTION_DISPUTE,RESOLVED,2026-09-28 23:20:06.335678
CMP-10273,C1558,,Why did my payment get cancelled for balance check error?,ACCOUNT_ISSUE,INVESTIGATING,2026-09-25 02:49:05.335678
CMP-10274,C2197,TX29853,"Internet connection dropped during PIN entry, don't know if money sent.",FAILED_PAYMENT,NEW,2026-09-22 02:57:00.335678
CMP-10275,C942,TX32035,"Status sync issue: money deducted, merchant received, app showing waiting for confirmation.",TRANSACTION_DISPUTE,RESOLVED,2026-09-21 23:07:24.335678
CMP-10276,C1171,,Duplicate charge: two debits of 92 tk within seconds for the same purchase.,DUPLICATE_PAYMENT,RESOLVED,2026-09-25 09:11:00.335678
CMP-10277,C1677,TX25671,Why did my payment get cancelled for balance check error?,ACCOUNT_ISSUE,INVESTIGATING,2026-09-20 07:29:49.335678
CMP-10278,C1431,TX32732,Dui bar taka keteche! Paid once but charged twice 50 tk at merchant M127.,DUPLICATE_PAYMENT,INVESTIGATING,2026-10-01 14:24:31.335678
CMP-10279,C542,TX26538,"Customer care promised reversal for 1597 tk within 24 hours, still no refund.",REFUND,NEW,2026-09-29 17:10:57.335678
CMP-10280,C1057,TX23706,Amar 3160 taka refund hoy nai. Payment failed hoise kintu taka ferot ashe nai.,REFUND,RESOLVED,2026-09-27 21:51:49.335678
CMP-10281,C1329,TX22404,"Failed transaction of 4524 tk on 12:33, reversal missing from my statement.",REFUND,RESOLVED,2026-09-26 14:32:16.335678
CMP-10282,C1115,TX22227,"Transaction failed at payment gateway, money deducted from wallet, no reversal received yet.",REFUND,NEW,2026-09-25 09:26:38.335678
CMP-10283,C2155,TX29708,"Internet connection dropped during PIN entry, don't know if money sent.",FAILED_PAYMENT,INVESTIGATING,2026-09-24 13:01:14.335678
CMP-10284,C335,,"I scanned QR at merchant M161 and 46 taka was cut, but POS machine showed failed.",TRANSACTION_DISPUTE,INVESTIGATING,2026-09-20 13:06:04.335678
CMP-10285,C2232,TX28303,"Transaction failed at payment gateway, money deducted from wallet, no reversal received yet.",REFUND,NEW,2026-10-01 11:52:24.335678
CMP-10286,C2232,,"I scanned QR at merchant M83 and 1431 taka was cut, but POS machine showed failed.",TRANSACTION_DISPUTE,RESOLVED,2026-09-27 18:52:28.335678
CMP-10287,C1955,TX26343,"Payment failed with weird error code ERR_999, what happened to my 51 taka?",FAILED_PAYMENT,NEW,2026-09-30 08:05:16.335678
CMP-10288,C1114,TX24205,"My account is blocked after repeated transaction attempts, please unblock immediately.",ACCOUNT_ISSUE,RESOLVED,2026-09-23 19:10:45.335678
CMP-10289,C859,TX29426,Duplicate charge: two debits of 1598 tk within seconds for the same purchase.,DUPLICATE_PAYMENT,INVESTIGATING,2026-10-02 01:37:08.335678
CMP-10290,C1366,TX21743,Double deduction happened for my merchant bill payment of 1413 taka.,DUPLICATE_PAYMENT,INVESTIGATING,2026-09-23 15:10:05.335678
CMP-10291,C2438,TX34452,"Paid 974 taka at merchant around 05:27, merchant claims no payment received.",TRANSACTION_DISPUTE,NEW,2026-09-22 06:39:13.335678
CMP-10292,C1517,TX32631,"I only made one payment of 11777 taka, but money was deducted TWICE from my account!",DUPLICATE_PAYMENT,INVESTIGATING,2026-10-03 08:06:10.335678
CMP-10293,C219,,App shows pending for 51 BDT even though merchant got confirmation SMS.,TRANSACTION_DISPUTE,INVESTIGATING,2026-09-22 10:15:00.335678
CMP-10294,C2302,TX22972,Why did my payment get cancelled for balance check error?,ACCOUNT_ISSUE,NEW,2026-09-25 21:01:44.335678
CMP-10295,C894,TX34302,"I scanned QR at merchant M39 and 1095 taka was cut, but POS machine showed failed.",TRANSACTION_DISPUTE,NEW,2026-09-23 18:03:01.335678
CMP-10296,C1637,,"I scanned QR at merchant M91 and 1607 taka was cut, but POS machine showed failed.",TRANSACTION_DISPUTE,RESOLVED,2026-10-02 16:44:22.335678
CMP-10297,C180,,Amar 7958 taka refund hoy nai. Payment failed hoise kintu taka ferot ashe nai.,REFUND,NEW,2026-09-20 10:54:42.335678
CMP-10298,C926,TX32685,Why did my payment get cancelled for balance check error?,ACCOUNT_ISSUE,RESOLVED,2026-09-21 00:22:51.335678
CMP-10299,C740,,Taka kete niyeche kintu dokandari pay ni. Amount was 475 tk at merchant M14.,TRANSACTION_DISPUTE,NEW,2026-09-25 22:27:18.335678
CMP-10300,C382,TX24763,"Shop owner said money didn't arrive, but SMS shows 2598 deducted.",TRANSACTION_DISPUTE,INVESTIGATING,2026-09-28 02:33:45.335678
CMP-10301,C294,TX33552,Why is my transaction still showing pending after 3 hours? Amount 105 taka.,TRANSACTION_DISPUTE,INVESTIGATING,2026-09-26 03:17:39.335678
CMP-10302,C1618,TX22935,"Network timeout during processing, app closed abruptly.",FAILED_PAYMENT,NEW,2026-09-20 01:51:20.335678
CMP-10303,C976,TX34589,Taka kete niyeche kintu dokandari pay ni. Amount was 2656 tk at merchant M90.,TRANSACTION_DISPUTE,RESOLVED,2026-09-20 00:34:20.335678
CMP-10304,C1789,TX29491,"Customer care promised reversal for 971 tk within 24 hours, still no refund.",REFUND,NEW,2026-09-20 04:26:52.335678
CMP-10305,C1886,TX33870,Duplicate charge: two debits of 53 tk within seconds for the same purchase.,DUPLICATE_PAYMENT,NEW,2026-09-26 10:15:40.335678
CMP-10306,C1490,,Dui bar taka keteche! Paid once but charged twice 3197 tk at merchant M121.,DUPLICATE_PAYMENT,NEW,2026-09-23 09:12:21.335678
CMP-10307,C449,,Money has been deducted from my account (1564 BDT) but the shopkeeper didn't receive it.,TRANSACTION_DISPUTE,INVESTIGATING,2026-09-28 18:32:19.335678
CMP-10308,C971,,"I only made one payment of 12253 taka, but money was deducted TWICE from my account!",DUPLICATE_PAYMENT,INVESTIGATING,2026-09-20 17:56:22.335678
CMP-10309,C2389,TX28558,"Paid 1381 taka at merchant around 23:14, merchant claims no payment received.",TRANSACTION_DISPUTE,INVESTIGATING,2026-09-28 01:01:39.335678
CMP-10310,C2064,,"Shop owner said money didn't arrive, but SMS shows 919 deducted.",TRANSACTION_DISPUTE,RESOLVED,2026-10-01 22:24:53.335678
CMP-10311,C188,TX34810,Connection lost during payment of 2557 tk to merchant M38.,FAILED_PAYMENT,NEW,2026-10-02 21:45:03.335678
CMP-10312,C582,TX20422,Taka kete niyeche kintu dokandari pay ni. Amount was 105 tk at merchant M82.,TRANSACTION_DISPUTE,NEW,2026-09-24 19:44:07.335678
CMP-10313,C1219,TX28264,"Tried to pay 7782 taka, said balance low, but I think I have enough funds.",ACCOUNT_ISSUE,RESOLVED,2026-09-29 12:15:32.335678
CMP-10314,C964,TX26985,"Failed transaction of 13100 tk on 00:42, reversal missing from my statement.",REFUND,NEW,2026-09-22 00:52:39.335678
CMP-10315,C1191,TX32477,Why is my transaction still showing pending after 3 hours? Amount 11430 taka.,TRANSACTION_DISPUTE,RESOLVED,2026-09-20 10:38:52.335678
CMP-10316,C2128,TX25496,"Status sync issue: money deducted, merchant received, app showing waiting for confirmation.",TRANSACTION_DISPUTE,NEW,2026-09-21 19:59:14.335678
CMP-10317,C2084,TX25838,"Merchant says payment succeeded and gave goods, but my app shows status 'PENDING'.",TRANSACTION_DISPUTE,NEW,2026-09-26 10:21:07.335678
CMP-10318,C1069,TX33933,"Internet connection dropped during PIN entry, don't know if money sent.",FAILED_PAYMENT,NEW,2026-10-03 06:15:49.335678
CMP-10319,C1955,TX24985,Money has been deducted from my account (49 BDT) but the shopkeeper didn't receive it.,TRANSACTION_DISPUTE,RESOLVED,2026-09-22 12:44:24.335678
CMP-10320,C862,TX34659,Got security warning after attempting multiple payments of 60000 taka.,ACCOUNT_ISSUE,RESOLVED,2026-09-21 08:43:52.335678
CMP-10321,C849,TX26774,"My account is blocked after repeated transaction attempts, please unblock immediately.",ACCOUNT_ISSUE,RESOLVED,2026-10-03 08:14:25.335678
CMP-10322,C2148,TX24649,"Failed transaction of 11144 tk on 21:33, reversal missing from my statement.",REFUND,NEW,2026-09-26 21:51:34.335678
CMP-10323,C2275,,Double deduction happened for my merchant bill payment of 1087 taka.,DUPLICATE_PAYMENT,INVESTIGATING,2026-09-24 05:17:35.335678
CMP-10324,C1914,,"Transaction failed at payment gateway, money deducted from wallet, no reversal received yet.",REFUND,RESOLVED,2026-10-03 09:35:49.335678
CMP-10325,C2207,,"Transaction failed at payment gateway, money deducted from wallet, no reversal received yet.",REFUND,RESOLVED,2026-09-26 03:11:48.335678
CMP-10326,C2469,TX26472,Why did my payment get cancelled for balance check error?,ACCOUNT_ISSUE,RESOLVED,2026-09-30 10:51:17.335678
CMP-10327,C669,TX33980,"Internet connection dropped during PIN entry, don't know if money sent.",FAILED_PAYMENT,NEW,2026-09-26 01:07:19.335678
CMP-10328,C1238,TX22794,Connection lost during payment of 54 tk to merchant M19.,FAILED_PAYMENT,INVESTIGATING,2026-09-23 04:23:55.335678
CMP-10329,C1683,TX33752,"Merchant says payment succeeded and gave goods, but my app shows status 'PENDING'.",TRANSACTION_DISPUTE,RESOLVED,2026-09-21 00:48:25.335678
CMP-10330,C1004,,"Network timeout during processing, app closed abruptly.",FAILED_PAYMENT,RESOLVED,2026-09-24 07:03:58.335678
CMP-10331,C2490,,Why is my transaction still showing pending after 3 hours? Amount 207 taka.,TRANSACTION_DISPUTE,RESOLVED,2026-09-29 13:53:09.335678
CMP-10332,C2118,TX25529,Amar 182 taka refund hoy nai. Payment failed hoise kintu taka ferot ashe nai.,REFUND,NEW,2026-09-30 01:17:07.335678
CMP-10333,C561,,Duplicate charge: two debits of 11438 tk within seconds for the same purchase.,DUPLICATE_PAYMENT,RESOLVED,2026-09-20 04:52:30.335678
CMP-10334,C1240,TX21099,"My account is blocked after repeated transaction attempts, please unblock immediately.",ACCOUNT_ISSUE,NEW,2026-09-29 07:50:15.335678
CMP-10335,C723,TX23013,"Payment of 194 failed yesterday, message said reversal in 2 hours but still not refunded.",REFUND,NEW,2026-09-29 17:40:43.335678
CMP-10336,C2000,TX31173,"Shop owner said money didn't arrive, but SMS shows 181 deducted.",TRANSACTION_DISPUTE,INVESTIGATING,2026-09-22 16:42:00.335678
CMP-10337,C773,TX25161,"I only made one payment of 1038 taka, but money was deducted TWICE from my account!",DUPLICATE_PAYMENT,INVESTIGATING,2026-10-01 06:16:43.335678
CMP-10338,C2087,TX34378,"Suspicious transaction alert triggered on my account, need urgent review.",ACCOUNT_ISSUE,RESOLVED,2026-09-30 10:10:41.335678
CMP-10339,C724,TX27762,Got security warning after attempting multiple payments of 100000 taka.,ACCOUNT_ISSUE,NEW,2026-09-20 23:44:34.335678
CMP-10340,C1567,,"Transaction failed at payment gateway, money deducted from wallet, no reversal received yet.",REFUND,NEW,2026-09-22 07:15:38.335678
CMP-10341,C1611,TX26528,"I only made one payment of 1647 taka, but money was deducted TWICE from my account!",DUPLICATE_PAYMENT,INVESTIGATING,2026-09-27 13:04:03.335678
CMP-10342,C165,TX26209,"Paid 908 taka at merchant around 11:06, merchant claims no payment received.",TRANSACTION_DISPUTE,INVESTIGATING,2026-09-30 12:53:11.335678
CMP-10343,C2301,TX22750,System gave unknown error during payment of 109 taka.,FAILED_PAYMENT,RESOLVED,2026-09-21 12:32:04.335678
CMP-10344,C1968,,"Paid 208 taka at merchant around 14:29, merchant claims no payment received.",TRANSACTION_DISPUTE,NEW,2026-09-29 14:48:07.335678
CMP-10345,C1369,TX28256,Double deduction happened for my merchant bill payment of 2943 taka.,DUPLICATE_PAYMENT,RESOLVED,2026-10-01 12:05:13.335678
CMP-10346,C776,TX27460,"Customer care promised reversal for 12199 tk within 24 hours, still no refund.",REFUND,NEW,2026-10-01 03:57:06.335678
CMP-10347,C1887,,"Failed transaction of 50 tk on 03:23, reversal missing from my statement.",REFUND,INVESTIGATING,2026-09-26 04:21:49.335678
CMP-10348,C752,TX31969,Money has been deducted from my account (108 BDT) but the shopkeeper didn't receive it.,TRANSACTION_DISPUTE,INVESTIGATING,2026-09-29 00:34:45.335678
CMP-10349,C1869,,"I scanned QR at merchant M198 and 1531 taka was cut, but POS machine showed failed.",TRANSACTION_DISPUTE,RESOLVED,2026-09-22 04:48:01.335678
CMP-10350,C1196,,"Customer care promised reversal for 2742 tk within 24 hours, still no refund.",REFUND,RESOLVED,2026-09-21 15:43:29.335678
CMP-10351,C990,,"Shop owner said money didn't arrive, but SMS shows 13131 deducted.",TRANSACTION_DISPUTE,RESOLVED,2026-10-01 19:22:31.335678
CMP-10352,C1730,TX22662,Why is my transaction still showing pending after 3 hours? Amount 214 taka.,TRANSACTION_DISPUTE,INVESTIGATING,2026-09-29 00:21:07.335678
CMP-10353,C1852,TX27836,"Failed transaction of 100 tk on 12:20, reversal missing from my statement.",REFUND,RESOLVED,2026-10-02 12:36:42.335678
CMP-10354,C1127,,"Merchant says payment succeeded and gave goods, but my app shows status 'PENDING'.",TRANSACTION_DISPUTE,INVESTIGATING,2026-09-25 15:41:14.335678
CMP-10355,C558,TX23449,Connection lost during payment of 2360 tk to merchant M116.,FAILED_PAYMENT,NEW,2026-09-30 09:19:13.335678
CMP-10356,C1337,,Taka kete niyeche kintu dokandari pay ni. Amount was 47 tk at merchant M133.,TRANSACTION_DISPUTE,RESOLVED,2026-09-26 10:36:32.335678
CMP-10357,C2208,TX30588,"Payment of 204 failed yesterday, message said reversal in 2 hours but still not refunded.",REFUND,NEW,2026-09-30 03:30:38.335678
CMP-10358,C2152,TX27421,"Suspicious transaction alert triggered on my account, need urgent review.",ACCOUNT_ISSUE,NEW,2026-09-21 15:56:01.335678
CMP-10359,C2091,TX21257,App shows pending for 94 BDT even though merchant got confirmation SMS.,TRANSACTION_DISPUTE,NEW,2026-10-02 16:06:00.335678
CMP-10360,C2436,TX30198,"Failed transaction of 464 tk on 17:22, reversal missing from my statement.",REFUND,NEW,2026-10-02 17:54:16.335678
CMP-10361,C701,TX25489,"I scanned QR at merchant M142 and 2737 taka was cut, but POS machine showed failed.",TRANSACTION_DISPUTE,INVESTIGATING,2026-10-02 14:38:02.335678
CMP-10362,C423,TX31400,"Transaction crashed with unknown server error, please investigate.",FAILED_PAYMENT,NEW,2026-09-28 01:05:00.335678
CMP-10363,C1247,TX31398,App shows pending for 3138 BDT even though merchant got confirmation SMS.,TRANSACTION_DISPUTE,RESOLVED,2026-09-26 21:20:50.335678
CMP-10364,C1442,TX29159,"Internet connection dropped during PIN entry, don't know if money sent.",FAILED_PAYMENT,RESOLVED,2026-09-30 16:08:20.335678
CMP-10365,C1179,TX28358,"Status sync issue: money deducted, merchant received, app showing waiting for confirmation.",TRANSACTION_DISPUTE,RESOLVED,2026-09-20 06:13:50.335678
CMP-10366,C1815,TX32788,Duplicate charge: two debits of 96 tk within seconds for the same purchase.,DUPLICATE_PAYMENT,INVESTIGATING,2026-10-01 06:28:25.335678
CMP-10367,C2104,TX25892,Why is my transaction still showing pending after 3 hours? Amount 94 taka.,TRANSACTION_DISPUTE,INVESTIGATING,2026-09-22 19:40:24.335678
CMP-10368,C1886,TX33870,Dui bar taka keteche! Paid once but charged twice 53 tk at merchant M146.,DUPLICATE_PAYMENT,INVESTIGATING,2026-09-26 10:47:40.335678
CMP-10369,C1322,TX20615,"Customer care promised reversal for 90 tk within 24 hours, still no refund.",REFUND,INVESTIGATING,2026-09-24 07:03:08.335678
CMP-10370,C716,,"Shop owner said money didn't arrive, but SMS shows 2422 deducted.",TRANSACTION_DISPUTE,RESOLVED,2026-09-28 04:24:43.335678
CMP-10371,C1094,TX20067,"Status sync issue: money deducted, merchant received, app showing waiting for confirmation.",TRANSACTION_DISPUTE,RESOLVED,2026-09-22 22:24:05.335678
CMP-10372,C1536,,Why is my transaction still showing pending after 3 hours? Amount 11612 taka.,TRANSACTION_DISPUTE,NEW,2026-09-20 07:12:34.335678
CMP-10373,C894,TX30149,"Merchant says payment succeeded and gave goods, but my app shows status 'PENDING'.",TRANSACTION_DISPUTE,RESOLVED,2026-09-20 12:14:46.335678
CMP-10374,C524,TX24748,"Merchant says payment succeeded and gave goods, but my app shows status 'PENDING'.",TRANSACTION_DISPUTE,NEW,2026-09-24 09:43:54.335678
CMP-10375,C507,TX24745,App shows pending for 12683 BDT even though merchant got confirmation SMS.,TRANSACTION_DISPUTE,INVESTIGATING,2026-09-23 03:20:56.335678
CMP-10376,C2420,TX22068,"My account is blocked after repeated transaction attempts, please unblock immediately.",ACCOUNT_ISSUE,INVESTIGATING,2026-10-03 13:30:04.335678
CMP-10377,C2017,,"Network timeout during processing, app closed abruptly.",FAILED_PAYMENT,INVESTIGATING,2026-09-22 01:21:10.335678
CMP-10378,C2433,,Dui bar taka keteche! Paid once but charged twice 13192 tk at merchant M172.,DUPLICATE_PAYMENT,RESOLVED,2026-09-20 18:09:15.335678
CMP-10379,C1463,TX26259,"I only made one payment of 3110 taka, but money was deducted TWICE from my account!",DUPLICATE_PAYMENT,RESOLVED,2026-09-27 01:16:06.335678
CMP-10380,C700,TX22123,Taka kete niyeche kintu dokandari pay ni. Amount was 1466 tk at merchant M21.,TRANSACTION_DISPUTE,RESOLVED,2026-09-21 11:35:28.335678
CMP-10381,C456,,Money has been deducted from my account (3112 BDT) but the shopkeeper didn't receive it.,TRANSACTION_DISPUTE,NEW,2026-10-02 19:17:58.335678
CMP-10382,C2404,TX33301,Got security warning after attempting multiple payments of 60000 taka.,ACCOUNT_ISSUE,RESOLVED,2026-09-20 00:54:22.335678
CMP-10383,C711,,"Shop owner said money didn't arrive, but SMS shows 2715 deducted.",TRANSACTION_DISPUTE,NEW,2026-09-29 04:03:00.335678
CMP-10384,C597,TX25685,"Transaction failed at payment gateway, money deducted from wallet, no reversal received yet.",REFUND,INVESTIGATING,2026-09-27 05:26:49.335678
CMP-10385,C1226,TX31435,App shows pending for 189 BDT even though merchant got confirmation SMS.,TRANSACTION_DISPUTE,RESOLVED,2026-09-27 02:02:55.335678
CMP-10386,C901,,App shows pending for 2666 BDT even though merchant got confirmation SMS.,TRANSACTION_DISPUTE,RESOLVED,2026-10-03 03:48:04.335678
CMP-10387,C1345,,Amar 12026 taka refund hoy nai. Payment failed hoise kintu taka ferot ashe nai.,REFUND,NEW,2026-09-24 17:34:06.335678
CMP-10388,C1278,TX22766,"I only made one payment of 203 taka, but money was deducted TWICE from my account!",DUPLICATE_PAYMENT,RESOLVED,2026-10-02 23:40:58.335678
CMP-10389,C837,,"Transaction failed at payment gateway, money deducted from wallet, no reversal received yet.",REFUND,NEW,2026-09-29 06:44:48.335678
CMP-10390,C2470,TX26289,Duplicate charge: two debits of 7204 tk within seconds for the same purchase.,DUPLICATE_PAYMENT,INVESTIGATING,2026-10-03 16:53:10.335678
CMP-10391,C291,,"Network timeout during processing, app closed abruptly.",FAILED_PAYMENT,NEW,2026-09-20 07:35:37.335678
CMP-10392,C1549,TX25094,"Transaction failed at payment gateway, money deducted from wallet, no reversal received yet.",REFUND,INVESTIGATING,2026-09-29 07:50:36.335678
CMP-10393,C1754,TX20939,Duplicate charge: two debits of 8412 tk within seconds for the same purchase.,DUPLICATE_PAYMENT,RESOLVED,2026-10-01 10:18:39.335678
CMP-10394,C1424,TX27305,"Status sync issue: money deducted, merchant received, app showing waiting for confirmation.",TRANSACTION_DISPUTE,INVESTIGATING,2026-09-28 12:46:59.335678
CMP-10395,C267,TX23195,"Network timeout during processing, app closed abruptly.",FAILED_PAYMENT,NEW,2026-09-29 18:22:18.335678
CMP-10396,C1730,,Why is my transaction still showing pending after 3 hours? Amount 214 taka.,TRANSACTION_DISPUTE,INVESTIGATING,2026-09-28 23:24:07.335678
CMP-10397,C427,TX20533,"Suspicious transaction alert triggered on my account, need urgent review.",ACCOUNT_ISSUE,NEW,2026-10-01 11:35:57.335678
CMP-10398,C1574,TX31744,"Internet connection dropped during PIN entry, don't know if money sent.",FAILED_PAYMENT,RESOLVED,2026-10-01 12:04:46.335678
CMP-10399,C680,TX21202,"Internet connection dropped during PIN entry, don't know if money sent.",FAILED_PAYMENT,RESOLVED,2026-09-30 10:34:41.335678
CMP-10400,C1149,TX28555,"Internet connection dropped during PIN entry, don't know if money sent.",FAILED_PAYMENT,NEW,2026-09-29 20:05:50.335678
CMP-10401,C2325,,"I scanned QR at merchant M10 and 493 taka was cut, but POS machine showed failed.",TRANSACTION_DISPUTE,NEW,2026-09-25 03:25:37.335678
CMP-10402,C158,TX31991,"Payment failed with weird error code ERR_999, what happened to my 1551 taka?",FAILED_PAYMENT,NEW,2026-09-29 22:10:47.335678
CMP-10403,C1845,TX20184,"Payment of 2910 failed yesterday, message said reversal in 2 hours but still not refunded.",REFUND,INVESTIGATING,2026-09-28 12:54:45.335678
CMP-10404,C1347,,"I only made one payment of 3012 taka, but money was deducted TWICE from my account!",DUPLICATE_PAYMENT,INVESTIGATING,2026-10-02 12:39:08.335678
CMP-10405,C1798,,"Transaction failed at payment gateway, money deducted from wallet, no reversal received yet.",REFUND,RESOLVED,2026-09-26 15:12:59.335678
CMP-10406,C1907,,Why did my payment get cancelled for balance check error?,ACCOUNT_ISSUE,NEW,2026-09-25 06:54:36.335678
CMP-10407,C1227,TX25902,"Shop owner said money didn't arrive, but SMS shows 98 deducted.",TRANSACTION_DISPUTE,RESOLVED,2026-09-25 18:04:44.335678
CMP-10408,C569,,Taka kete niyeche kintu dokandari pay ni. Amount was 209 tk at merchant M169.,TRANSACTION_DISPUTE,RESOLVED,2026-09-27 22:06:56.335678
CMP-10409,C2153,,"Paid 198 taka at merchant around 15:46, merchant claims no payment received.",TRANSACTION_DISPUTE,RESOLVED,2026-09-26 16:17:24.335678
CMP-10410,C2252,TX26866,"Internet connection dropped during PIN entry, don't know if money sent.",FAILED_PAYMENT,INVESTIGATING,2026-09-29 22:46:57.335678
CMP-10411,C2363,,"Transaction failed at payment gateway, money deducted from wallet, no reversal received yet.",REFUND,NEW,2026-10-03 04:16:42.335678
CMP-10412,C1943,TX31456,"Paid 45 taka at merchant around 12:15, merchant claims no payment received.",TRANSACTION_DISPUTE,INVESTIGATING,2026-09-28 13:40:42.335678
CMP-10413,C1953,TX30758,App shows pending for 204 BDT even though merchant got confirmation SMS.,TRANSACTION_DISPUTE,INVESTIGATING,2026-10-01 06:51:44.335678
CMP-10414,C967,TX33517,"My account is blocked after repeated transaction attempts, please unblock immediately.",ACCOUNT_ISSUE,INVESTIGATING,2026-10-01 11:07:14.335678
CMP-10415,C2322,TX27270,"Customer care promised reversal for 5396 tk within 24 hours, still no refund.",REFUND,RESOLVED,2026-09-28 17:58:35.335678
CMP-10416,C1676,TX33041,"Shop owner said money didn't arrive, but SMS shows 100 deducted.",TRANSACTION_DISPUTE,INVESTIGATING,2026-09-25 13:27:02.335678
CMP-10417,C481,,"Paid 13144 taka at merchant around 20:34, merchant claims no payment received.",TRANSACTION_DISPUTE,RESOLVED,2026-09-23 22:01:59.335678
CMP-10418,C1486,TX29751,Duplicate charge: two debits of 5063 tk within seconds for the same purchase.,DUPLICATE_PAYMENT,RESOLVED,2026-09-24 16:00:22.335678
CMP-10419,C269,,"I scanned QR at merchant M152 and 12109 taka was cut, but POS machine showed failed.",TRANSACTION_DISPUTE,NEW,2026-09-27 23:58:43.335678
CMP-10420,C1899,TX20157,"Status sync issue: money deducted, merchant received, app showing waiting for confirmation.",TRANSACTION_DISPUTE,RESOLVED,2026-09-29 01:33:02.335678
CMP-10421,C388,TX23469,Amar 12018 taka refund hoy nai. Payment failed hoise kintu taka ferot ashe nai.,REFUND,RESOLVED,2026-10-02 13:11:56.335678
CMP-10422,C2199,TX33949,"Transaction failed at payment gateway, money deducted from wallet, no reversal received yet.",REFUND,RESOLVED,2026-09-24 02:16:02.335678
CMP-10423,C982,TX30580,Money has been deducted from my account (1552 BDT) but the shopkeeper didn't receive it.,TRANSACTION_DISPUTE,RESOLVED,2026-10-01 07:44:40.335678
CMP-10424,C2288,TX30816,Money has been deducted from my account (532 BDT) but the shopkeeper didn't receive it.,TRANSACTION_DISPUTE,RESOLVED,2026-10-01 08:14:25.335678
CMP-10425,C237,TX23841,"Payment failed with weird error code ERR_999, what happened to my 12929 taka?",FAILED_PAYMENT,INVESTIGATING,2026-09-20 02:06:26.335678
CMP-10426,C1250,TX28435,"Transaction crashed with unknown server error, please investigate.",FAILED_PAYMENT,NEW,2026-09-22 13:56:27.335678
CMP-10427,C900,TX25795,Dui bar taka keteche! Paid once but charged twice 1012 tk at merchant M58.,DUPLICATE_PAYMENT,INVESTIGATING,2026-09-22 10:17:54.335678
CMP-10428,C1309,,"Network timeout during processing, app closed abruptly.",FAILED_PAYMENT,RESOLVED,2026-09-26 00:11:41.335678
CMP-10429,C1628,,"Internet connection dropped during PIN entry, don't know if money sent.",FAILED_PAYMENT,NEW,2026-09-21 17:24:48.335678
CMP-10430,C879,TX29693,"Status sync issue: money deducted, merchant received, app showing waiting for confirmation.",TRANSACTION_DISPUTE,INVESTIGATING,2026-10-03 23:21:32.335678
CMP-10431,C1372,TX20340,Duplicate charge: two debits of 101 tk within seconds for the same purchase.,DUPLICATE_PAYMENT,NEW,2026-09-28 23:19:34.335678
CMP-10432,C1816,,"I scanned QR at merchant M15 and 201 taka was cut, but POS machine showed failed.",TRANSACTION_DISPUTE,RESOLVED,2026-09-23 05:38:00.335678
CMP-10433,C605,,Double deduction happened for my merchant bill payment of 2314 taka.,DUPLICATE_PAYMENT,INVESTIGATING,2026-10-03 03:02:42.335678
CMP-10434,C2310,TX33327,Money has been deducted from my account (13181 BDT) but the shopkeeper didn't receive it.,TRANSACTION_DISPUTE,RESOLVED,2026-09-30 03:26:26.335678
CMP-10435,C497,TX32318,"Tried to pay 1062 taka, said balance low, but I think I have enough funds.",ACCOUNT_ISSUE,INVESTIGATING,2026-09-24 07:52:40.335678
CMP-10436,C2377,TX33384,"I only made one payment of 182 taka, but money was deducted TWICE from my account!",DUPLICATE_PAYMENT,NEW,2026-09-30 23:06:55.335678
CMP-10437,C2087,TX32132,Money has been deducted from my account (185 BDT) but the shopkeeper didn't receive it.,TRANSACTION_DISPUTE,INVESTIGATING,2026-09-28 14:45:57.335678
CMP-10438,C1767,TX33749,"Network timeout during processing, app closed abruptly.",FAILED_PAYMENT,NEW,2026-09-23 02:17:07.335678
CMP-10439,C390,TX27529,"Tried to pay 11071 taka, said balance low, but I think I have enough funds.",ACCOUNT_ISSUE,NEW,2026-09-30 08:54:14.335678
CMP-10440,C1384,TX34472,"Merchant says payment succeeded and gave goods, but my app shows status 'PENDING'.",TRANSACTION_DISPUTE,INVESTIGATING,2026-09-27 15:18:16.335678
CMP-10441,C1686,TX26757,"Transaction failed at payment gateway, money deducted from wallet, no reversal received yet.",REFUND,NEW,2026-09-23 20:21:34.335678
CMP-10442,C209,,"Shop owner said money didn't arrive, but SMS shows 107 deducted.",TRANSACTION_DISPUTE,RESOLVED,2026-10-02 08:38:54.335678
CMP-10443,C1193,TX24120,"Tried to pay 12244 taka, said balance low, but I think I have enough funds.",ACCOUNT_ISSUE,RESOLVED,2026-09-30 16:18:38.335678
CMP-10444,C170,TX22447,"I only made one payment of 12458 taka, but money was deducted TWICE from my account!",DUPLICATE_PAYMENT,INVESTIGATING,2026-09-22 03:05:41.335678
CMP-10445,C2346,TX29174,Why did my payment get cancelled for balance check error?,ACCOUNT_ISSUE,INVESTIGATING,2026-09-26 09:51:57.335678
CMP-10446,C507,TX33557,"Payment of 8456 failed yesterday, message said reversal in 2 hours but still not refunded.",REFUND,RESOLVED,2026-09-20 11:52:01.335678
CMP-10447,C1283,TX21825,Dui bar taka keteche! Paid once but charged twice 8461 tk at merchant M138.,DUPLICATE_PAYMENT,INVESTIGATING,2026-09-29 04:14:29.335678
CMP-10448,C1669,TX31558,Double deduction happened for my merchant bill payment of 98 taka.,DUPLICATE_PAYMENT,INVESTIGATING,2026-09-23 18:13:57.335678
CMP-10449,C277,TX30542,"Status sync issue: money deducted, merchant received, app showing waiting for confirmation.",TRANSACTION_DISPUTE,RESOLVED,2026-09-26 16:15:03.335678
CMP-10450,C1614,,"Merchant says payment succeeded and gave goods, but my app shows status 'PENDING'.",TRANSACTION_DISPUTE,INVESTIGATING,2026-10-03 01:29:13.335678
CMP-10451,C837,TX26180,"Paid 5396 taka at merchant around 10:57, merchant claims no payment received.",TRANSACTION_DISPUTE,RESOLVED,2026-10-03 12:33:20.335678
CMP-10452,C2441,TX22004,"Customer care promised reversal for 8007 tk within 24 hours, still no refund.",REFUND,RESOLVED,2026-09-30 21:23:55.335678
CMP-10453,C711,TX31867,"Shop owner said money didn't arrive, but SMS shows 2715 deducted.",TRANSACTION_DISPUTE,INVESTIGATING,2026-09-29 04:31:00.335678
CMP-10454,C577,TX34962,"Shop owner said money didn't arrive, but SMS shows 52 deducted.",TRANSACTION_DISPUTE,NEW,2026-09-27 14:21:21.335678
CMP-10455,C1661,TX27249,"Merchant says payment succeeded and gave goods, but my app shows status 'PENDING'.",TRANSACTION_DISPUTE,NEW,2026-09-22 17:50:41.335678
CMP-10456,C2108,,"Failed transaction of 2713 tk on 00:11, reversal missing from my statement.",REFUND,NEW,2026-09-21 01:46:34.335678
CMP-10457,C1611,TX29556,"Failed transaction of 488 tk on 21:26, reversal missing from my statement.",REFUND,NEW,2026-09-21 22:13:33.335678
CMP-10458,C802,TX33576,"Customer care promised reversal for 2486 tk within 24 hours, still no refund.",REFUND,RESOLVED,2026-09-27 20:50:41.335678
CMP-10459,C1911,,Dui bar taka keteche! Paid once but charged twice 1616 tk at merchant M188.,DUPLICATE_PAYMENT,INVESTIGATING,2026-09-24 19:06:54.335678
CMP-10460,C733,TX26778,"Customer care promised reversal for 94 tk within 24 hours, still no refund.",REFUND,RESOLVED,2026-09-20 08:00:15.335678
CMP-10461,C2252,TX28443,"Transaction failed at payment gateway, money deducted from wallet, no reversal received yet.",REFUND,NEW,2026-10-03 11:54:38.335678
CMP-10462,C1927,TX27563,"Shop owner said money didn't arrive, but SMS shows 4868 deducted.",TRANSACTION_DISPUTE,NEW,2026-09-26 12:52:24.335678
CMP-10463,C1156,TX21110,Taka kete niyeche kintu dokandari pay ni. Amount was 4806 tk at merchant M156.,TRANSACTION_DISPUTE,NEW,2026-09-30 06:46:15.335678
CMP-10464,C462,TX33937,Got security warning after attempting multiple payments of 45000 taka.,ACCOUNT_ISSUE,RESOLVED,2026-10-03 04:32:49.335678
CMP-10465,C1528,TX29889,Duplicate charge: two debits of 450 tk within seconds for the same purchase.,DUPLICATE_PAYMENT,RESOLVED,2026-09-25 20:10:13.335678
CMP-10466,C1792,TX20896,"Payment of 3157 failed yesterday, message said reversal in 2 hours but still not refunded.",REFUND,INVESTIGATING,2026-09-22 00:07:16.335678
CMP-10467,C2290,TX32310,"Shop owner said money didn't arrive, but SMS shows 3180 deducted.",TRANSACTION_DISPUTE,INVESTIGATING,2026-09-23 05:44:25.335678
CMP-10468,C2113,TX23558,Why is my transaction still showing pending after 3 hours? Amount 202 taka.,TRANSACTION_DISPUTE,INVESTIGATING,2026-10-03 02:21:49.335678
CMP-10469,C2372,,App shows pending for 5468 BDT even though merchant got confirmation SMS.,TRANSACTION_DISPUTE,RESOLVED,2026-09-29 19:55:53.335678
CMP-10470,C2004,,Money has been deducted from my account (2487 BDT) but the shopkeeper didn't receive it.,TRANSACTION_DISPUTE,RESOLVED,2026-09-30 12:23:59.335678
CMP-10471,C811,TX24040,"Transaction crashed with unknown server error, please investigate.",FAILED_PAYMENT,INVESTIGATING,2026-09-28 22:48:37.335678
CMP-10472,C886,TX20699,"I scanned QR at merchant M40 and 5476 taka was cut, but POS machine showed failed.",TRANSACTION_DISPUTE,NEW,2026-09-28 19:33:17.335678
CMP-10473,C2146,TX30068,Why is my transaction still showing pending after 3 hours? Amount 209 taka.,TRANSACTION_DISPUTE,NEW,2026-09-23 12:47:51.335678
CMP-10474,C156,TX32405,"Transaction failed at payment gateway, money deducted from wallet, no reversal received yet.",REFUND,INVESTIGATING,2026-09-27 06:52:36.335678
CMP-10475,C869,TX21187,Duplicate charge: two debits of 984 tk within seconds for the same purchase.,DUPLICATE_PAYMENT,RESOLVED,2026-09-22 10:40:19.335678
CMP-10476,C248,,Why is my transaction still showing pending after 3 hours? Amount 11347 taka.,TRANSACTION_DISPUTE,NEW,2026-09-25 23:41:47.335678
CMP-10477,C1023,TX20593,Got security warning after attempting multiple payments of 60000 taka.,ACCOUNT_ISSUE,NEW,2026-09-29 07:00:01.335678
CMP-10478,C1463,TX26259,Double deduction happened for my merchant bill payment of 3110 taka.,DUPLICATE_PAYMENT,NEW,2026-09-27 01:25:06.335678
CMP-10479,C1428,TX32704,App timed out showing network error while paying 213 taka.,FAILED_PAYMENT,RESOLVED,2026-10-01 17:04:07.335678
CMP-10480,C1922,,Money has been deducted from my account (93 BDT) but the shopkeeper didn't receive it.,TRANSACTION_DISPUTE,NEW,2026-10-01 18:57:28.335678
CMP-10481,C1757,TX20405,Why did my payment get cancelled for balance check error?,ACCOUNT_ISSUE,RESOLVED,2026-09-24 14:49:55.335678
CMP-10482,C1237,TX22424,"Merchant says payment succeeded and gave goods, but my app shows status 'PENDING'.",TRANSACTION_DISPUTE,NEW,2026-09-29 02:55:16.335678
CMP-10483,C226,TX30122,Connection lost during payment of 12781 tk to merchant M34.,FAILED_PAYMENT,NEW,2026-09-28 01:26:04.335678
CMP-10484,C1305,TX34351,Dui bar taka keteche! Paid once but charged twice 8117 tk at merchant M106.,DUPLICATE_PAYMENT,RESOLVED,2026-09-24 21:06:45.335678
CMP-10485,C252,TX34211,Amar 504 taka refund hoy nai. Payment failed hoise kintu taka ferot ashe nai.,REFUND,RESOLVED,2026-09-21 09:11:33.335678
CMP-10486,C2048,,Taka kete niyeche kintu dokandari pay ni. Amount was 53 tk at merchant M38.,TRANSACTION_DISPUTE,RESOLVED,2026-09-28 06:10:35.335678
CMP-10487,C827,TX29508,"Transaction crashed with unknown server error, please investigate.",FAILED_PAYMENT,RESOLVED,2026-09-23 08:57:12.335678
CMP-10488,C1116,TX24660,Why did my payment get cancelled for balance check error?,ACCOUNT_ISSUE,RESOLVED,2026-09-26 00:48:12.335678
CMP-10489,C1403,TX25781,Duplicate charge: two debits of 1390 tk within seconds for the same purchase.,DUPLICATE_PAYMENT,NEW,2026-10-02 09:04:55.335678
CMP-10490,C2240,TX23752,Why is my transaction still showing pending after 3 hours? Amount 1020 taka.,TRANSACTION_DISPUTE,INVESTIGATING,2026-09-30 23:35:59.335678
CMP-10491,C1466,,Why is my transaction still showing pending after 3 hours? Amount 7654 taka.,TRANSACTION_DISPUTE,INVESTIGATING,2026-09-27 13:08:20.335678
CMP-10492,C1155,TX23931,"Payment of 908 failed yesterday, message said reversal in 2 hours but still not refunded.",REFUND,NEW,2026-09-27 04:28:24.335678
CMP-10493,C1784,TX31208,Why is my transaction still showing pending after 3 hours? Amount 479 taka.,TRANSACTION_DISPUTE,NEW,2026-09-24 08:32:51.335678
CMP-10494,C789,TX29900,"I only made one payment of 216 taka, but money was deducted TWICE from my account!",DUPLICATE_PAYMENT,NEW,2026-10-01 04:58:05.335678
CMP-10495,C2066,TX24828,Taka kete niyeche kintu dokandari pay ni. Amount was 3173 tk at merchant M75.,TRANSACTION_DISPUTE,RESOLVED,2026-09-22 00:21:13.335678
CMP-10496,C1538,,Duplicate charge: two debits of 54 tk within seconds for the same purchase.,DUPLICATE_PAYMENT,NEW,2026-09-28 15:53:54.335678
CMP-10497,C235,TX24033,App shows pending for 1065 BDT even though merchant got confirmation SMS.,TRANSACTION_DISPUTE,NEW,2026-09-24 14:51:18.335678
CMP-10498,C1666,TX32456,"Failed transaction of 181 tk on 06:16, reversal missing from my statement.",REFUND,INVESTIGATING,2026-09-26 08:13:42.335678
CMP-10499,C650,TX28624,"Status sync issue: money deducted, merchant received, app showing waiting for confirmation.",TRANSACTION_DISPUTE,RESOLVED,2026-09-22 16:22:53.335678
CMP-10500,C1106,TX28911,"Suspicious transaction alert triggered on my account, need urgent review.",ACCOUNT_ISSUE,RESOLVED,2026-09-20 10:49:36.335678
CMP-10501,C742,,Dui bar taka keteche! Paid once but charged twice 96 tk at merchant M26.,DUPLICATE_PAYMENT,INVESTIGATING,2026-09-23 19:52:02.335678
CMP-10502,C2391,,"I only made one payment of 2421 taka, but money was deducted TWICE from my account!",DUPLICATE_PAYMENT,RESOLVED,2026-09-24 21:39:30.335678
CMP-10503,C322,TX25647,"Tried to pay 493 taka, said balance low, but I think I have enough funds.",ACCOUNT_ISSUE,RESOLVED,2026-09-28 06:18:27.335678
CMP-10504,C1043,TX28373,"Internet connection dropped during PIN entry, don't know if money sent.",FAILED_PAYMENT,INVESTIGATING,2026-09-24 00:12:53.335678
CMP-10505,C2459,TX33206,Double deduction happened for my merchant bill payment of 2711 taka.,DUPLICATE_PAYMENT,INVESTIGATING,2026-09-21 05:32:45.335678
CMP-10506,C1912,TX27896,Double deduction happened for my merchant bill payment of 45 taka.,DUPLICATE_PAYMENT,INVESTIGATING,2026-09-24 21:46:13.335678
CMP-10507,C176,,"Shop owner said money didn't arrive, but SMS shows 535 deducted.",TRANSACTION_DISPUTE,RESOLVED,2026-09-20 15:49:36.335678
CMP-10508,C1717,TX24208,Duplicate charge: two debits of 11320 tk within seconds for the same purchase.,DUPLICATE_PAYMENT,RESOLVED,2026-09-27 02:18:12.335678
CMP-10509,C1690,TX26894,Connection lost during payment of 1591 tk to merchant M186.,FAILED_PAYMENT,RESOLVED,2026-09-30 00:35:06.335678
CMP-10510,C2248,,Why is my transaction still showing pending after 3 hours? Amount 529 taka.,TRANSACTION_DISPUTE,NEW,2026-09-27 17:42:03.335678
CMP-10511,C2171,TX32047,Dui bar taka keteche! Paid once but charged twice 4561 tk at merchant M93.,DUPLICATE_PAYMENT,RESOLVED,2026-10-02 16:56:27.335678
CMP-10512,C587,,Why did my payment get cancelled for balance check error?,ACCOUNT_ISSUE,INVESTIGATING,2026-10-02 01:17:36.335678
CMP-10513,C1712,,"I scanned QR at merchant M148 and 454 taka was cut, but POS machine showed failed.",TRANSACTION_DISPUTE,RESOLVED,2026-09-29 14:04:57.335678
CMP-10514,C196,TX27037,"Transaction was rejected stating insufficient balance, please check my account statement.",ACCOUNT_ISSUE,INVESTIGATING,2026-09-27 13:30:40.335678
CMP-10515,C1790,,App timed out showing network error while paying 97 taka.,FAILED_PAYMENT,NEW,2026-09-23 03:15:28.335678
CMP-10516,C2494,TX22721,"Network timeout during processing, app closed abruptly.",FAILED_PAYMENT,INVESTIGATING,2026-09-20 01:35:00.335678
CMP-10517,C1697,,"Tried to pay 7559 taka, said balance low, but I think I have enough funds.",ACCOUNT_ISSUE,NEW,2026-09-25 07:26:43.335678
CMP-10518,C1562,TX28726,App timed out showing network error while paying 2779 taka.,FAILED_PAYMENT,INVESTIGATING,2026-09-28 23:55:57.335678
CMP-10519,C192,TX22305,"Network timeout during processing, app closed abruptly.",FAILED_PAYMENT,RESOLVED,2026-09-29 23:43:33.335678
CMP-10520,C1020,,App shows pending for 214 BDT even though merchant got confirmation SMS.,TRANSACTION_DISPUTE,NEW,2026-09-30 21:42:27.335678
CMP-10521,C1287,TX28619,"Shop owner said money didn't arrive, but SMS shows 3007 deducted.",TRANSACTION_DISPUTE,RESOLVED,2026-10-01 11:11:53.335678
CMP-10522,C2159,TX22450,"Internet connection dropped during PIN entry, don't know if money sent.",FAILED_PAYMENT,NEW,2026-09-30 03:59:07.335678
CMP-10523,C1711,,"Network timeout during processing, app closed abruptly.",FAILED_PAYMENT,RESOLVED,2026-09-24 15:48:05.335678
CMP-10524,C2210,TX21897,"Network timeout during processing, app closed abruptly.",FAILED_PAYMENT,NEW,2026-09-29 22:50:24.335678
CMP-10525,C1009,TX28673,"Payment failed with weird error code ERR_999, what happened to my 1449 taka?",FAILED_PAYMENT,NEW,2026-09-28 18:28:24.335678
CMP-10526,C327,TX23146,Why is my transaction still showing pending after 3 hours? Amount 4565 taka.,TRANSACTION_DISPUTE,NEW,2026-09-29 08:55:54.335678
CMP-10527,C1030,,Duplicate charge: two debits of 476 tk within seconds for the same purchase.,DUPLICATE_PAYMENT,INVESTIGATING,2026-09-30 10:53:59.335678
CMP-10528,C1317,TX25400,"Failed transaction of 92 tk on 16:03, reversal missing from my statement.",REFUND,INVESTIGATING,2026-10-01 17:58:50.335678
CMP-10529,C1121,,Amar 1463 taka refund hoy nai. Payment failed hoise kintu taka ferot ashe nai.,REFUND,NEW,2026-10-02 13:18:29.335678
CMP-10530,C190,,Why is my transaction still showing pending after 3 hours? Amount 1451 taka.,TRANSACTION_DISPUTE,RESOLVED,2026-09-29 05:38:51.335678
CMP-10531,C2224,TX21958,App timed out showing network error while paying 5363 taka.,FAILED_PAYMENT,RESOLVED,2026-09-28 12:22:17.335678
CMP-10532,C304,TX31953,Got security warning after attempting multiple payments of 85000 taka.,ACCOUNT_ISSUE,INVESTIGATING,2026-09-22 16:57:36.335678
CMP-10533,C863,,App timed out showing network error while paying 1079 taka.,FAILED_PAYMENT,RESOLVED,2026-09-27 06:49:12.335678
CMP-10534,C545,,"Payment failed with weird error code ERR_999, what happened to my 1000 taka?",FAILED_PAYMENT,NEW,2026-09-27 06:57:24.335678
CMP-10535,C896,TX24090,Money has been deducted from my account (4953 BDT) but the shopkeeper didn't receive it.,TRANSACTION_DISPUTE,NEW,2026-10-03 19:02:59.335678
CMP-10536,C2418,TX20676,"Merchant says payment succeeded and gave goods, but my app shows status 'PENDING'.",TRANSACTION_DISPUTE,INVESTIGATING,2026-09-27 03:25:50.335678
CMP-10537,C1304,,"Payment of 2291 failed yesterday, message said reversal in 2 hours but still not refunded.",REFUND,NEW,2026-09-27 21:40:45.335678
CMP-10538,C1034,,Double deduction happened for my merchant bill payment of 7360 taka.,DUPLICATE_PAYMENT,RESOLVED,2026-10-03 15:14:30.335678
CMP-10539,C104,TX32970,Double deduction happened for my merchant bill payment of 50 taka.,DUPLICATE_PAYMENT,RESOLVED,2026-09-21 08:56:57.335678
CMP-10540,C1507,TX31468,"Suspicious transaction alert triggered on my account, need urgent review.",ACCOUNT_ISSUE,NEW,2026-10-02 20:41:19.335678
CMP-10541,C730,TX29311,"Customer care promised reversal for 2857 tk within 24 hours, still no refund.",REFUND,NEW,2026-10-03 13:43:37.335678
CMP-10542,C764,TX25770,"Shop owner said money didn't arrive, but SMS shows 102 deducted.",TRANSACTION_DISPUTE,RESOLVED,2026-09-23 18:34:01.335678
CMP-10543,C1562,,Why is my transaction still showing pending after 3 hours? Amount 1422 taka.,TRANSACTION_DISPUTE,INVESTIGATING,2026-09-28 02:06:17.335678
CMP-10544,C1571,TX24777,Got security warning after attempting multiple payments of 45000 taka.,ACCOUNT_ISSUE,INVESTIGATING,2026-09-20 23:58:01.335678
CMP-10545,C1572,,"Failed transaction of 93 tk on 21:58, reversal missing from my statement.",REFUND,RESOLVED,2026-09-28 22:43:08.335678
CMP-10546,C1229,TX33421,Connection lost during payment of 12054 tk to merchant M56.,FAILED_PAYMENT,RESOLVED,2026-10-01 11:03:26.335678
CMP-10547,C832,TX21706,Dui bar taka keteche! Paid once but charged twice 105 tk at merchant M146.,DUPLICATE_PAYMENT,INVESTIGATING,2026-09-28 22:52:58.335678
CMP-10548,C2449,,Dui bar taka keteche! Paid once but charged twice 91 tk at merchant M23.,DUPLICATE_PAYMENT,NEW,2026-09-23 15:11:34.335678
CMP-10549,C2408,,"My account is blocked after repeated transaction attempts, please unblock immediately.",ACCOUNT_ISSUE,INVESTIGATING,2026-10-03 22:22:54.335678
CMP-10550,C2467,,"Tried to pay 12441 taka, said balance low, but I think I have enough funds.",ACCOUNT_ISSUE,RESOLVED,2026-09-20 14:52:08.335678
CMP-10551,C1631,TX33583,App timed out showing network error while paying 527 taka.,FAILED_PAYMENT,RESOLVED,2026-09-25 21:27:41.335678
CMP-10552,C931,TX28218,Connection lost during payment of 2529 tk to merchant M82.,FAILED_PAYMENT,NEW,2026-09-29 06:32:00.335678
CMP-10553,C2070,TX26275,Got security warning after attempting multiple payments of 120000 taka.,ACCOUNT_ISSUE,RESOLVED,2026-10-03 02:19:32.335678
CMP-10554,C1899,TX20157,"Merchant says payment succeeded and gave goods, but my app shows status 'PENDING'.",TRANSACTION_DISPUTE,RESOLVED,2026-09-29 01:46:02.335678
CMP-10555,C1940,TX21167,"I only made one payment of 54 taka, but money was deducted TWICE from my account!",DUPLICATE_PAYMENT,NEW,2026-09-29 22:55:45.335678
CMP-10556,C1442,TX23892,Duplicate charge: two debits of 2593 tk within seconds for the same purchase.,DUPLICATE_PAYMENT,RESOLVED,2026-09-30 22:17:02.335678
CMP-10557,C1193,TX29447,"Status sync issue: money deducted, merchant received, app showing waiting for confirmation.",TRANSACTION_DISPUTE,INVESTIGATING,2026-09-28 04:29:51.335678
CMP-10558,C2093,TX20836,Amar 8501 taka refund hoy nai. Payment failed hoise kintu taka ferot ashe nai.,REFUND,NEW,2026-09-28 18:37:18.335678
CMP-10559,C890,TX33370,"Status sync issue: money deducted, merchant received, app showing waiting for confirmation.",TRANSACTION_DISPUTE,NEW,2026-09-30 10:32:04.335678
CMP-10560,C1505,,"Transaction was rejected stating insufficient balance, please check my account statement.",ACCOUNT_ISSUE,RESOLVED,2026-10-01 05:32:35.335678
CMP-10561,C2003,TX32411,"Tried to pay 2357 taka, said balance low, but I think I have enough funds.",ACCOUNT_ISSUE,RESOLVED,2026-09-24 04:13:07.335678
CMP-10562,C848,TX27508,Taka kete niyeche kintu dokandari pay ni. Amount was 8076 tk at merchant M88.,TRANSACTION_DISPUTE,RESOLVED,2026-09-28 20:10:02.335678
CMP-10563,C1198,,"Merchant says payment succeeded and gave goods, but my app shows status 'PENDING'.",TRANSACTION_DISPUTE,INVESTIGATING,2026-10-02 13:49:46.335678
CMP-10564,C2307,TX31619,"Transaction was rejected stating insufficient balance, please check my account statement.",ACCOUNT_ISSUE,NEW,2026-09-30 19:59:14.335678
CMP-10565,C2160,TX25209,"Customer care promised reversal for 1355 tk within 24 hours, still no refund.",REFUND,RESOLVED,2026-09-23 08:48:48.335678
CMP-10566,C1685,,"Shop owner said money didn't arrive, but SMS shows 8320 deducted.",TRANSACTION_DISPUTE,RESOLVED,2026-09-26 17:56:52.335678
CMP-10567,C963,TX27990,"Transaction was rejected stating insufficient balance, please check my account statement.",ACCOUNT_ISSUE,RESOLVED,2026-09-28 11:31:41.335678
CMP-10568,C1763,TX23392,"Payment failed with weird error code ERR_999, what happened to my 1438 taka?",FAILED_PAYMENT,NEW,2026-09-24 00:50:04.335678
CMP-10569,C726,TX22624,System gave unknown error during payment of 13112 taka.,FAILED_PAYMENT,RESOLVED,2026-09-20 04:25:03.335678
CMP-10570,C1698,TX31222,"Paid 94 taka at merchant around 21:42, merchant claims no payment received.",TRANSACTION_DISPUTE,INVESTIGATING,2026-10-02 22:51:00.335678
CMP-10571,C1485,TX29373,Double deduction happened for my merchant bill payment of 3288 taka.,DUPLICATE_PAYMENT,INVESTIGATING,2026-10-03 09:26:27.335678
CMP-10572,C2095,TX33280,"My account is blocked after repeated transaction attempts, please unblock immediately.",ACCOUNT_ISSUE,NEW,2026-09-28 23:23:01.335678
CMP-10573,C1022,TX29380,"Status sync issue: money deducted, merchant received, app showing waiting for confirmation.",TRANSACTION_DISPUTE,RESOLVED,2026-09-21 00:11:14.335678
CMP-10574,C187,TX32162,Got security warning after attempting multiple payments of 60000 taka.,ACCOUNT_ISSUE,RESOLVED,2026-09-25 18:06:39.335678
CMP-10575,C147,,"Customer care promised reversal for 8163 tk within 24 hours, still no refund.",REFUND,NEW,2026-09-24 11:33:45.335678
CMP-10576,C1915,TX33848,Why is my transaction still showing pending after 3 hours? Amount 1501 taka.,TRANSACTION_DISPUTE,INVESTIGATING,2026-10-01 23:41:58.335678
CMP-10577,C117,TX32698,"Merchant says payment succeeded and gave goods, but my app shows status 'PENDING'.",TRANSACTION_DISPUTE,NEW,2026-10-01 10:05:53.335678
CMP-10578,C955,TX23289,Got security warning after attempting multiple payments of 120000 taka.,ACCOUNT_ISSUE,NEW,2026-10-03 17:23:10.335678
CMP-10579,C865,TX25433,"Transaction failed at payment gateway, money deducted from wallet, no reversal received yet.",REFUND,NEW,2026-10-02 07:13:10.335678
CMP-10580,C2301,TX33802,Duplicate charge: two debits of 3124 tk within seconds for the same purchase.,DUPLICATE_PAYMENT,NEW,2026-09-22 20:06:57.335678
CMP-10581,C1121,TX24749,"I scanned QR at merchant M144 and 1615 taka was cut, but POS machine showed failed.",TRANSACTION_DISPUTE,RESOLVED,2026-09-21 10:11:18.335678
CMP-10582,C710,TX20086,"I scanned QR at merchant M78 and 182 taka was cut, but POS machine showed failed.",TRANSACTION_DISPUTE,INVESTIGATING,2026-09-27 11:30:43.335678
CMP-10583,C851,TX21288,App shows pending for 8666 BDT even though merchant got confirmation SMS.,TRANSACTION_DISPUTE,INVESTIGATING,2026-09-22 01:09:34.335678
CMP-10584,C1971,TX20240,"Shop owner said money didn't arrive, but SMS shows 50 deducted.",TRANSACTION_DISPUTE,NEW,2026-09-20 11:57:50.335678
CMP-10585,C974,TX31404,Got security warning after attempting multiple payments of 85000 taka.,ACCOUNT_ISSUE,NEW,2026-10-02 07:52:15.335678
CMP-10586,C2475,,Amar 1628 taka refund hoy nai. Payment failed hoise kintu taka ferot ashe nai.,REFUND,INVESTIGATING,2026-10-01 08:46:00.335678
CMP-10587,C848,,"I scanned QR at merchant M88 and 8076 taka was cut, but POS machine showed failed.",TRANSACTION_DISPUTE,RESOLVED,2026-09-28 19:32:02.335678
CMP-10588,C1329,TX22404,"Transaction failed at payment gateway, money deducted from wallet, no reversal received yet.",REFUND,INVESTIGATING,2026-09-26 12:48:16.335678
CMP-10589,C2214,TX32693,"I scanned QR at merchant M71 and 5483 taka was cut, but POS machine showed failed.",TRANSACTION_DISPUTE,INVESTIGATING,2026-09-25 22:06:45.335678
CMP-10590,C1119,TX26090,Why did my payment get cancelled for balance check error?,ACCOUNT_ISSUE,RESOLVED,2026-09-21 12:40:54.335678
CMP-10591,C1165,TX22711,App timed out showing network error while paying 5088 taka.,FAILED_PAYMENT,RESOLVED,2026-09-27 05:23:34.335678
CMP-10592,C1191,,"Shop owner said money didn't arrive, but SMS shows 102 deducted.",TRANSACTION_DISPUTE,RESOLVED,2026-09-30 18:15:37.335678
CMP-10593,C283,,"I scanned QR at merchant M79 and 12098 taka was cut, but POS machine showed failed.",TRANSACTION_DISPUTE,RESOLVED,2026-09-22 15:48:11.335678
CMP-10594,C2167,TX34400,Taka kete niyeche kintu dokandari pay ni. Amount was 106 tk at merchant M176.,TRANSACTION_DISPUTE,RESOLVED,2026-09-26 01:32:52.335678
CMP-10595,C2238,TX34936,"Paid 2724 taka at merchant around 13:13, merchant claims no payment received.",TRANSACTION_DISPUTE,RESOLVED,2026-10-03 14:38:57.335678
CMP-10596,C329,,"Internet connection dropped during PIN entry, don't know if money sent.",FAILED_PAYMENT,RESOLVED,2026-09-26 11:30:08.335678
CMP-10597,C1617,,"Paid 1013 taka at merchant around 17:18, merchant claims no payment received.",TRANSACTION_DISPUTE,RESOLVED,2026-09-22 18:37:52.335678
CMP-10598,C1068,TX32420,"Status sync issue: money deducted, merchant received, app showing waiting for confirmation.",TRANSACTION_DISPUTE,INVESTIGATING,2026-10-02 13:49:59.335678
CMP-10599,C2101,,Money has been deducted from my account (2747 BDT) but the shopkeeper didn't receive it.,TRANSACTION_DISPUTE,NEW,2026-10-02 18:51:38.335678
CMP-10600,C1608,TX24559,App shows pending for 2500 BDT even though merchant got confirmation SMS.,TRANSACTION_DISPUTE,NEW,2026-09-21 05:43:08.335678
CMP-10601,C1039,TX31810,"Transaction was rejected stating insufficient balance, please check my account statement.",ACCOUNT_ISSUE,NEW,2026-09-25 01:55:35.335678
CMP-10602,C1058,,"Status sync issue: money deducted, merchant received, app showing waiting for confirmation.",TRANSACTION_DISPUTE,NEW,2026-09-25 07:39:03.335678
CMP-10603,C2205,TX30873,Got security warning after attempting multiple payments of 45000 taka.,ACCOUNT_ISSUE,NEW,2026-09-21 13:59:35.335678
CMP-10604,C1849,TX27775,"Payment of 191 failed yesterday, message said reversal in 2 hours but still not refunded.",REFUND,NEW,2026-10-03 10:16:57.335678
CMP-10605,C2316,,Why did my payment get cancelled for balance check error?,ACCOUNT_ISSUE,NEW,2026-09-28 20:17:19.335678
CMP-10606,C2116,TX27330,"Merchant says payment succeeded and gave goods, but my app shows status 'PENDING'.",TRANSACTION_DISPUTE,NEW,2026-09-20 23:01:11.335678
CMP-10607,C197,TX32076,"Status sync issue: money deducted, merchant received, app showing waiting for confirmation.",TRANSACTION_DISPUTE,NEW,2026-10-02 01:14:56.335678
CMP-10608,C505,,Double deduction happened for my merchant bill payment of 105 taka.,DUPLICATE_PAYMENT,INVESTIGATING,2026-09-24 22:54:00.335678
CMP-10609,C2239,,App timed out showing network error while paying 100 taka.,FAILED_PAYMENT,INVESTIGATING,2026-09-25 15:35:36.335678
CMP-10610,C1877,TX29472,"Suspicious transaction alert triggered on my account, need urgent review.",ACCOUNT_ISSUE,INVESTIGATING,2026-09-25 01:10:38.335678
CMP-10611,C2302,TX22972,"Tried to pay 49 taka, said balance low, but I think I have enough funds.",ACCOUNT_ISSUE,RESOLVED,2026-09-25 20:52:44.335678
CMP-10612,C2314,TX31362,"Payment failed with weird error code ERR_999, what happened to my 2256 taka?",FAILED_PAYMENT,INVESTIGATING,2026-09-27 17:59:07.335678
CMP-10613,C2060,TX30099,"Network timeout during processing, app closed abruptly.",FAILED_PAYMENT,INVESTIGATING,2026-09-30 20:27:31.335678
CMP-10614,C2059,TX26245,"Shop owner said money didn't arrive, but SMS shows 2964 deducted.",TRANSACTION_DISPUTE,RESOLVED,2026-09-29 20:50:09.335678
CMP-10615,C134,TX26302,Taka kete niyeche kintu dokandari pay ni. Amount was 54 tk at merchant M14.,TRANSACTION_DISPUTE,INVESTIGATING,2026-09-22 16:11:36.335678
CMP-10616,C1010,,Connection lost during payment of 5107 tk to merchant M97.,FAILED_PAYMENT,INVESTIGATING,2026-09-22 11:50:47.335678
CMP-10617,C1070,TX25238,"My account is blocked after repeated transaction attempts, please unblock immediately.",ACCOUNT_ISSUE,NEW,2026-09-21 18:30:28.335678
CMP-10618,C137,TX27851,Amar 2839 taka refund hoy nai. Payment failed hoise kintu taka ferot ashe nai.,REFUND,RESOLVED,2026-10-01 06:45:07.335678
CMP-10619,C712,TX30898,Why did my payment get cancelled for balance check error?,ACCOUNT_ISSUE,NEW,2026-09-22 18:47:36.335678
CMP-10620,C1277,TX34599,"Internet connection dropped during PIN entry, don't know if money sent.",FAILED_PAYMENT,RESOLVED,2026-09-26 23:44:55.335678
CMP-10621,C2132,TX22210,App timed out showing network error while paying 209 taka.,FAILED_PAYMENT,NEW,2026-09-23 15:42:18.335678
CMP-10622,C1776,TX33775,"Status sync issue: money deducted, merchant received, app showing waiting for confirmation.",TRANSACTION_DISPUTE,NEW,2026-09-21 22:51:42.335678
CMP-10623,C1800,TX24853,"Failed transaction of 2504 tk on 17:51, reversal missing from my statement.",REFUND,RESOLVED,2026-09-30 19:24:24.335678
CMP-10624,C2156,TX21141,App timed out showing network error while paying 3089 taka.,FAILED_PAYMENT,RESOLVED,2026-09-30 01:15:08.335678
CMP-10625,C510,TX25844,Dui bar taka keteche! Paid once but charged twice 210 tk at merchant M11.,DUPLICATE_PAYMENT,NEW,2026-09-22 19:33:32.335678
CMP-10626,C1550,TX31156,"Suspicious transaction alert triggered on my account, need urgent review.",ACCOUNT_ISSUE,INVESTIGATING,2026-09-22 18:34:10.335678
CMP-10627,C1584,,"Shop owner said money didn't arrive, but SMS shows 465 deducted.",TRANSACTION_DISPUTE,RESOLVED,2026-10-01 10:06:54.335678
CMP-10628,C1605,,Got security warning after attempting multiple payments of 100000 taka.,ACCOUNT_ISSUE,RESOLVED,2026-09-21 04:36:02.335678
CMP-10629,C1770,,"Paid 3179 taka at merchant around 07:41, merchant claims no payment received.",TRANSACTION_DISPUTE,INVESTIGATING,2026-09-21 09:13:25.335678
CMP-10630,C1963,,Why did my payment get cancelled for balance check error?,ACCOUNT_ISSUE,INVESTIGATING,2026-09-24 17:23:07.335678
CMP-10631,C2460,,"Payment of 4819 failed yesterday, message said reversal in 2 hours but still not refunded.",REFUND,NEW,2026-09-29 14:35:11.335678
CMP-10632,C1317,TX33830,"Shop owner said money didn't arrive, but SMS shows 45 deducted.",TRANSACTION_DISPUTE,INVESTIGATING,2026-09-27 15:18:04.335678
CMP-10633,C1897,,"Merchant says payment succeeded and gave goods, but my app shows status 'PENDING'.",TRANSACTION_DISPUTE,RESOLVED,2026-09-22 06:33:03.335678
CMP-10634,C2302,TX27199,"Status sync issue: money deducted, merchant received, app showing waiting for confirmation.",TRANSACTION_DISPUTE,INVESTIGATING,2026-09-30 17:12:15.335678
CMP-10635,C1032,TX32681,Why is my transaction still showing pending after 3 hours? Amount 479 taka.,TRANSACTION_DISPUTE,RESOLVED,2026-10-01 07:09:46.335678
CMP-10636,C2157,TX21045,Dui bar taka keteche! Paid once but charged twice 1090 tk at merchant M83.,DUPLICATE_PAYMENT,NEW,2026-09-25 13:17:48.335678
CMP-10637,C1193,TX23201,"Payment of 2251 failed yesterday, message said reversal in 2 hours but still not refunded.",REFUND,RESOLVED,2026-09-20 13:45:00.335678
CMP-10638,C506,TX21144,Why is my transaction still showing pending after 3 hours? Amount 91 taka.,TRANSACTION_DISPUTE,INVESTIGATING,2026-09-30 00:38:10.335678
CMP-10639,C1960,TX34729,"Transaction crashed with unknown server error, please investigate.",FAILED_PAYMENT,NEW,2026-10-03 02:43:33.335678
CMP-10640,C712,TX29326,Why is my transaction still showing pending after 3 hours? Amount 1505 taka.,TRANSACTION_DISPUTE,RESOLVED,2026-10-02 06:12:48.335678
CMP-10641,C1469,,Double deduction happened for my merchant bill payment of 460 taka.,DUPLICATE_PAYMENT,NEW,2026-09-28 06:14:48.335678
CMP-10642,C2039,TX22205,Double deduction happened for my merchant bill payment of 1465 taka.,DUPLICATE_PAYMENT,NEW,2026-09-26 18:10:29.335678
CMP-10643,C659,,"Payment failed with weird error code ERR_999, what happened to my 49 taka?",FAILED_PAYMENT,NEW,2026-09-26 19:29:35.335678
CMP-10644,C2376,TX33472,"Status sync issue: money deducted, merchant received, app showing waiting for confirmation.",TRANSACTION_DISPUTE,RESOLVED,2026-10-01 10:19:00.335678
CMP-10645,C325,,"Network timeout during processing, app closed abruptly.",FAILED_PAYMENT,NEW,2026-09-23 00:55:11.335678
CMP-10646,C1722,,Taka kete niyeche kintu dokandari pay ni. Amount was 90 tk at merchant M45.,TRANSACTION_DISPUTE,INVESTIGATING,2026-09-30 01:05:16.335678
CMP-10647,C2294,TX32124,"I only made one payment of 7448 taka, but money was deducted TWICE from my account!",DUPLICATE_PAYMENT,INVESTIGATING,2026-10-02 12:37:57.335678
CMP-10648,C1605,,Dui bar taka keteche! Paid once but charged twice 1632 tk at merchant M169.,DUPLICATE_PAYMENT,NEW,2026-09-30 07:56:06.335678
CMP-10649,C2196,TX25758,"Shop owner said money didn't arrive, but SMS shows 1018 deducted.",TRANSACTION_DISPUTE,INVESTIGATING,2026-09-25 20:53:22.335678
CMP-10650,C772,TX26480,"Suspicious transaction alert triggered on my account, need urgent review.",ACCOUNT_ISSUE,INVESTIGATING,2026-09-21 17:39:47.335678
CMP-10651,C1025,TX25469,"Paid 1061 taka at merchant around 07:32, merchant claims no payment received.",TRANSACTION_DISPUTE,INVESTIGATING,2026-09-24 09:17:36.335678
CMP-10652,C530,,App timed out showing network error while paying 5080 taka.,FAILED_PAYMENT,RESOLVED,2026-09-30 07:04:42.335678
CMP-10653,C642,TX34698,"Network timeout during processing, app closed abruptly.",FAILED_PAYMENT,RESOLVED,2026-10-03 12:29:50.335678
CMP-10654,C695,TX22027,App timed out showing network error while paying 915 taka.,FAILED_PAYMENT,RESOLVED,2026-09-30 01:19:45.335678
CMP-10655,C497,TX20565,"Suspicious transaction alert triggered on my account, need urgent review.",ACCOUNT_ISSUE,NEW,2026-10-02 18:24:39.335678
CMP-10656,C1807,TX20846,Why is my transaction still showing pending after 3 hours? Amount 12563 taka.,TRANSACTION_DISPUTE,RESOLVED,2026-09-23 23:15:07.335678
CMP-10657,C1070,TX28853,Connection lost during payment of 13190 tk to merchant M37.,FAILED_PAYMENT,RESOLVED,2026-09-21 02:53:00.335678
CMP-10658,C1351,,System gave unknown error during payment of 471 taka.,FAILED_PAYMENT,NEW,2026-09-30 02:45:19.335678
CMP-10659,C1997,,Connection lost during payment of 47 tk to merchant M173.,FAILED_PAYMENT,NEW,2026-09-20 10:18:02.335678
CMP-10660,C2486,TX26362,"Payment failed with weird error code ERR_999, what happened to my 2266 taka?",FAILED_PAYMENT,NEW,2026-09-24 14:19:55.335678
CMP-10661,C1290,,System gave unknown error during payment of 7997 taka.,FAILED_PAYMENT,RESOLVED,2026-09-20 10:18:13.335678
CMP-10662,C902,TX27735,Got security warning after attempting multiple payments of 100000 taka.,ACCOUNT_ISSUE,RESOLVED,2026-09-25 04:53:06.335678
CMP-10663,C2362,,"Transaction crashed with unknown server error, please investigate.",FAILED_PAYMENT,INVESTIGATING,2026-09-20 14:03:00.335678
CMP-10664,C125,,"Payment failed with weird error code ERR_999, what happened to my 1641 taka?",FAILED_PAYMENT,NEW,2026-10-01 06:09:20.335678
CMP-10665,C2495,TX26117,App timed out showing network error while paying 1387 taka.,FAILED_PAYMENT,INVESTIGATING,2026-09-22 12:36:58.335678
CMP-10666,C1246,,Dui bar taka keteche! Paid once but charged twice 495 tk at merchant M73.,DUPLICATE_PAYMENT,NEW,2026-09-30 06:26:31.335678
CMP-10667,C1509,,"Tried to pay 203 taka, said balance low, but I think I have enough funds.",ACCOUNT_ISSUE,INVESTIGATING,2026-09-27 15:16:21.335678
CMP-10668,C2472,,"Failed transaction of 2961 tk on 08:41, reversal missing from my statement.",REFUND,NEW,2026-10-03 10:24:55.335678
CMP-10669,C962,TX32193,"Paid 7510 taka at merchant around 02:15, merchant claims no payment received.",TRANSACTION_DISPUTE,RESOLVED,2026-09-27 02:39:42.335678
CMP-10670,C1480,TX31275,Amar 12191 taka refund hoy nai. Payment failed hoise kintu taka ferot ashe nai.,REFUND,INVESTIGATING,2026-10-01 06:21:06.335678
CMP-10671,C299,TX20207,"Shop owner said money didn't arrive, but SMS shows 998 deducted.",TRANSACTION_DISPUTE,RESOLVED,2026-09-26 22:49:32.335678
CMP-10672,C1663,,"Payment of 1534 failed yesterday, message said reversal in 2 hours but still not refunded.",REFUND,NEW,2026-09-23 05:08:36.335678
CMP-10673,C2252,,Got security warning after attempting multiple payments of 60000 taka.,ACCOUNT_ISSUE,NEW,2026-09-22 14:23:45.335678
CMP-10674,C2217,TX23177,"Internet connection dropped during PIN entry, don't know if money sent.",FAILED_PAYMENT,RESOLVED,2026-09-28 02:07:40.335678
CMP-10675,C2152,,Amar 478 taka refund hoy nai. Payment failed hoise kintu taka ferot ashe nai.,REFUND,RESOLVED,2026-09-27 15:46:17.335678
CMP-10676,C2392,,"I only made one payment of 2427 taka, but money was deducted TWICE from my account!",DUPLICATE_PAYMENT,RESOLVED,2026-09-26 19:31:18.335678
CMP-10677,C2464,TX26708,"Suspicious transaction alert triggered on my account, need urgent review.",ACCOUNT_ISSUE,NEW,2026-09-28 16:42:39.335678
CMP-10678,C2450,TX27658,"Tried to pay 7454 taka, said balance low, but I think I have enough funds.",ACCOUNT_ISSUE,NEW,2026-10-01 11:03:10.335678
CMP-10679,C1878,,"Failed transaction of 2296 tk on 06:08, reversal missing from my statement.",REFUND,RESOLVED,2026-09-28 06:51:45.335678
CMP-10680,C542,TX34822,"Transaction failed at payment gateway, money deducted from wallet, no reversal received yet.",REFUND,INVESTIGATING,2026-09-25 18:29:20.335678
CMP-10681,C361,TX27922,"Status sync issue: money deducted, merchant received, app showing waiting for confirmation.",TRANSACTION_DISPUTE,INVESTIGATING,2026-09-28 03:18:37.335678
CMP-10682,C2469,,Connection lost during payment of 508 tk to merchant M12.,FAILED_PAYMENT,INVESTIGATING,2026-09-24 12:59:20.335678
CMP-10683,C2118,,Duplicate charge: two debits of 105 tk within seconds for the same purchase.,DUPLICATE_PAYMENT,NEW,2026-09-25 16:30:34.335678
CMP-10684,C2234,TX27327,"Shop owner said money didn't arrive, but SMS shows 3085 deducted.",TRANSACTION_DISPUTE,INVESTIGATING,2026-09-22 14:18:14.335678
CMP-10685,C2398,TX26047,"Network timeout during processing, app closed abruptly.",FAILED_PAYMENT,NEW,2026-09-30 09:57:58.335678
CMP-10686,C1413,TX23018,"Transaction failed at payment gateway, money deducted from wallet, no reversal received yet.",REFUND,NEW,2026-09-22 18:58:42.335678
CMP-10687,C2392,,"I only made one payment of 2427 taka, but money was deducted TWICE from my account!",DUPLICATE_PAYMENT,INVESTIGATING,2026-09-26 19:38:18.335678
CMP-10688,C1992,TX26216,"Status sync issue: money deducted, merchant received, app showing waiting for confirmation.",TRANSACTION_DISPUTE,INVESTIGATING,2026-09-22 08:24:28.335678
CMP-10689,C160,TX30199,Taka kete niyeche kintu dokandari pay ni. Amount was 45 tk at merchant M14.,TRANSACTION_DISPUTE,NEW,2026-10-03 19:21:25.335678
CMP-10690,C1730,TX20991,"Transaction was rejected stating insufficient balance, please check my account statement.",ACCOUNT_ISSUE,INVESTIGATING,2026-10-01 22:45:53.335678
CMP-10691,C1783,,"Shop owner said money didn't arrive, but SMS shows 454 deducted.",TRANSACTION_DISPUTE,RESOLVED,2026-09-23 22:13:47.335678
CMP-10692,C2280,,"Payment of 47 failed yesterday, message said reversal in 2 hours but still not refunded.",REFUND,NEW,2026-09-30 12:46:26.335678
CMP-10693,C322,,"Customer care promised reversal for 2989 tk within 24 hours, still no refund.",REFUND,RESOLVED,2026-09-27 10:39:17.335678
CMP-10694,C1752,TX26249,"Suspicious transaction alert triggered on my account, need urgent review.",ACCOUNT_ISSUE,NEW,2026-09-26 08:58:49.335678
CMP-10695,C1454,TX29560,Connection lost during payment of 4598 tk to merchant M21.,FAILED_PAYMENT,NEW,2026-09-25 23:12:39.335678
CMP-10696,C1697,,"Transaction crashed with unknown server error, please investigate.",FAILED_PAYMENT,RESOLVED,2026-09-27 04:23:25.335678
CMP-10697,C2103,TX23623,Taka kete niyeche kintu dokandari pay ni. Amount was 2689 tk at merchant M60.,TRANSACTION_DISPUTE,INVESTIGATING,2026-09-23 12:00:58.335678
CMP-10698,C1325,TX30377,"Customer care promised reversal for 453 tk within 24 hours, still no refund.",REFUND,NEW,2026-09-26 17:26:18.335678
CMP-10699,C1507,,Got security warning after attempting multiple payments of 60000 taka.,ACCOUNT_ISSUE,NEW,2026-10-02 19:09:19.335678
CMP-10700,C723,TX30715,Why is my transaction still showing pending after 3 hours? Amount 206 taka.,TRANSACTION_DISPUTE,INVESTIGATING,2026-10-03 02:36:38.335678
CMP-10701,C789,TX20961,"Status sync issue: money deducted, merchant received, app showing waiting for confirmation.",TRANSACTION_DISPUTE,INVESTIGATING,2026-09-23 18:06:00.335678
CMP-10702,C2424,TX31370,Double deduction happened for my merchant bill payment of 1546 taka.,DUPLICATE_PAYMENT,NEW,2026-09-25 02:49:16.335678
CMP-10703,C2029,TX24573,"I scanned QR at merchant M77 and 2259 taka was cut, but POS machine showed failed.",TRANSACTION_DISPUTE,INVESTIGATING,2026-09-26 01:38:02.335678
CMP-10704,C1293,TX22909,"Internet connection dropped during PIN entry, don't know if money sent.",FAILED_PAYMENT,RESOLVED,2026-09-24 23:20:39.335678
CMP-10705,C1272,TX30915,"I scanned QR at merchant M55 and 103 taka was cut, but POS machine showed failed.",TRANSACTION_DISPUTE,NEW,2026-09-27 21:55:56.335678
CMP-10706,C352,TX21841,App timed out showing network error while paying 1361 taka.,FAILED_PAYMENT,RESOLVED,2026-09-27 01:44:15.335678
CMP-10707,C2417,TX23978,Taka kete niyeche kintu dokandari pay ni. Amount was 1403 tk at merchant M25.,TRANSACTION_DISPUTE,NEW,2026-09-24 07:37:18.335678
CMP-10708,C511,,"Customer care promised reversal for 1017 tk within 24 hours, still no refund.",REFUND,RESOLVED,2026-10-02 07:17:49.335678
CMP-10709,C2131,TX27900,App shows pending for 7685 BDT even though merchant got confirmation SMS.,TRANSACTION_DISPUTE,NEW,2026-09-24 20:59:48.335678
CMP-10710,C1911,TX34189,Taka kete niyeche kintu dokandari pay ni. Amount was 48 tk at merchant M49.,TRANSACTION_DISPUTE,NEW,2026-09-29 05:40:52.335678
CMP-10711,C1217,TX34885,App shows pending for 100 BDT even though merchant got confirmation SMS.,TRANSACTION_DISPUTE,INVESTIGATING,2026-10-03 18:01:29.335678
CMP-10712,C1276,TX21923,"Status sync issue: money deducted, merchant received, app showing waiting for confirmation.",TRANSACTION_DISPUTE,INVESTIGATING,2026-09-22 22:34:26.335678
CMP-10713,C2201,,Double deduction happened for my merchant bill payment of 4730 taka.,DUPLICATE_PAYMENT,NEW,2026-10-01 10:13:00.335678
CMP-10714,C2363,TX32773,Money has been deducted from my account (2636 BDT) but the shopkeeper didn't receive it.,TRANSACTION_DISPUTE,INVESTIGATING,2026-09-28 04:14:03.335678
CMP-10715,C251,TX25456,Double deduction happened for my merchant bill payment of 50 taka.,DUPLICATE_PAYMENT,INVESTIGATING,2026-09-28 05:38:34.335678
CMP-10716,C2047,TX33253,Got security warning after attempting multiple payments of 60000 taka.,ACCOUNT_ISSUE,RESOLVED,2026-09-26 09:40:59.335678
CMP-10717,C701,TX25489,"I scanned QR at merchant M142 and 2737 taka was cut, but POS machine showed failed.",TRANSACTION_DISPUTE,NEW,2026-10-02 14:28:02.335678
CMP-10718,C825,TX26485,App shows pending for 11683 BDT even though merchant got confirmation SMS.,TRANSACTION_DISPUTE,INVESTIGATING,2026-09-22 06:48:16.335678
CMP-10719,C342,,System gave unknown error during payment of 1378 taka.,FAILED_PAYMENT,NEW,2026-10-02 20:15:02.335678
CMP-10720,C1504,TX26747,App shows pending for 8089 BDT even though merchant got confirmation SMS.,TRANSACTION_DISPUTE,RESOLVED,2026-09-26 11:54:49.335678
CMP-10721,C1030,,Double deduction happened for my merchant bill payment of 476 taka.,DUPLICATE_PAYMENT,INVESTIGATING,2026-09-30 10:20:59.335678
CMP-10722,C1523,,"Payment of 8567 failed yesterday, message said reversal in 2 hours but still not refunded.",REFUND,INVESTIGATING,2026-09-21 12:20:09.335678
CMP-10723,C2176,TX32744,Money has been deducted from my account (4691 BDT) but the shopkeeper didn't receive it.,TRANSACTION_DISPUTE,RESOLVED,2026-09-29 08:16:42.335678
CMP-10724,C1896,TX32380,Duplicate charge: two debits of 486 tk within seconds for the same purchase.,DUPLICATE_PAYMENT,INVESTIGATING,2026-09-24 22:14:52.335678
CMP-10725,C1151,,Double deduction happened for my merchant bill payment of 93 taka.,DUPLICATE_PAYMENT,NEW,2026-10-01 10:09:36.335678
CMP-10726,C1716,,"Internet connection dropped during PIN entry, don't know if money sent.",FAILED_PAYMENT,RESOLVED,2026-09-29 12:42:32.335678
CMP-10727,C844,TX21068,"Network timeout during processing, app closed abruptly.",FAILED_PAYMENT,RESOLVED,2026-09-25 03:56:04.335678
CMP-10728,C2353,TX28932,"I scanned QR at merchant M158 and 4854 taka was cut, but POS machine showed failed.",TRANSACTION_DISPUTE,INVESTIGATING,2026-09-22 14:55:46.335678
CMP-10729,C1456,TX20269,"Failed transaction of 107 tk on 12:54, reversal missing from my statement.",REFUND,INVESTIGATING,2026-09-25 13:46:50.335678
CMP-10730,C1254,TX20804,Duplicate charge: two debits of 98 tk within seconds for the same purchase.,DUPLICATE_PAYMENT,NEW,2026-09-29 12:58:32.335678
CMP-10731,C1010,TX26686,Why did my payment get cancelled for balance check error?,ACCOUNT_ISSUE,INVESTIGATING,2026-09-30 22:02:41.335678
CMP-10732,C1745,TX21909,"Internet connection dropped during PIN entry, don't know if money sent.",FAILED_PAYMENT,RESOLVED,2026-09-24 13:40:41.335678
CMP-10733,C2061,TX25178,"I scanned QR at merchant M142 and 2365 taka was cut, but POS machine showed failed.",TRANSACTION_DISPUTE,RESOLVED,2026-09-27 05:13:26.335678
CMP-10734,C118,TX31811,"Merchant says payment succeeded and gave goods, but my app shows status 'PENDING'.",TRANSACTION_DISPUTE,NEW,2026-10-02 23:48:41.335678
CMP-10735,C941,,Connection lost during payment of 8015 tk to merchant M142.,FAILED_PAYMENT,RESOLVED,2026-09-27 03:20:51.335678
CMP-10736,C1702,TX33169,App timed out showing network error while paying 3173 taka.,FAILED_PAYMENT,RESOLVED,2026-09-22 18:41:04.335678
CMP-10737,C2469,,App timed out showing network error while paying 508 taka.,FAILED_PAYMENT,INVESTIGATING,2026-09-24 12:50:20.335678
CMP-10738,C1909,,Taka kete niyeche kintu dokandari pay ni. Amount was 12225 tk at merchant M167.,TRANSACTION_DISPUTE,NEW,2026-10-01 03:29:24.335678
CMP-10739,C1685,,"I scanned QR at merchant M84 and 8320 taka was cut, but POS machine showed failed.",TRANSACTION_DISPUTE,INVESTIGATING,2026-09-26 19:08:52.335678
CMP-10740,C1234,TX21685,"I scanned QR at merchant M140 and 7872 taka was cut, but POS machine showed failed.",TRANSACTION_DISPUTE,INVESTIGATING,2026-09-21 05:09:15.335678
CMP-10741,C1167,TX26058,"I scanned QR at merchant M95 and 1373 taka was cut, but POS machine showed failed.",TRANSACTION_DISPUTE,INVESTIGATING,2026-09-27 01:05:55.335678
CMP-10742,C1769,,Connection lost during payment of 5427 tk to merchant M47.,FAILED_PAYMENT,NEW,2026-09-29 00:18:09.335678
CMP-10743,C2030,TX33274,Double deduction happened for my merchant bill payment of 4749 taka.,DUPLICATE_PAYMENT,INVESTIGATING,2026-09-22 09:33:38.335678
CMP-10744,C2128,TX33446,App timed out showing network error while paying 48 taka.,FAILED_PAYMENT,NEW,2026-09-23 07:07:34.335678
CMP-10745,C210,,Got security warning after attempting multiple payments of 120000 taka.,ACCOUNT_ISSUE,INVESTIGATING,2026-09-20 21:45:07.335678
CMP-10746,C1121,,Taka kete niyeche kintu dokandari pay ni. Amount was 90 tk at merchant M35.,TRANSACTION_DISPUTE,RESOLVED,2026-09-23 01:49:41.335678
CMP-10747,C1585,TX32370,Taka kete niyeche kintu dokandari pay ni. Amount was 987 tk at merchant M35.,TRANSACTION_DISPUTE,INVESTIGATING,2026-09-22 11:04:02.335678
CMP-10748,C2210,,App timed out showing network error while paying 5181 taka.,FAILED_PAYMENT,RESOLVED,2026-09-29 22:09:24.335678
CMP-10749,C755,,"Transaction was rejected stating insufficient balance, please check my account statement.",ACCOUNT_ISSUE,NEW,2026-09-28 00:34:30.335678
CMP-10750,C1937,TX22333,"Failed transaction of 48 tk on 19:17, reversal missing from my statement.",REFUND,INVESTIGATING,2026-10-02 20:42:03.335678
CMP-10751,C2217,TX23337,"Suspicious transaction alert triggered on my account, need urgent review.",ACCOUNT_ISSUE,NEW,2026-09-20 13:05:09.335678
CMP-10752,C2437,,"Transaction was rejected stating insufficient balance, please check my account statement.",ACCOUNT_ISSUE,RESOLVED,2026-09-21 20:57:41.335678
CMP-10753,C813,,"Internet connection dropped during PIN entry, don't know if money sent.",FAILED_PAYMENT,RESOLVED,2026-09-29 02:21:10.335678
CMP-10754,C1752,TX26249,"Suspicious transaction alert triggered on my account, need urgent review.",ACCOUNT_ISSUE,NEW,2026-09-26 07:55:49.335678
CMP-10755,C2423,TX21813,"I scanned QR at merchant M65 and 2954 taka was cut, but POS machine showed failed.",TRANSACTION_DISPUTE,NEW,2026-09-30 18:33:26.335678
CMP-10756,C500,TX33016,App timed out showing network error while paying 48 taka.,FAILED_PAYMENT,INVESTIGATING,2026-09-26 19:06:02.335678
CMP-10757,C2198,TX23088,"Transaction failed at payment gateway, money deducted from wallet, no reversal received yet.",REFUND,NEW,2026-09-24 21:24:21.335678
CMP-10758,C1092,TX23321,"Paid 1534 taka at merchant around 15:26, merchant claims no payment received.",TRANSACTION_DISPUTE,RESOLVED,2026-10-01 17:05:33.335678
CMP-10759,C1340,TX30733,"Internet connection dropped during PIN entry, don't know if money sent.",FAILED_PAYMENT,NEW,2026-09-27 05:00:21.335678
CMP-10760,C1373,TX34973,"Shop owner said money didn't arrive, but SMS shows 1021 deducted.",TRANSACTION_DISPUTE,RESOLVED,2026-09-21 09:27:01.335678
CMP-10761,C2108,TX25840,"Customer care promised reversal for 2713 tk within 24 hours, still no refund.",REFUND,NEW,2026-09-21 01:48:34.335678
CMP-10762,C582,TX32452,"I only made one payment of 50 taka, but money was deducted TWICE from my account!",DUPLICATE_PAYMENT,NEW,2026-09-29 17:20:42.335678
CMP-10763,C1683,TX30412,"Shop owner said money didn't arrive, but SMS shows 1598 deducted.",TRANSACTION_DISPUTE,RESOLVED,2026-09-28 08:08:29.335678
CMP-10764,C571,,Money has been deducted from my account (181 BDT) but the shopkeeper didn't receive it.,TRANSACTION_DISPUTE,INVESTIGATING,2026-09-22 18:11:37.335678
CMP-10765,C2280,TX29831,"Internet connection dropped during PIN entry, don't know if money sent.",FAILED_PAYMENT,INVESTIGATING,2026-09-22 01:36:25.335678
CMP-10766,C1680,,"Merchant says payment succeeded and gave goods, but my app shows status 'PENDING'.",TRANSACTION_DISPUTE,NEW,2026-09-23 18:04:28.335678
CMP-10767,C2489,TX32903,Dui bar taka keteche! Paid once but charged twice 1528 tk at merchant M99.,DUPLICATE_PAYMENT,NEW,2026-09-22 13:52:45.335678
CMP-10768,C2047,TX27583,"Transaction crashed with unknown server error, please investigate.",FAILED_PAYMENT,RESOLVED,2026-09-28 12:26:54.335678
CMP-10769,C421,TX31988,"I scanned QR at merchant M158 and 4632 taka was cut, but POS machine showed failed.",TRANSACTION_DISPUTE,NEW,2026-09-20 23:02:07.335678
CMP-10770,C2048,TX31973,"Network timeout during processing, app closed abruptly.",FAILED_PAYMENT,RESOLVED,2026-09-24 10:12:01.335678
CMP-10771,C386,TX20893,"Paid 97 taka at merchant around 08:25, merchant claims no payment received.",TRANSACTION_DISPUTE,INVESTIGATING,2026-09-23 08:39:02.335678
CMP-10772,C1898,TX25599,"Suspicious transaction alert triggered on my account, need urgent review.",ACCOUNT_ISSUE,NEW,2026-09-23 21:46:06.335678
CMP-10773,C2436,TX21239,Connection lost during payment of 4852 tk to merchant M131.,FAILED_PAYMENT,NEW,2026-10-03 14:02:48.335678
CMP-10774,C793,,Why did my payment get cancelled for balance check error?,ACCOUNT_ISSUE,INVESTIGATING,2026-09-26 12:40:55.335678
CMP-10775,C911,TX32503,App shows pending for 98 BDT even though merchant got confirmation SMS.,TRANSACTION_DISPUTE,RESOLVED,2026-09-26 01:40:12.335678
CMP-10776,C1231,TX21608,"I only made one payment of 194 taka, but money was deducted TWICE from my account!",DUPLICATE_PAYMENT,RESOLVED,2026-10-01 12:48:34.335678
CMP-10777,C437,,"Merchant says payment succeeded and gave goods, but my app shows status 'PENDING'.",TRANSACTION_DISPUTE,INVESTIGATING,2026-10-01 13:11:29.335678
CMP-10778,C1577,TX25074,"Network timeout during processing, app closed abruptly.",FAILED_PAYMENT,RESOLVED,2026-09-29 10:37:19.335678
CMP-10779,C2119,TX22448,"Payment of 5050 failed yesterday, message said reversal in 2 hours but still not refunded.",REFUND,INVESTIGATING,2026-09-23 13:52:15.335678
CMP-10780,C787,TX20965,Dui bar taka keteche! Paid once but charged twice 181 tk at merchant M195.,DUPLICATE_PAYMENT,NEW,2026-09-22 15:22:44.335678
CMP-10781,C1669,,Why is my transaction still showing pending after 3 hours? Amount 1013 taka.,TRANSACTION_DISPUTE,INVESTIGATING,2026-09-29 23:18:23.335678
CMP-10782,C319,TX32180,"Status sync issue: money deducted, merchant received, app showing waiting for confirmation.",TRANSACTION_DISPUTE,NEW,2026-09-28 05:36:28.335678
CMP-10783,C932,,"Payment failed with weird error code ERR_999, what happened to my 2412 taka?",FAILED_PAYMENT,INVESTIGATING,2026-09-30 13:04:31.335678
CMP-10784,C663,,"Transaction was rejected stating insufficient balance, please check my account statement.",ACCOUNT_ISSUE,RESOLVED,2026-10-03 11:44:50.335678
CMP-10785,C958,,App timed out showing network error while paying 1628 taka.,FAILED_PAYMENT,INVESTIGATING,2026-09-21 14:36:13.335678
CMP-10786,C781,TX28588,Dui bar taka keteche! Paid once but charged twice 2774 tk at merchant M111.,DUPLICATE_PAYMENT,NEW,2026-10-03 01:44:16.335678
CMP-10787,C815,TX23943,Dui bar taka keteche! Paid once but charged twice 45 tk at merchant M100.,DUPLICATE_PAYMENT,NEW,2026-09-22 14:41:18.335678
CMP-10788,C1785,TX34925,"Failed transaction of 7627 tk on 19:07, reversal missing from my statement.",REFUND,RESOLVED,2026-09-24 20:07:28.335678
CMP-10789,C1400,TX34458,Why did my payment get cancelled for balance check error?,ACCOUNT_ISSUE,RESOLVED,2026-09-20 18:35:44.335678
CMP-10790,C1496,TX29293,"I scanned QR at merchant M180 and 46 taka was cut, but POS machine showed failed.",TRANSACTION_DISPUTE,RESOLVED,2026-09-28 00:08:42.335678
CMP-10791,C180,TX33479,"I only made one payment of 7503 taka, but money was deducted TWICE from my account!",DUPLICATE_PAYMENT,NEW,2026-09-25 12:15:04.335678
CMP-10792,C778,TX24220,"Status sync issue: money deducted, merchant received, app showing waiting for confirmation.",TRANSACTION_DISPUTE,NEW,2026-10-02 00:10:13.335678
CMP-10793,C522,TX21064,"Status sync issue: money deducted, merchant received, app showing waiting for confirmation.",TRANSACTION_DISPUTE,INVESTIGATING,2026-09-23 14:59:16.335678
CMP-10794,C1090,,Amar 219 taka refund hoy nai. Payment failed hoise kintu taka ferot ashe nai.,REFUND,NEW,2026-10-03 18:03:48.335678
CMP-10795,C886,TX28328,Money has been deducted from my account (2630 BDT) but the shopkeeper didn't receive it.,TRANSACTION_DISPUTE,NEW,2026-09-22 12:47:54.335678
CMP-10796,C244,TX29439,"I only made one payment of 4858 taka, but money was deducted TWICE from my account!",DUPLICATE_PAYMENT,INVESTIGATING,2026-10-03 04:17:18.335678
CMP-10797,C850,TX25942,"Status sync issue: money deducted, merchant received, app showing waiting for confirmation.",TRANSACTION_DISPUTE,NEW,2026-09-24 20:25:55.335678
CMP-10798,C1855,TX25414,App shows pending for 7405 BDT even though merchant got confirmation SMS.,TRANSACTION_DISPUTE,RESOLVED,2026-09-25 17:21:24.335678
CMP-10799,C2116,,App timed out showing network error while paying 8711 taka.,FAILED_PAYMENT,RESOLVED,2026-09-20 12:45:21.335678
CMP-10800,C435,TX23917,"Merchant says payment succeeded and gave goods, but my app shows status 'PENDING'.",TRANSACTION_DISPUTE,RESOLVED,2026-09-30 18:21:33.335678
CMP-10801,C490,TX20433,"Shop owner said money didn't arrive, but SMS shows 12543 deducted.",TRANSACTION_DISPUTE,RESOLVED,2026-09-28 09:34:44.335678
CMP-10802,C2070,,"Suspicious transaction alert triggered on my account, need urgent review.",ACCOUNT_ISSUE,NEW,2026-10-03 01:07:32.335678
CMP-10803,C728,TX23405,App timed out showing network error while paying 12748 taka.,FAILED_PAYMENT,INVESTIGATING,2026-10-01 00:05:37.335678
CMP-10804,C1098,TX28144,Money has been deducted from my account (1485 BDT) but the shopkeeper didn't receive it.,TRANSACTION_DISPUTE,INVESTIGATING,2026-10-02 19:16:04.335678
CMP-10805,C206,TX30342,"Status sync issue: money deducted, merchant received, app showing waiting for confirmation.",TRANSACTION_DISPUTE,NEW,2026-09-25 14:20:07.335678
CMP-10806,C2448,TX28461,"Tried to pay 5074 taka, said balance low, but I think I have enough funds.",ACCOUNT_ISSUE,NEW,2026-10-02 09:27:53.335678
CMP-10807,C339,TX29617,Dui bar taka keteche! Paid once but charged twice 2482 tk at merchant M17.,DUPLICATE_PAYMENT,RESOLVED,2026-09-24 03:46:19.335678
CMP-10808,C1354,,"Shop owner said money didn't arrive, but SMS shows 1385 deducted.",TRANSACTION_DISPUTE,RESOLVED,2026-09-22 03:02:51.335678
CMP-10809,C1325,TX27573,Money has been deducted from my account (1012 BDT) but the shopkeeper didn't receive it.,TRANSACTION_DISPUTE,RESOLVED,2026-09-23 12:55:18.335678
CMP-10810,C2368,TX32308,App timed out showing network error while paying 100 taka.,FAILED_PAYMENT,INVESTIGATING,2026-09-30 22:53:36.335678
CMP-10811,C813,TX20924,"Network timeout during processing, app closed abruptly.",FAILED_PAYMENT,INVESTIGATING,2026-09-20 12:55:07.335678
CMP-10812,C1680,TX21565,"Merchant says payment succeeded and gave goods, but my app shows status 'PENDING'.",TRANSACTION_DISPUTE,RESOLVED,2026-09-23 19:05:28.335678
CMP-10813,C1298,TX23704,Why did my payment get cancelled for balance check error?,ACCOUNT_ISSUE,NEW,2026-09-22 15:06:17.335678
CMP-10814,C1353,TX23885,"Failed transaction of 2657 tk on 18:33, reversal missing from my statement.",REFUND,INVESTIGATING,2026-10-03 19:45:11.335678
CMP-10815,C681,TX24616,"Payment of 4716 failed yesterday, message said reversal in 2 hours but still not refunded.",REFUND,RESOLVED,2026-09-29 00:06:50.335678
CMP-10816,C1693,TX25289,Amar 5248 taka refund hoy nai. Payment failed hoise kintu taka ferot ashe nai.,REFUND,INVESTIGATING,2026-09-23 17:37:56.335678
CMP-10817,C1223,TX33453,"I scanned QR at merchant M125 and 47 taka was cut, but POS machine showed failed.",TRANSACTION_DISPUTE,NEW,2026-09-23 13:14:13.335678
CMP-10818,C1908,TX29044,"Failed transaction of 506 tk on 04:29, reversal missing from my statement.",REFUND,INVESTIGATING,2026-09-20 05:34:44.335678
CMP-10819,C1224,TX33897,"Paid 91 taka at merchant around 13:03, merchant claims no payment received.",TRANSACTION_DISPUTE,NEW,2026-09-29 13:43:22.335678
CMP-10820,C2482,,"I scanned QR at merchant M171 and 11148 taka was cut, but POS machine showed failed.",TRANSACTION_DISPUTE,NEW,2026-10-03 18:05:30.335678
CMP-10821,C2399,TX30364,"Failed transaction of 2742 tk on 03:24, reversal missing from my statement.",REFUND,INVESTIGATING,2026-09-30 04:33:27.335678
CMP-10822,C1457,TX27640,Double deduction happened for my merchant bill payment of 4681 taka.,DUPLICATE_PAYMENT,RESOLVED,2026-09-20 23:56:05.335678
CMP-10823,C1002,TX24996,"Transaction failed at payment gateway, money deducted from wallet, no reversal received yet.",REFUND,RESOLVED,2026-09-21 10:10:16.335678
CMP-10824,C1792,TX26657,Why is my transaction still showing pending after 3 hours? Amount 1459 taka.,TRANSACTION_DISPUTE,INVESTIGATING,2026-09-20 09:12:56.335678
CMP-10825,C1743,TX21887,"Tried to pay 3026 taka, said balance low, but I think I have enough funds.",ACCOUNT_ISSUE,RESOLVED,2026-10-01 06:10:48.335678
CMP-10826,C2307,TX21028,"Internet connection dropped during PIN entry, don't know if money sent.",FAILED_PAYMENT,RESOLVED,2026-09-22 20:03:45.335678
CMP-10827,C2232,TX29141,Connection lost during payment of 4509 tk to merchant M145.,FAILED_PAYMENT,RESOLVED,2026-10-01 04:03:14.335678
CMP-10828,C290,TX31678,"Transaction failed at payment gateway, money deducted from wallet, no reversal received yet.",REFUND,INVESTIGATING,2026-09-20 05:03:49.335678
CMP-10829,C322,,Money has been deducted from my account (2687 BDT) but the shopkeeper didn't receive it.,TRANSACTION_DISPUTE,INVESTIGATING,2026-09-28 03:15:10.335678
CMP-10830,C1457,TX27640,Double deduction happened for my merchant bill payment of 4681 taka.,DUPLICATE_PAYMENT,INVESTIGATING,2026-09-20 23:49:05.335678
CMP-10831,C1812,TX32004,"Paid 5097 taka at merchant around 17:19, merchant claims no payment received.",TRANSACTION_DISPUTE,RESOLVED,2026-09-24 17:42:53.335678
CMP-10832,C1121,TX25988,App shows pending for 49 BDT even though merchant got confirmation SMS.,TRANSACTION_DISPUTE,RESOLVED,2026-09-25 17:42:39.335678
CMP-10833,C1082,TX26794,Why did my payment get cancelled for balance check error?,ACCOUNT_ISSUE,RESOLVED,2026-09-27 06:57:04.335678
CMP-10834,C2172,TX28441,"Paid 107 taka at merchant around 09:39, merchant claims no payment received.",TRANSACTION_DISPUTE,INVESTIGATING,2026-09-21 11:08:33.335678
CMP-10835,C1262,,"Internet connection dropped during PIN entry, don't know if money sent.",FAILED_PAYMENT,NEW,2026-09-22 21:27:02.335678
CMP-10836,C2377,TX29054,Why is my transaction still showing pending after 3 hours? Amount 48 taka.,TRANSACTION_DISPUTE,RESOLVED,2026-09-23 21:49:48.335678
CMP-10837,C2247,TX28134,"Status sync issue: money deducted, merchant received, app showing waiting for confirmation.",TRANSACTION_DISPUTE,RESOLVED,2026-10-02 00:30:01.335678
CMP-10838,C593,TX29894,"Payment of 214 failed yesterday, message said reversal in 2 hours but still not refunded.",REFUND,RESOLVED,2026-09-25 16:05:38.335678
CMP-10839,C1241,TX29749,"Transaction was rejected stating insufficient balance, please check my account statement.",ACCOUNT_ISSUE,NEW,2026-09-22 14:07:12.335678
CMP-10840,C926,TX20423,Money has been deducted from my account (2397 BDT) but the shopkeeper didn't receive it.,TRANSACTION_DISPUTE,RESOLVED,2026-10-03 07:27:45.335678
CMP-10841,C1203,TX26790,App shows pending for 193 BDT even though merchant got confirmation SMS.,TRANSACTION_DISPUTE,NEW,2026-09-27 02:00:48.335678
CMP-10842,C1570,TX22840,Why did my payment get cancelled for balance check error?,ACCOUNT_ISSUE,NEW,2026-10-03 20:06:18.335678
CMP-10843,C283,TX28086,"Shop owner said money didn't arrive, but SMS shows 12098 deducted.",TRANSACTION_DISPUTE,RESOLVED,2026-09-22 15:36:11.335678
CMP-10844,C1910,TX23008,Taka kete niyeche kintu dokandari pay ni. Amount was 180 tk at merchant M110.,TRANSACTION_DISPUTE,RESOLVED,2026-09-21 10:36:28.335678
CMP-10845,C1959,,"Customer care promised reversal for 195 tk within 24 hours, still no refund.",REFUND,INVESTIGATING,2026-09-21 17:16:28.335678
CMP-10846,C2131,,App shows pending for 7685 BDT even though merchant got confirmation SMS.,TRANSACTION_DISPUTE,INVESTIGATING,2026-09-24 21:50:48.335678
CMP-10847,C2166,,System gave unknown error during payment of 489 taka.,FAILED_PAYMENT,NEW,2026-09-27 06:46:10.335678
CMP-10848,C1123,TX25317,Duplicate charge: two debits of 11904 tk within seconds for the same purchase.,DUPLICATE_PAYMENT,INVESTIGATING,2026-10-02 05:19:06.335678
CMP-10849,C2289,,"Transaction failed at payment gateway, money deducted from wallet, no reversal received yet.",REFUND,NEW,2026-09-20 11:59:00.335678
CMP-10850,C1209,TX33044,"Status sync issue: money deducted, merchant received, app showing waiting for confirmation.",TRANSACTION_DISPUTE,RESOLVED,2026-09-30 04:10:08.335678
CMP-10851,C1251,TX33578,"Shop owner said money didn't arrive, but SMS shows 937 deducted.",TRANSACTION_DISPUTE,NEW,2026-10-02 19:19:30.335678
CMP-10852,C539,TX27800,App timed out showing network error while paying 1043 taka.,FAILED_PAYMENT,INVESTIGATING,2026-10-02 15:30:07.335678
CMP-10853,C1501,,Money has been deducted from my account (45 BDT) but the shopkeeper didn't receive it.,TRANSACTION_DISPUTE,RESOLVED,2026-09-23 20:11:56.335678
CMP-10854,C2252,TX26866,Connection lost during payment of 8523 tk to merchant M147.,FAILED_PAYMENT,INVESTIGATING,2026-09-29 21:59:57.335678
CMP-10855,C1945,TX31368,"I only made one payment of 4733 taka, but money was deducted TWICE from my account!",DUPLICATE_PAYMENT,NEW,2026-09-22 16:33:39.335678
CMP-10856,C1107,TX26160,Dui bar taka keteche! Paid once but charged twice 51 tk at merchant M110.,DUPLICATE_PAYMENT,NEW,2026-09-24 09:36:16.335678
CMP-10857,C134,TX26302,"I scanned QR at merchant M14 and 54 taka was cut, but POS machine showed failed.",TRANSACTION_DISPUTE,NEW,2026-09-22 16:04:36.335678
CMP-10858,C2395,TX31240,"Failed transaction of 1412 tk on 00:09, reversal missing from my statement.",REFUND,INVESTIGATING,2026-10-02 00:18:55.335678
CMP-10859,C1115,,Taka kete niyeche kintu dokandari pay ni. Amount was 2658 tk at merchant M50.,TRANSACTION_DISPUTE,RESOLVED,2026-09-27 17:33:36.335678
CMP-10860,C529,TX23473,"I scanned QR at merchant M149 and 1055 taka was cut, but POS machine showed failed.",TRANSACTION_DISPUTE,RESOLVED,2026-10-01 09:10:08.335678
CMP-10861,C1160,,"Paid 1507 taka at merchant around 11:05, merchant claims no payment received.",TRANSACTION_DISPUTE,INVESTIGATING,2026-09-23 12:38:16.335678
CMP-10862,C2022,TX27707,"Transaction crashed with unknown server error, please investigate.",FAILED_PAYMENT,INVESTIGATING,2026-09-25 14:20:14.335678
CMP-10863,C2021,TX25083,"I only made one payment of 12976 taka, but money was deducted TWICE from my account!",DUPLICATE_PAYMENT,INVESTIGATING,2026-09-27 03:31:05.335678
CMP-10864,C1769,TX25634,Amar 5122 taka refund hoy nai. Payment failed hoise kintu taka ferot ashe nai.,REFUND,NEW,2026-09-27 23:32:51.335678
CMP-10865,C1385,TX21444,App shows pending for 3148 BDT even though merchant got confirmation SMS.,TRANSACTION_DISPUTE,RESOLVED,2026-09-24 11:10:04.335678
CMP-10866,C195,,"Status sync issue: money deducted, merchant received, app showing waiting for confirmation.",TRANSACTION_DISPUTE,NEW,2026-10-02 05:35:01.335678
CMP-10867,C2498,TX28239,"Transaction failed at payment gateway, money deducted from wallet, no reversal received yet.",REFUND,NEW,2026-09-20 21:35:25.335678
CMP-10868,C876,,"Customer care promised reversal for 1075 tk within 24 hours, still no refund.",REFUND,NEW,2026-09-26 20:31:25.335678
CMP-10869,C1442,TX28804,Duplicate charge: two debits of 4791 tk within seconds for the same purchase.,DUPLICATE_PAYMENT,INVESTIGATING,2026-09-26 17:31:33.335678
CMP-10870,C1016,,"Paid 3008 taka at merchant around 05:17, merchant claims no payment received.",TRANSACTION_DISPUTE,NEW,2026-10-02 07:17:07.335678
CMP-10871,C1751,TX24808,"Transaction crashed with unknown server error, please investigate.",FAILED_PAYMENT,NEW,2026-10-03 02:40:59.335678
CMP-10872,C102,TX26396,Dui bar taka keteche! Paid once but charged twice 2719 tk at merchant M36.,DUPLICATE_PAYMENT,RESOLVED,2026-09-20 16:10:22.335678
CMP-10873,C2289,TX31700,"Merchant says payment succeeded and gave goods, but my app shows status 'PENDING'.",TRANSACTION_DISPUTE,INVESTIGATING,2026-09-28 23:38:54.335678
CMP-10874,C1711,TX24102,"Failed transaction of 2806 tk on 04:36, reversal missing from my statement.",REFUND,NEW,2026-09-28 04:56:54.335678
CMP-10875,C140,TX30797,"Shop owner said money didn't arrive, but SMS shows 2810 deducted.",TRANSACTION_DISPUTE,RESOLVED,2026-09-27 21:11:58.335678
CMP-10876,C1104,,"Status sync issue: money deducted, merchant received, app showing waiting for confirmation.",TRANSACTION_DISPUTE,NEW,2026-09-24 21:26:05.335678
CMP-10877,C1497,TX32988,"Paid 3285 taka at merchant around 00:21, merchant claims no payment received.",TRANSACTION_DISPUTE,RESOLVED,2026-09-28 01:46:44.335678
CMP-10878,C900,,"I only made one payment of 1012 taka, but money was deducted TWICE from my account!",DUPLICATE_PAYMENT,NEW,2026-09-22 10:34:54.335678
CMP-10879,C1010,,"Status sync issue: money deducted, merchant received, app showing waiting for confirmation.",TRANSACTION_DISPUTE,NEW,2026-09-28 17:10:17.335678
CMP-10880,C1950,TX27496,"Suspicious transaction alert triggered on my account, need urgent review.",ACCOUNT_ISSUE,RESOLVED,2026-09-29 03:34:11.335678
CMP-10881,C1561,TX21799,"Paid 2485 taka at merchant around 21:43, merchant claims no payment received.",TRANSACTION_DISPUTE,RESOLVED,2026-09-25 23:18:14.335678
CMP-10882,C2334,,Taka kete niyeche kintu dokandari pay ni. Amount was 93 tk at merchant M70.,TRANSACTION_DISPUTE,NEW,2026-10-01 10:08:33.335678
CMP-10883,C1664,,"Tried to pay 981 taka, said balance low, but I think I have enough funds.",ACCOUNT_ISSUE,INVESTIGATING,2026-09-22 19:12:39.335678
CMP-10884,C491,TX27880,"Shop owner said money didn't arrive, but SMS shows 8490 deducted.",TRANSACTION_DISPUTE,RESOLVED,2026-10-03 15:26:03.335678
CMP-10885,C2006,TX27190,Why did my payment get cancelled for balance check error?,ACCOUNT_ISSUE,RESOLVED,2026-09-29 15:37:35.335678
CMP-10886,C1513,,"Shop owner said money didn't arrive, but SMS shows 5107 deducted.",TRANSACTION_DISPUTE,NEW,2026-09-24 23:43:24.335678
CMP-10887,C2189,,"Transaction was rejected stating insufficient balance, please check my account statement.",ACCOUNT_ISSUE,RESOLVED,2026-09-28 10:43:00.335678
CMP-10888,C713,TX31919,"Internet connection dropped during PIN entry, don't know if money sent.",FAILED_PAYMENT,INVESTIGATING,2026-09-29 18:58:16.335678
CMP-10889,C760,TX32777,"Network timeout during processing, app closed abruptly.",FAILED_PAYMENT,RESOLVED,2026-09-20 17:56:40.335678
CMP-10890,C482,TX23086,Taka kete niyeche kintu dokandari pay ni. Amount was 918 tk at merchant M155.,TRANSACTION_DISPUTE,INVESTIGATING,2026-10-03 03:19:00.335678
CMP-10891,C1050,,"Transaction failed at payment gateway, money deducted from wallet, no reversal received yet.",REFUND,NEW,2026-09-30 06:13:12.335678
CMP-10892,C1908,,System gave unknown error during payment of 11265 taka.,FAILED_PAYMENT,NEW,2026-09-29 21:22:16.335678
CMP-10893,C386,TX20893,"Shop owner said money didn't arrive, but SMS shows 97 deducted.",TRANSACTION_DISPUTE,RESOLVED,2026-09-23 10:14:02.335678
CMP-10894,C2233,,"Internet connection dropped during PIN entry, don't know if money sent.",FAILED_PAYMENT,INVESTIGATING,2026-09-27 09:39:22.335678
CMP-10895,C2355,TX29821,Connection lost during payment of 193 tk to merchant M16.,FAILED_PAYMENT,NEW,2026-09-29 00:46:57.335678
CMP-10896,C668,TX34746,"Internet connection dropped during PIN entry, don't know if money sent.",FAILED_PAYMENT,RESOLVED,2026-09-20 02:00:17.335678
CMP-10897,C226,TX29859,Connection lost during payment of 90 tk to merchant M25.,FAILED_PAYMENT,NEW,2026-09-24 11:14:39.335678
CMP-10898,C1119,TX25937,Connection lost during payment of 90 tk to merchant M77.,FAILED_PAYMENT,RESOLVED,2026-10-01 02:50:31.335678
CMP-10899,C2494,TX27178,"Tried to pay 98 taka, said balance low, but I think I have enough funds.",ACCOUNT_ISSUE,RESOLVED,2026-09-21 15:08:38.335678
CMP-10900,C2150,TX30972,Money has been deducted from my account (5386 BDT) but the shopkeeper didn't receive it.,TRANSACTION_DISPUTE,INVESTIGATING,2026-09-29 20:17:13.335678
CMP-10901,C1227,TX24092,"Transaction crashed with unknown server error, please investigate.",FAILED_PAYMENT,INVESTIGATING,2026-09-23 21:55:08.335678
CMP-10902,C849,,"Internet connection dropped during PIN entry, don't know if money sent.",FAILED_PAYMENT,RESOLVED,2026-10-01 18:01:56.335678
CMP-10903,C2403,,Amar 1478 taka refund hoy nai. Payment failed hoise kintu taka ferot ashe nai.,REFUND,NEW,2026-09-26 16:25:47.335678
CMP-10904,C1173,TX30737,Double deduction happened for my merchant bill payment of 5466 taka.,DUPLICATE_PAYMENT,INVESTIGATING,2026-09-28 02:14:22.335678
CMP-10905,C184,,Dui bar taka keteche! Paid once but charged twice 209 tk at merchant M193.,DUPLICATE_PAYMENT,RESOLVED,2026-09-27 13:03:43.335678
CMP-10906,C121,TX22631,"Transaction crashed with unknown server error, please investigate.",FAILED_PAYMENT,NEW,2026-09-21 17:20:46.335678
CMP-10907,C450,TX24628,Dui bar taka keteche! Paid once but charged twice 52 tk at merchant M104.,DUPLICATE_PAYMENT,NEW,2026-09-25 22:45:37.335678
CMP-10908,C1259,,Taka kete niyeche kintu dokandari pay ni. Amount was 4512 tk at merchant M142.,TRANSACTION_DISPUTE,RESOLVED,2026-09-28 02:35:00.335678
CMP-10909,C2393,TX27454,"Payment of 212 failed yesterday, message said reversal in 2 hours but still not refunded.",REFUND,NEW,2026-09-26 09:47:17.335678
CMP-10910,C2313,,"Tried to pay 207 taka, said balance low, but I think I have enough funds.",ACCOUNT_ISSUE,RESOLVED,2026-09-20 17:59:57.335678
CMP-10911,C1984,TX26672,"Paid 943 taka at merchant around 17:56, merchant claims no payment received.",TRANSACTION_DISPUTE,NEW,2026-09-23 18:12:01.335678
CMP-10912,C805,TX29473,"Merchant says payment succeeded and gave goods, but my app shows status 'PENDING'.",TRANSACTION_DISPUTE,INVESTIGATING,2026-09-24 06:40:22.335678
CMP-10913,C827,TX34367,"Transaction failed at payment gateway, money deducted from wallet, no reversal received yet.",REFUND,NEW,2026-09-24 14:40:18.335678
CMP-10914,C1183,TX21148,"Network timeout during processing, app closed abruptly.",FAILED_PAYMENT,INVESTIGATING,2026-09-30 01:01:43.335678
CMP-10915,C382,,"I only made one payment of 105 taka, but money was deducted TWICE from my account!",DUPLICATE_PAYMENT,NEW,2026-10-02 18:06:08.335678
CMP-10916,C1715,TX29983,"Shop owner said money didn't arrive, but SMS shows 1502 deducted.",TRANSACTION_DISPUTE,INVESTIGATING,2026-09-28 19:55:59.335678
CMP-10917,C466,TX20538,Taka kete niyeche kintu dokandari pay ni. Amount was 973 tk at merchant M123.,TRANSACTION_DISPUTE,INVESTIGATING,2026-09-23 19:32:38.335678
CMP-10918,C1629,,Got security warning after attempting multiple payments of 85000 taka.,ACCOUNT_ISSUE,INVESTIGATING,2026-09-24 05:00:44.335678
CMP-10919,C1391,,"Internet connection dropped during PIN entry, don't know if money sent.",FAILED_PAYMENT,INVESTIGATING,2026-09-22 09:42:49.335678
CMP-10920,C2433,,Why did my payment get cancelled for balance check error?,ACCOUNT_ISSUE,NEW,2026-09-30 08:34:29.335678
CMP-10921,C1384,TX24970,App shows pending for 3257 BDT even though merchant got confirmation SMS.,TRANSACTION_DISPUTE,RESOLVED,2026-10-03 04:29:57.335678
CMP-10922,C2175,TX30686,"Failed transaction of 2845 tk on 04:45, reversal missing from my statement.",REFUND,RESOLVED,2026-09-22 05:01:00.335678
CMP-10923,C2154,,"Network timeout during processing, app closed abruptly.",FAILED_PAYMENT,NEW,2026-09-22 07:38:32.335678
CMP-10924,C1506,TX33756,Amar 5086 taka refund hoy nai. Payment failed hoise kintu taka ferot ashe nai.,REFUND,NEW,2026-10-03 10:34:47.335678
CMP-10925,C2064,TX25561,Double deduction happened for my merchant bill payment of 11211 taka.,DUPLICATE_PAYMENT,INVESTIGATING,2026-09-21 10:09:17.335678
CMP-10926,C1223,TX30823,Taka kete niyeche kintu dokandari pay ni. Amount was 525 tk at merchant M25.,TRANSACTION_DISPUTE,RESOLVED,2026-09-29 22:42:52.335678
CMP-10927,C699,,"Network timeout during processing, app closed abruptly.",FAILED_PAYMENT,NEW,2026-09-28 11:28:23.335678
CMP-10928,C1408,TX23220,Taka kete niyeche kintu dokandari pay ni. Amount was 1648 tk at merchant M156.,TRANSACTION_DISPUTE,INVESTIGATING,2026-09-25 05:55:57.335678
CMP-10929,C1037,TX26260,"Shop owner said money didn't arrive, but SMS shows 93 deducted.",TRANSACTION_DISPUTE,INVESTIGATING,2026-10-03 08:05:41.335678
CMP-10930,C405,TX24255,App timed out showing network error while paying 7377 taka.,FAILED_PAYMENT,RESOLVED,2026-09-26 15:46:49.335678
CMP-10931,C1117,TX25443,App timed out showing network error while paying 12476 taka.,FAILED_PAYMENT,INVESTIGATING,2026-09-26 21:43:19.335678
CMP-10932,C1710,,Amar 45 taka refund hoy nai. Payment failed hoise kintu taka ferot ashe nai.,REFUND,NEW,2026-09-24 18:52:20.335678
CMP-10933,C2290,TX33152,"Transaction was rejected stating insufficient balance, please check my account statement.",ACCOUNT_ISSUE,INVESTIGATING,2026-09-24 05:55:21.335678
CMP-10934,C1055,TX32040,"Status sync issue: money deducted, merchant received, app showing waiting for confirmation.",TRANSACTION_DISPUTE,NEW,2026-10-01 21:14:56.335678
CMP-10935,C2290,TX30739,"I scanned QR at merchant M109 and 1038 taka was cut, but POS machine showed failed.",TRANSACTION_DISPUTE,NEW,2026-09-26 18:47:19.335678
CMP-10936,C1831,TX30248,"Payment of 11050 failed yesterday, message said reversal in 2 hours but still not refunded.",REFUND,NEW,2026-10-02 23:15:06.335678
CMP-10937,C2077,TX31090,"Transaction failed at payment gateway, money deducted from wallet, no reversal received yet.",REFUND,RESOLVED,2026-09-25 02:56:53.335678
CMP-10938,C2305,TX20529,"Customer care promised reversal for 971 tk within 24 hours, still no refund.",REFUND,RESOLVED,2026-10-01 20:49:03.335678
CMP-10939,C2294,TX30693,"Customer care promised reversal for 1077 tk within 24 hours, still no refund.",REFUND,INVESTIGATING,2026-09-24 19:38:39.335678
CMP-10940,C2170,,Money has been deducted from my account (2892 BDT) but the shopkeeper didn't receive it.,TRANSACTION_DISPUTE,INVESTIGATING,2026-09-22 02:29:55.335678
CMP-10941,C2045,,"I scanned QR at merchant M15 and 518 taka was cut, but POS machine showed failed.",TRANSACTION_DISPUTE,RESOLVED,2026-09-26 04:59:49.335678
CMP-10942,C2143,TX29755,Why did my payment get cancelled for balance check error?,ACCOUNT_ISSUE,NEW,2026-10-02 10:16:58.335678
CMP-10943,C145,,"Shop owner said money didn't arrive, but SMS shows 11349 deducted.",TRANSACTION_DISPUTE,INVESTIGATING,2026-09-22 04:53:20.335678
CMP-10944,C2108,,"Customer care promised reversal for 2713 tk within 24 hours, still no refund.",REFUND,INVESTIGATING,2026-09-21 01:19:34.335678
CMP-10945,C1931,,"Suspicious transaction alert triggered on my account, need urgent review.",ACCOUNT_ISSUE,RESOLVED,2026-09-30 09:20:42.335678
CMP-10946,C465,TX23200,"Paid 2341 taka at merchant around 05:47, merchant claims no payment received.",TRANSACTION_DISPUTE,NEW,2026-09-25 07:07:38.335678
CMP-10947,C1298,TX29290,Why is my transaction still showing pending after 3 hours? Amount 5336 taka.,TRANSACTION_DISPUTE,RESOLVED,2026-09-27 12:19:37.335678
CMP-10948,C713,TX31919,Connection lost during payment of 7884 tk to merchant M147.,FAILED_PAYMENT,RESOLVED,2026-09-29 18:00:16.335678
CMP-10949,C1509,TX34084,"Merchant says payment succeeded and gave goods, but my app shows status 'PENDING'.",TRANSACTION_DISPUTE,INVESTIGATING,2026-10-03 07:20:50.335678
CMP-10950,C1564,TX30055,"Suspicious transaction alert triggered on my account, need urgent review.",ACCOUNT_ISSUE,NEW,2026-09-26 11:34:40.335678
CMP-10951,C349,,Money has been deducted from my account (13144 BDT) but the shopkeeper didn't receive it.,TRANSACTION_DISPUTE,NEW,2026-09-20 20:20:34.335678
CMP-10952,C514,TX20925,"Internet connection dropped during PIN entry, don't know if money sent.",FAILED_PAYMENT,RESOLVED,2026-09-28 05:08:16.335678
CMP-10953,C951,TX33700,Why did my payment get cancelled for balance check error?,ACCOUNT_ISSUE,INVESTIGATING,2026-09-24 06:24:09.335678
CMP-10954,C2398,TX26047,"Internet connection dropped during PIN entry, don't know if money sent.",FAILED_PAYMENT,INVESTIGATING,2026-09-30 10:54:58.335678
CMP-10955,C2254,,"I only made one payment of 96 taka, but money was deducted TWICE from my account!",DUPLICATE_PAYMENT,INVESTIGATING,2026-09-21 00:31:37.335678
CMP-10956,C807,TX33286,Why is my transaction still showing pending after 3 hours? Amount 49 taka.,TRANSACTION_DISPUTE,INVESTIGATING,2026-09-21 13:37:50.335678
CMP-10957,C1690,TX28033,"Paid 104 taka at merchant around 11:50, merchant claims no payment received.",TRANSACTION_DISPUTE,INVESTIGATING,2026-10-01 13:30:35.335678
CMP-10958,C1666,TX32174,"I scanned QR at merchant M103 and 46 taka was cut, but POS machine showed failed.",TRANSACTION_DISPUTE,NEW,2026-10-03 05:29:51.335678
CMP-10959,C1401,TX30428,Dui bar taka keteche! Paid once but charged twice 189 tk at merchant M77.,DUPLICATE_PAYMENT,NEW,2026-09-21 23:00:33.335678
CMP-10960,C309,,"I only made one payment of 196 taka, but money was deducted TWICE from my account!",DUPLICATE_PAYMENT,INVESTIGATING,2026-10-01 17:27:39.335678
CMP-10961,C622,TX30650,"Payment of 201 failed yesterday, message said reversal in 2 hours but still not refunded.",REFUND,NEW,2026-09-28 07:27:42.335678
CMP-10962,C1075,TX34074,"Paid 1444 taka at merchant around 10:19, merchant claims no payment received.",TRANSACTION_DISPUTE,NEW,2026-10-03 10:50:54.335678
CMP-10963,C2135,,Why did my payment get cancelled for balance check error?,ACCOUNT_ISSUE,RESOLVED,2026-09-23 07:19:35.335678
CMP-10964,C2395,,"Status sync issue: money deducted, merchant received, app showing waiting for confirmation.",TRANSACTION_DISPUTE,RESOLVED,2026-09-26 11:19:37.335678
CMP-10965,C1318,,"Payment of 535 failed yesterday, message said reversal in 2 hours but still not refunded.",REFUND,NEW,2026-09-22 19:50:18.335678
CMP-10966,C1567,TX25509,Amar 2982 taka refund hoy nai. Payment failed hoise kintu taka ferot ashe nai.,REFUND,RESOLVED,2026-09-22 07:28:38.335678
CMP-10967,C503,,Amar 99 taka refund hoy nai. Payment failed hoise kintu taka ferot ashe nai.,REFUND,INVESTIGATING,2026-09-26 11:45:02.335678
CMP-10968,C1029,TX34573,"Merchant says payment succeeded and gave goods, but my app shows status 'PENDING'.",TRANSACTION_DISPUTE,INVESTIGATING,2026-09-28 20:39:04.335678
CMP-10969,C1917,TX23306,"Internet connection dropped during PIN entry, don't know if money sent.",FAILED_PAYMENT,RESOLVED,2026-10-01 07:57:21.335678
CMP-10970,C1022,TX29682,Why is my transaction still showing pending after 3 hours? Amount 54 taka.,TRANSACTION_DISPUTE,NEW,2026-09-26 05:40:38.335678
CMP-10971,C1308,TX25393,"Transaction failed at payment gateway, money deducted from wallet, no reversal received yet.",REFUND,NEW,2026-10-01 15:24:09.335678
CMP-10972,C1915,TX33848,"Merchant says payment succeeded and gave goods, but my app shows status 'PENDING'.",TRANSACTION_DISPUTE,INVESTIGATING,2026-10-02 00:34:58.335678
CMP-10973,C220,TX34036,"Status sync issue: money deducted, merchant received, app showing waiting for confirmation.",TRANSACTION_DISPUTE,NEW,2026-10-03 15:09:39.335678
CMP-10974,C2157,TX27890,Amar 2760 taka refund hoy nai. Payment failed hoise kintu taka ferot ashe nai.,REFUND,INVESTIGATING,2026-10-02 19:36:36.335678
CMP-10975,C434,TX21524,"Payment failed with weird error code ERR_999, what happened to my 3151 taka?",FAILED_PAYMENT,NEW,2026-09-26 05:53:33.335678
CMP-10976,C613,TX29862,"Tried to pay 2765 taka, said balance low, but I think I have enough funds.",ACCOUNT_ISSUE,NEW,2026-09-21 20:48:40.335678
CMP-10977,C992,TX23059,"Failed transaction of 5007 tk on 21:25, reversal missing from my statement.",REFUND,RESOLVED,2026-10-03 22:52:13.335678
CMP-10978,C913,TX25392,"Status sync issue: money deducted, merchant received, app showing waiting for confirmation.",TRANSACTION_DISPUTE,INVESTIGATING,2026-09-26 14:22:58.335678
CMP-10979,C638,,"Payment of 2373 failed yesterday, message said reversal in 2 hours but still not refunded.",REFUND,RESOLVED,2026-09-22 21:15:33.335678
CMP-10980,C311,TX33862,App shows pending for 1392 BDT even though merchant got confirmation SMS.,TRANSACTION_DISPUTE,NEW,2026-09-23 18:46:34.335678
CMP-10981,C459,,Taka kete niyeche kintu dokandari pay ni. Amount was 10985 tk at merchant M188.,TRANSACTION_DISPUTE,NEW,2026-09-21 17:20:46.335678
CMP-10982,C1903,,Got security warning after attempting multiple payments of 85000 taka.,ACCOUNT_ISSUE,INVESTIGATING,2026-09-27 07:23:29.335678
CMP-10983,C1929,,"Payment of 198 failed yesterday, message said reversal in 2 hours but still not refunded.",REFUND,NEW,2026-09-24 04:08:21.335678
CMP-10984,C2317,TX22536,Taka kete niyeche kintu dokandari pay ni. Amount was 1559 tk at merchant M53.,TRANSACTION_DISPUTE,INVESTIGATING,2026-09-23 06:41:39.335678
CMP-10985,C1996,TX28529,App timed out showing network error while paying 99 taka.,FAILED_PAYMENT,NEW,2026-09-29 18:45:59.335678
CMP-10986,C238,TX28141,"Tried to pay 471 taka, said balance low, but I think I have enough funds.",ACCOUNT_ISSUE,RESOLVED,2026-09-23 20:31:01.335678
CMP-10987,C1792,,"Failed transaction of 5461 tk on 12:05, reversal missing from my statement.",REFUND,NEW,2026-09-25 14:04:19.335678
CMP-10988,C896,,"Shop owner said money didn't arrive, but SMS shows 4953 deducted.",TRANSACTION_DISPUTE,INVESTIGATING,2026-10-03 19:42:59.335678
CMP-10989,C1151,,Dui bar taka keteche! Paid once but charged twice 914 tk at merchant M86.,DUPLICATE_PAYMENT,INVESTIGATING,2026-09-29 05:50:02.335678
CMP-10990,C2419,TX27980,"Customer care promised reversal for 543 tk within 24 hours, still no refund.",REFUND,RESOLVED,2026-10-01 02:59:52.335678
CMP-10991,C1264,,"Internet connection dropped during PIN entry, don't know if money sent.",FAILED_PAYMENT,INVESTIGATING,2026-09-24 16:46:40.335678
CMP-10992,C1249,TX30684,"Internet connection dropped during PIN entry, don't know if money sent.",FAILED_PAYMENT,INVESTIGATING,2026-09-20 23:20:15.335678
CMP-10993,C1605,TX22986,"My account is blocked after repeated transaction attempts, please unblock immediately.",ACCOUNT_ISSUE,NEW,2026-09-21 04:56:02.335678
CMP-10994,C764,TX25770,"Paid 102 taka at merchant around 17:55, merchant claims no payment received.",TRANSACTION_DISPUTE,RESOLVED,2026-09-23 18:46:01.335678
CMP-10995,C2237,,"Transaction failed at payment gateway, money deducted from wallet, no reversal received yet.",REFUND,NEW,2026-09-28 07:56:56.335678
CMP-10996,C310,,"Failed transaction of 3116 tk on 19:22, reversal missing from my statement.",REFUND,RESOLVED,2026-10-02 20:38:57.335678
CMP-10997,C813,,"Network timeout during processing, app closed abruptly.",FAILED_PAYMENT,INVESTIGATING,2026-09-20 13:18:07.335678
CMP-10998,C2273,TX34047,Double deduction happened for my merchant bill payment of 5194 taka.,DUPLICATE_PAYMENT,RESOLVED,2026-09-27 18:48:22.335678
CMP-10999,C465,,"Merchant says payment succeeded and gave goods, but my app shows status 'PENDING'.",TRANSACTION_DISPUTE,NEW,2026-10-01 17:37:01.335678
CMP-11000,C1447,,"Shop owner said money didn't arrive, but SMS shows 1058 deducted.",TRANSACTION_DISPUTE,NEW,2026-09-23 17:20:34.335678
CMP-11001,C514,TX21386,System gave unknown error during payment of 5480 taka.,FAILED_PAYMENT,INVESTIGATING,2026-09-28 05:18:55.335678
CMP-11002,C837,TX29929,"Tried to pay 47 taka, said balance low, but I think I have enough funds.",ACCOUNT_ISSUE,NEW,2026-09-29 15:14:13.335678
CMP-11003,C1067,TX29277,Taka kete niyeche kintu dokandari pay ni. Amount was 937 tk at merchant M83.,TRANSACTION_DISPUTE,RESOLVED,2026-09-23 22:58:08.335678
CMP-11004,C1963,TX23265,"My account is blocked after repeated transaction attempts, please unblock immediately.",ACCOUNT_ISSUE,NEW,2026-10-01 12:00:09.335678
CMP-11005,C1322,TX20615,"Failed transaction of 90 tk on 06:54, reversal missing from my statement.",REFUND,INVESTIGATING,2026-09-24 07:49:08.335678
CMP-11006,C316,TX30379,"Paid 105 taka at merchant around 02:35, merchant claims no payment received.",TRANSACTION_DISPUTE,NEW,2026-09-26 03:26:29.335678
CMP-11007,C959,TX33101,"My account is blocked after repeated transaction attempts, please unblock immediately.",ACCOUNT_ISSUE,NEW,2026-09-30 21:47:00.335678
CMP-11008,C2323,TX25955,"My account is blocked after repeated transaction attempts, please unblock immediately.",ACCOUNT_ISSUE,INVESTIGATING,2026-09-30 00:03:33.335678
CMP-11009,C316,TX30072,"Transaction was rejected stating insufficient balance, please check my account statement.",ACCOUNT_ISSUE,NEW,2026-10-01 08:10:13.335678
CMP-11010,C2499,TX31506,"I scanned QR at merchant M32 and 922 taka was cut, but POS machine showed failed.",TRANSACTION_DISPUTE,NEW,2026-09-23 06:17:58.335678
CMP-11011,C2285,TX23744,"Customer care promised reversal for 2943 tk within 24 hours, still no refund.",REFUND,NEW,2026-09-22 01:57:59.335678
CMP-11012,C500,TX33016,"Internet connection dropped during PIN entry, don't know if money sent.",FAILED_PAYMENT,RESOLVED,2026-09-26 20:50:02.335678
CMP-11013,C802,,Why is my transaction still showing pending after 3 hours? Amount 901 taka.,TRANSACTION_DISPUTE,INVESTIGATING,2026-09-22 15:56:11.335678
CMP-11014,C167,TX20174,"Paid 5075 taka at merchant around 00:44, merchant claims no payment received.",TRANSACTION_DISPUTE,NEW,2026-09-27 00:49:36.335678
CMP-11015,C987,TX24687,"Merchant says payment succeeded and gave goods, but my app shows status 'PENDING'.",TRANSACTION_DISPUTE,RESOLVED,2026-09-25 21:59:47.335678
CMP-11016,C1784,,Why is my transaction still showing pending after 3 hours? Amount 3077 taka.,TRANSACTION_DISPUTE,INVESTIGATING,2026-09-26 05:01:00.335678
CMP-11017,C2226,TX29111,"Status sync issue: money deducted, merchant received, app showing waiting for confirmation.",TRANSACTION_DISPUTE,NEW,2026-09-21 13:52:06.335678
CMP-11018,C1612,TX28001,"Customer care promised reversal for 93 tk within 24 hours, still no refund.",REFUND,INVESTIGATING,2026-10-01 17:25:34.335678
CMP-11019,C2024,,App timed out showing network error while paying 5295 taka.,FAILED_PAYMENT,INVESTIGATING,2026-10-01 23:43:13.335678
CMP-11020,C1112,TX28521,"Transaction crashed with unknown server error, please investigate.",FAILED_PAYMENT,NEW,2026-09-28 15:39:31.335678
CMP-11021,C738,,"Payment of 3119 failed yesterday, message said reversal in 2 hours but still not refunded.",REFUND,RESOLVED,2026-09-30 04:56:45.335678
CMP-11022,C911,TX29988,"Transaction failed at payment gateway, money deducted from wallet, no reversal received yet.",REFUND,INVESTIGATING,2026-09-25 07:43:15.335678
CMP-11023,C1273,TX23667,"Network timeout during processing, app closed abruptly.",FAILED_PAYMENT,NEW,2026-09-27 16:55:03.335678
CMP-11024,C1774,TX26679,Money has been deducted from my account (45 BDT) but the shopkeeper didn't receive it.,TRANSACTION_DISPUTE,NEW,2026-10-01 16:22:06.335678
CMP-11025,C2083,TX25884,"I only made one payment of 11532 taka, but money was deducted TWICE from my account!",DUPLICATE_PAYMENT,INVESTIGATING,2026-10-01 02:30:51.335678
CMP-11026,C738,TX33577,Duplicate charge: two debits of 91 tk within seconds for the same purchase.,DUPLICATE_PAYMENT,NEW,2026-10-03 23:49:16.335678
CMP-11027,C481,,App shows pending for 464 BDT even though merchant got confirmation SMS.,TRANSACTION_DISPUTE,NEW,2026-09-30 13:45:56.335678
CMP-11028,C1229,TX30552,"I only made one payment of 50 taka, but money was deducted TWICE from my account!",DUPLICATE_PAYMENT,RESOLVED,2026-10-03 12:49:28.335678
CMP-11029,C1030,TX32381,"Suspicious transaction alert triggered on my account, need urgent review.",ACCOUNT_ISSUE,NEW,2026-09-21 04:00:37.335678
CMP-11030,C2401,TX34839,"Merchant says payment succeeded and gave goods, but my app shows status 'PENDING'.",TRANSACTION_DISPUTE,INVESTIGATING,2026-09-30 02:04:23.335678
CMP-11031,C1213,,"Network timeout during processing, app closed abruptly.",FAILED_PAYMENT,NEW,2026-10-01 14:35:48.335678
CMP-11032,C2484,TX29886,"Status sync issue: money deducted, merchant received, app showing waiting for confirmation.",TRANSACTION_DISPUTE,RESOLVED,2026-09-28 20:15:55.335678
CMP-11033,C1884,,"I only made one payment of 12040 taka, but money was deducted TWICE from my account!",DUPLICATE_PAYMENT,NEW,2026-09-21 00:13:03.335678
CMP-11034,C1537,TX25092,"Transaction failed at payment gateway, money deducted from wallet, no reversal received yet.",REFUND,INVESTIGATING,2026-09-22 18:18:55.335678
CMP-11035,C2412,TX26637,App timed out showing network error while paying 100 taka.,FAILED_PAYMENT,INVESTIGATING,2026-09-23 00:33:24.335678
CMP-11036,C259,TX29444,"Internet connection dropped during PIN entry, don't know if money sent.",FAILED_PAYMENT,RESOLVED,2026-10-03 19:49:33.335678
CMP-11037,C1161,TX20334,"I scanned QR at merchant M52 and 1388 taka was cut, but POS machine showed failed.",TRANSACTION_DISPUTE,RESOLVED,2026-09-22 21:42:17.335678
CMP-11038,C1921,,"Transaction failed at payment gateway, money deducted from wallet, no reversal received yet.",REFUND,INVESTIGATING,2026-09-20 02:16:52.335678
CMP-11039,C1496,,App shows pending for 53 BDT even though merchant got confirmation SMS.,TRANSACTION_DISPUTE,INVESTIGATING,2026-09-27 15:54:05.335678
CMP-11040,C196,TX24480,App shows pending for 942 BDT even though merchant got confirmation SMS.,TRANSACTION_DISPUTE,RESOLVED,2026-09-22 10:46:20.335678
CMP-11041,C243,TX26937,"Merchant says payment succeeded and gave goods, but my app shows status 'PENDING'.",TRANSACTION_DISPUTE,RESOLVED,2026-09-21 04:01:04.335678
CMP-11042,C898,,"Shop owner said money didn't arrive, but SMS shows 12892 deducted.",TRANSACTION_DISPUTE,NEW,2026-10-01 22:48:25.335678
CMP-11043,C2295,TX28278,"Customer care promised reversal for 12639 tk within 24 hours, still no refund.",REFUND,RESOLVED,2026-10-01 15:25:52.335678
CMP-11044,C2136,TX32726,App shows pending for 912 BDT even though merchant got confirmation SMS.,TRANSACTION_DISPUTE,RESOLVED,2026-09-20 01:00:07.335678
CMP-11045,C271,TX23572,"I only made one payment of 193 taka, but money was deducted TWICE from my account!",DUPLICATE_PAYMENT,RESOLVED,2026-09-27 01:49:30.335678
CMP-11046,C127,TX28109,"Transaction failed at payment gateway, money deducted from wallet, no reversal received yet.",REFUND,INVESTIGATING,2026-09-28 09:30:56.335678
CMP-11047,C1969,,"Transaction failed at payment gateway, money deducted from wallet, no reversal received yet.",REFUND,INVESTIGATING,2026-09-21 00:14:01.335678
CMP-11048,C459,TX25004,Connection lost during payment of 1464 tk to merchant M26.,FAILED_PAYMENT,NEW,2026-09-21 14:05:29.335678
CMP-11049,C2423,,Money has been deducted from my account (2954 BDT) but the shopkeeper didn't receive it.,TRANSACTION_DISPUTE,RESOLVED,2026-09-30 19:25:26.335678
CMP-11050,C1485,TX27515,"Failed transaction of 1051 tk on 11:36, reversal missing from my statement.",REFUND,INVESTIGATING,2026-09-26 12:41:57.335678
CMP-11051,C1496,,Why is my transaction still showing pending after 3 hours? Amount 53 taka.,TRANSACTION_DISPUTE,RESOLVED,2026-09-27 15:43:05.335678
CMP-11052,C340,TX22577,"Merchant says payment succeeded and gave goods, but my app shows status 'PENDING'.",TRANSACTION_DISPUTE,NEW,2026-09-21 20:32:27.335678
CMP-11053,C2084,,"My account is blocked after repeated transaction attempts, please unblock immediately.",ACCOUNT_ISSUE,RESOLVED,2026-09-23 04:40:40.335678
CMP-11054,C2143,TX29755,"Tried to pay 2515 taka, said balance low, but I think I have enough funds.",ACCOUNT_ISSUE,INVESTIGATING,2026-10-02 10:01:58.335678
CMP-11055,C541,TX33574,Money has been deducted from my account (8096 BDT) but the shopkeeper didn't receive it.,TRANSACTION_DISPUTE,NEW,2026-09-30 21:00:46.335678
CMP-11056,C2110,TX20079,"Customer care promised reversal for 50 tk within 24 hours, still no refund.",REFUND,INVESTIGATING,2026-10-01 14:55:11.335678
CMP-11057,C1807,TX34404,"Shop owner said money didn't arrive, but SMS shows 4929 deducted.",TRANSACTION_DISPUTE,NEW,2026-09-20 02:33:30.335678
CMP-11058,C1039,TX30718,"Transaction was rejected stating insufficient balance, please check my account statement.",ACCOUNT_ISSUE,INVESTIGATING,2026-09-25 15:37:50.335678
CMP-11059,C1911,TX34189,Taka kete niyeche kintu dokandari pay ni. Amount was 48 tk at merchant M49.,TRANSACTION_DISPUTE,RESOLVED,2026-09-29 04:48:52.335678
CMP-11060,C2401,TX20452,"Failed transaction of 12147 tk on 08:41, reversal missing from my statement.",REFUND,RESOLVED,2026-10-02 09:24:56.335678
CMP-11061,C1227,,"Paid 98 taka at merchant around 16:52, merchant claims no payment received.",TRANSACTION_DISPUTE,RESOLVED,2026-09-25 18:47:44.335678
CMP-11062,C695,TX28136,Why is my transaction still showing pending after 3 hours? Amount 3027 taka.,TRANSACTION_DISPUTE,RESOLVED,2026-09-23 20:45:05.335678
CMP-11063,C631,TX24533,"I scanned QR at merchant M44 and 925 taka was cut, but POS machine showed failed.",TRANSACTION_DISPUTE,INVESTIGATING,2026-10-01 13:13:32.335678
CMP-11064,C584,TX27382,"Status sync issue: money deducted, merchant received, app showing waiting for confirmation.",TRANSACTION_DISPUTE,NEW,2026-09-27 16:26:45.335678
CMP-11065,C1571,TX26158,Money has been deducted from my account (103 BDT) but the shopkeeper didn't receive it.,TRANSACTION_DISPUTE,NEW,2026-10-02 02:36:40.335678
CMP-11066,C2215,TX29672,"Shop owner said money didn't arrive, but SMS shows 216 deducted.",TRANSACTION_DISPUTE,RESOLVED,2026-10-01 16:26:24.335678
CMP-11067,C1225,TX26324,"Tried to pay 2718 taka, said balance low, but I think I have enough funds.",ACCOUNT_ISSUE,NEW,2026-09-24 04:02:44.335678
CMP-11068,C361,TX27922,"Status sync issue: money deducted, merchant received, app showing waiting for confirmation.",TRANSACTION_DISPUTE,INVESTIGATING,2026-09-28 02:41:37.335678
CMP-11069,C1931,TX33226,"My account is blocked after repeated transaction attempts, please unblock immediately.",ACCOUNT_ISSUE,NEW,2026-09-30 08:58:42.335678
CMP-11070,C725,TX26904,"Payment failed with weird error code ERR_999, what happened to my 12543 taka?",FAILED_PAYMENT,RESOLVED,2026-09-26 22:14:46.335678
CMP-11071,C1223,TX30823,Taka kete niyeche kintu dokandari pay ni. Amount was 525 tk at merchant M25.,TRANSACTION_DISPUTE,INVESTIGATING,2026-09-29 22:11:52.335678
CMP-11072,C689,,"Failed transaction of 1453 tk on 22:59, reversal missing from my statement.",REFUND,RESOLVED,2026-09-30 23:54:12.335678
CMP-11073,C2428,TX21562,"Merchant says payment succeeded and gave goods, but my app shows status 'PENDING'.",TRANSACTION_DISPUTE,NEW,2026-10-01 06:42:04.335678
CMP-11074,C272,,Duplicate charge: two debits of 46 tk within seconds for the same purchase.,DUPLICATE_PAYMENT,NEW,2026-09-20 18:23:15.335678
CMP-11075,C1742,TX24221,App shows pending for 4610 BDT even though merchant got confirmation SMS.,TRANSACTION_DISPUTE,RESOLVED,2026-10-01 08:10:31.335678
CMP-11076,C1798,TX27663,"Customer care promised reversal for 11594 tk within 24 hours, still no refund.",REFUND,NEW,2026-09-26 14:28:59.335678
CMP-11077,C220,,Double deduction happened for my merchant bill payment of 96 taka.,DUPLICATE_PAYMENT,NEW,2026-09-22 18:04:06.335678
CMP-11078,C1631,TX25952,"Payment failed with weird error code ERR_999, what happened to my 471 taka?",FAILED_PAYMENT,INVESTIGATING,2026-10-03 15:03:00.335678
CMP-11079,C2457,,"Shop owner said money didn't arrive, but SMS shows 11269 deducted.",TRANSACTION_DISPUTE,INVESTIGATING,2026-09-27 13:31:08.335678
CMP-11080,C551,,Connection lost during payment of 53 tk to merchant M71.,FAILED_PAYMENT,INVESTIGATING,2026-09-26 11:57:44.335678
CMP-11081,C1874,,App shows pending for 4670 BDT even though merchant got confirmation SMS.,TRANSACTION_DISPUTE,INVESTIGATING,2026-09-25 02:26:13.335678
CMP-11082,C880,,Why did my payment get cancelled for balance check error?,ACCOUNT_ISSUE,RESOLVED,2026-10-01 16:19:07.335678
CMP-11083,C277,TX25818,Why is my transaction still showing pending after 3 hours? Amount 8450 taka.,TRANSACTION_DISPUTE,INVESTIGATING,2026-09-23 14:46:07.335678
CMP-11084,C1598,TX22167,Why is my transaction still showing pending after 3 hours? Amount 4999 taka.,TRANSACTION_DISPUTE,RESOLVED,2026-09-29 01:32:20.335678
CMP-11085,C134,,"Customer care promised reversal for 1021 tk within 24 hours, still no refund.",REFUND,INVESTIGATING,2026-09-26 16:52:05.335678
CMP-11086,C2300,TX33736,"Suspicious transaction alert triggered on my account, need urgent review.",ACCOUNT_ISSUE,INVESTIGATING,2026-09-27 07:56:56.335678
CMP-11087,C2489,,Why did my payment get cancelled for balance check error?,ACCOUNT_ISSUE,INVESTIGATING,2026-09-24 01:44:11.335678
CMP-11088,C1051,TX28098,"Payment of 1471 failed yesterday, message said reversal in 2 hours but still not refunded.",REFUND,RESOLVED,2026-09-25 11:37:37.335678
CMP-11089,C1674,,Money has been deducted from my account (45 BDT) but the shopkeeper didn't receive it.,TRANSACTION_DISPUTE,INVESTIGATING,2026-09-24 17:50:25.335678
CMP-11090,C1700,TX23347,Double deduction happened for my merchant bill payment of 97 taka.,DUPLICATE_PAYMENT,RESOLVED,2026-10-03 11:25:46.335678
CMP-11091,C2340,TX22465,Dui bar taka keteche! Paid once but charged twice 12534 tk at merchant M13.,DUPLICATE_PAYMENT,INVESTIGATING,2026-09-28 22:08:18.335678
CMP-11092,C696,TX29155,"Failed transaction of 3106 tk on 22:17, reversal missing from my statement.",REFUND,RESOLVED,2026-09-25 22:23:12.335678
CMP-11093,C1661,TX21522,Dui bar taka keteche! Paid once but charged twice 2783 tk at merchant M188.,DUPLICATE_PAYMENT,RESOLVED,2026-09-24 09:54:52.335678
CMP-11094,C1409,,"Payment failed with weird error code ERR_999, what happened to my 1562 taka?",FAILED_PAYMENT,RESOLVED,2026-10-03 04:16:10.335678
CMP-11095,C1577,TX25688,"Suspicious transaction alert triggered on my account, need urgent review.",ACCOUNT_ISSUE,NEW,2026-09-23 21:13:19.335678
CMP-11096,C1369,TX27711,"Merchant says payment succeeded and gave goods, but my app shows status 'PENDING'.",TRANSACTION_DISPUTE,INVESTIGATING,2026-09-22 19:30:30.335678
CMP-11097,C1458,TX34067,"Shop owner said money didn't arrive, but SMS shows 189 deducted.",TRANSACTION_DISPUTE,NEW,2026-09-24 21:02:24.335678
CMP-11098,C2499,,"I scanned QR at merchant M32 and 922 taka was cut, but POS machine showed failed.",TRANSACTION_DISPUTE,INVESTIGATING,2026-09-23 06:23:58.335678
CMP-11099,C2456,,Why is my transaction still showing pending after 3 hours? Amount 972 taka.,TRANSACTION_DISPUTE,INVESTIGATING,2026-09-25 01:26:09.335678
CMP-11100,C2489,,Double deduction happened for my merchant bill payment of 1528 taka.,DUPLICATE_PAYMENT,NEW,2026-09-22 14:01:45.335678
CMP-11101,C1712,TX21319,System gave unknown error during payment of 5214 taka.,FAILED_PAYMENT,INVESTIGATING,2026-09-25 11:18:24.335678
CMP-11102,C1456,TX20269,"Failed transaction of 107 tk on 12:54, reversal missing from my statement.",REFUND,NEW,2026-09-25 14:23:50.335678
CMP-11103,C1386,TX32235,"Tried to pay 469 taka, said balance low, but I think I have enough funds.",ACCOUNT_ISSUE,RESOLVED,2026-09-20 04:55:18.335678
CMP-11104,C2266,,"Status sync issue: money deducted, merchant received, app showing waiting for confirmation.",TRANSACTION_DISPUTE,RESOLVED,2026-09-25 02:41:06.335678
CMP-11105,C978,TX33263,Connection lost during payment of 513 tk to merchant M129.,FAILED_PAYMENT,RESOLVED,2026-09-30 07:07:56.335678
CMP-11106,C1596,TX23357,"Transaction failed at payment gateway, money deducted from wallet, no reversal received yet.",REFUND,INVESTIGATING,2026-09-22 04:08:50.335678
CMP-11107,C2017,TX32954,"Shop owner said money didn't arrive, but SMS shows 192 deducted.",TRANSACTION_DISPUTE,RESOLVED,2026-10-01 12:47:05.335678
CMP-11108,C1971,TX32531,"Transaction failed at payment gateway, money deducted from wallet, no reversal received yet.",REFUND,INVESTIGATING,2026-09-23 02:12:52.335678
CMP-11109,C191,,Why is my transaction still showing pending after 3 hours? Amount 2535 taka.,TRANSACTION_DISPUTE,RESOLVED,2026-10-03 21:48:35.335678
CMP-11110,C1815,TX30155,"Status sync issue: money deducted, merchant received, app showing waiting for confirmation.",TRANSACTION_DISPUTE,RESOLVED,2026-09-25 23:42:30.335678
CMP-11111,C157,TX33524,"I scanned QR at merchant M190 and 194 taka was cut, but POS machine showed failed.",TRANSACTION_DISPUTE,NEW,2026-09-21 10:33:33.335678
CMP-11112,C1143,,"I scanned QR at merchant M97 and 5187 taka was cut, but POS machine showed failed.",TRANSACTION_DISPUTE,NEW,2026-10-02 11:23:22.335678
CMP-11113,C1609,TX30498,"Status sync issue: money deducted, merchant received, app showing waiting for confirmation.",TRANSACTION_DISPUTE,INVESTIGATING,2026-09-30 17:30:56.335678
CMP-11114,C631,TX24533,Taka kete niyeche kintu dokandari pay ni. Amount was 925 tk at merchant M44.,TRANSACTION_DISPUTE,NEW,2026-10-01 13:38:32.335678
CMP-11115,C158,TX31991,"Transaction crashed with unknown server error, please investigate.",FAILED_PAYMENT,INVESTIGATING,2026-09-29 22:29:47.335678
CMP-11116,C466,TX20227,"Transaction failed at payment gateway, money deducted from wallet, no reversal received yet.",REFUND,NEW,2026-09-24 05:42:52.335678
CMP-11117,C1958,,Money has been deducted from my account (534 BDT) but the shopkeeper didn't receive it.,TRANSACTION_DISPUTE,RESOLVED,2026-09-27 17:50:46.335678
CMP-11118,C964,TX24144,Got security warning after attempting multiple payments of 120000 taka.,ACCOUNT_ISSUE,INVESTIGATING,2026-09-24 20:36:35.335678
CMP-11119,C188,TX30856,"I scanned QR at merchant M120 and 103 taka was cut, but POS machine showed failed.",TRANSACTION_DISPUTE,INVESTIGATING,2026-09-26 17:16:45.335678
CMP-11120,C347,TX29744,"Payment of 3020 failed yesterday, message said reversal in 2 hours but still not refunded.",REFUND,INVESTIGATING,2026-09-22 16:15:29.335678
CMP-11121,C195,,"Internet connection dropped during PIN entry, don't know if money sent.",FAILED_PAYMENT,RESOLVED,2026-09-21 12:13:23.335678
CMP-11122,C1009,TX32338,Dui bar taka keteche! Paid once but charged twice 2824 tk at merchant M172.,DUPLICATE_PAYMENT,NEW,2026-09-22 21:45:55.335678
CMP-11123,C900,TX25795,Duplicate charge: two debits of 1012 tk within seconds for the same purchase.,DUPLICATE_PAYMENT,INVESTIGATING,2026-09-22 10:25:54.335678
CMP-11124,C709,TX20681,"Network timeout during processing, app closed abruptly.",FAILED_PAYMENT,RESOLVED,2026-09-29 11:30:18.335678
CMP-11125,C392,,"Status sync issue: money deducted, merchant received, app showing waiting for confirmation.",TRANSACTION_DISPUTE,INVESTIGATING,2026-10-01 19:19:08.335678
CMP-11126,C196,TX28156,"Paid 480 taka at merchant around 23:31, merchant claims no payment received.",TRANSACTION_DISPUTE,NEW,2026-09-23 00:12:00.335678
CMP-11127,C1461,TX34439,Amar 969 taka refund hoy nai. Payment failed hoise kintu taka ferot ashe nai.,REFUND,INVESTIGATING,2026-09-27 10:44:50.335678
CMP-11128,C1338,TX22309,Duplicate charge: two debits of 2481 tk within seconds for the same purchase.,DUPLICATE_PAYMENT,INVESTIGATING,2026-10-01 02:53:54.335678
CMP-11129,C1612,TX28001,"Failed transaction of 93 tk on 16:30, reversal missing from my statement.",REFUND,NEW,2026-10-01 16:44:34.335678
CMP-11130,C1531,TX27981,"Transaction failed at payment gateway, money deducted from wallet, no reversal received yet.",REFUND,INVESTIGATING,2026-09-22 13:13:00.335678
CMP-11131,C1277,,Taka kete niyeche kintu dokandari pay ni. Amount was 4572 tk at merchant M189.,TRANSACTION_DISPUTE,RESOLVED,2026-09-21 12:22:47.335678
CMP-11132,C2110,,Connection lost during payment of 1076 tk to merchant M85.,FAILED_PAYMENT,RESOLVED,2026-10-02 19:03:35.335678
CMP-11133,C1659,,"Status sync issue: money deducted, merchant received, app showing waiting for confirmation.",TRANSACTION_DISPUTE,RESOLVED,2026-10-03 20:43:57.335678
CMP-11134,C871,,Taka kete niyeche kintu dokandari pay ni. Amount was 109 tk at merchant M156.,TRANSACTION_DISPUTE,RESOLVED,2026-09-28 13:52:58.335678
CMP-11135,C232,,Got security warning after attempting multiple payments of 85000 taka.,ACCOUNT_ISSUE,RESOLVED,2026-09-30 18:31:43.335678
CMP-11136,C1429,TX26865,"I only made one payment of 208 taka, but money was deducted TWICE from my account!",DUPLICATE_PAYMENT,NEW,2026-09-23 05:00:13.335678
CMP-11137,C2316,TX22155,"Network timeout during processing, app closed abruptly.",FAILED_PAYMENT,INVESTIGATING,2026-09-23 23:26:18.335678
CMP-11138,C653,TX25596,Taka kete niyeche kintu dokandari pay ni. Amount was 46 tk at merchant M49.,TRANSACTION_DISPUTE,NEW,2026-09-26 16:57:52.335678
CMP-11139,C2074,,"Payment of 2482 failed yesterday, message said reversal in 2 hours but still not refunded.",REFUND,NEW,2026-09-30 03:54:08.335678
CMP-11140,C1664,TX29835,Double deduction happened for my merchant bill payment of 1079 taka.,DUPLICATE_PAYMENT,INVESTIGATING,2026-09-30 09:09:48.335678
CMP-11141,C2344,TX34890,App shows pending for 49 BDT even though merchant got confirmation SMS.,TRANSACTION_DISPUTE,INVESTIGATING,2026-09-20 06:42:00.335678
CMP-11142,C2063,TX31299,"Status sync issue: money deducted, merchant received, app showing waiting for confirmation.",TRANSACTION_DISPUTE,NEW,2026-09-28 08:51:47.335678
CMP-11143,C1006,TX29360,"Merchant says payment succeeded and gave goods, but my app shows status 'PENDING'.",TRANSACTION_DISPUTE,INVESTIGATING,2026-10-03 16:01:15.335678
CMP-11144,C1347,TX33336,Dui bar taka keteche! Paid once but charged twice 3012 tk at merchant M74.,DUPLICATE_PAYMENT,RESOLVED,2026-10-02 13:13:08.335678
CMP-11145,C198,TX28363,"Transaction crashed with unknown server error, please investigate.",FAILED_PAYMENT,RESOLVED,2026-09-25 21:10:53.335678
CMP-11146,C1674,TX22768,"Customer care promised reversal for 184 tk within 24 hours, still no refund.",REFUND,RESOLVED,2026-09-30 01:33:45.335678
CMP-11147,C1910,TX21125,"Status sync issue: money deducted, merchant received, app showing waiting for confirmation.",TRANSACTION_DISPUTE,INVESTIGATING,2026-10-01 21:29:48.335678
CMP-11148,C1058,TX34945,"I scanned QR at merchant M92 and 1085 taka was cut, but POS machine showed failed.",TRANSACTION_DISPUTE,NEW,2026-09-29 13:48:17.335678
CMP-11149,C2347,,"Status sync issue: money deducted, merchant received, app showing waiting for confirmation.",TRANSACTION_DISPUTE,NEW,2026-09-26 10:47:19.335678
CMP-11150,C1715,,"I scanned QR at merchant M40 and 1603 taka was cut, but POS machine showed failed.",TRANSACTION_DISPUTE,INVESTIGATING,2026-09-20 08:09:12.335678
CMP-11151,C2108,,"Transaction failed at payment gateway, money deducted from wallet, no reversal received yet.",REFUND,NEW,2026-09-22 15:28:39.335678
CMP-11152,C439,,"Status sync issue: money deducted, merchant received, app showing waiting for confirmation.",TRANSACTION_DISPUTE,INVESTIGATING,2026-09-20 05:08:15.335678
CMP-11153,C1890,TX33599,"I only made one payment of 1604 taka, but money was deducted TWICE from my account!",DUPLICATE_PAYMENT,INVESTIGATING,2026-10-02 07:42:01.335678
CMP-11154,C1854,TX34138,Taka kete niyeche kintu dokandari pay ni. Amount was 8279 tk at merchant M139.,TRANSACTION_DISPUTE,INVESTIGATING,2026-09-20 00:13:59.335678
CMP-11155,C2280,TX34525,"Status sync issue: money deducted, merchant received, app showing waiting for confirmation.",TRANSACTION_DISPUTE,RESOLVED,2026-09-30 18:54:09.335678
CMP-11156,C316,TX30072,"Transaction was rejected stating insufficient balance, please check my account statement.",ACCOUNT_ISSUE,RESOLVED,2026-10-01 07:00:13.335678
CMP-11157,C1769,,"Internet connection dropped during PIN entry, don't know if money sent.",FAILED_PAYMENT,RESOLVED,2026-09-29 00:01:09.335678
CMP-11158,C1684,TX34793,App shows pending for 3100 BDT even though merchant got confirmation SMS.,TRANSACTION_DISPUTE,RESOLVED,2026-09-23 22:50:42.335678
CMP-11159,C1317,,"Payment of 92 failed yesterday, message said reversal in 2 hours but still not refunded.",REFUND,NEW,2026-10-01 16:21:50.335678
CMP-11160,C760,TX22848,Double deduction happened for my merchant bill payment of 464 taka.,DUPLICATE_PAYMENT,NEW,2026-09-24 10:21:40.335678
CMP-11161,C2158,,App shows pending for 92 BDT even though merchant got confirmation SMS.,TRANSACTION_DISPUTE,RESOLVED,2026-09-20 10:43:43.335678
CMP-11162,C2200,TX30398,System gave unknown error during payment of 968 taka.,FAILED_PAYMENT,INVESTIGATING,2026-09-29 10:52:32.335678
CMP-11163,C108,,"Merchant says payment succeeded and gave goods, but my app shows status 'PENDING'.",TRANSACTION_DISPUTE,NEW,2026-10-01 15:31:08.335678
CMP-11164,C983,,"I only made one payment of 93 taka, but money was deducted TWICE from my account!",DUPLICATE_PAYMENT,NEW,2026-09-29 13:38:34.335678
CMP-11165,C2439,TX22336,Taka kete niyeche kintu dokandari pay ni. Amount was 476 tk at merchant M127.,TRANSACTION_DISPUTE,INVESTIGATING,2026-09-24 21:57:22.335678
CMP-11166,C903,,Why did my payment get cancelled for balance check error?,ACCOUNT_ISSUE,INVESTIGATING,2026-09-27 23:29:12.335678
CMP-11167,C1745,,"Failed transaction of 2694 tk on 17:27, reversal missing from my statement.",REFUND,NEW,2026-09-25 19:24:54.335678
CMP-11168,C2394,,"Shop owner said money didn't arrive, but SMS shows 93 deducted.",TRANSACTION_DISPUTE,NEW,2026-09-21 09:12:20.335678
CMP-11169,C2249,,"I only made one payment of 3100 taka, but money was deducted TWICE from my account!",DUPLICATE_PAYMENT,RESOLVED,2026-09-28 14:02:08.335678
CMP-11170,C1712,TX29877,Taka kete niyeche kintu dokandari pay ni. Amount was 3237 tk at merchant M108.,TRANSACTION_DISPUTE,RESOLVED,2026-09-30 15:07:48.335678
CMP-11171,C1725,,"My account is blocked after repeated transaction attempts, please unblock immediately.",ACCOUNT_ISSUE,RESOLVED,2026-09-23 16:22:12.335678
CMP-11172,C1924,TX25938,"Customer care promised reversal for 2433 tk within 24 hours, still no refund.",REFUND,NEW,2026-09-21 00:40:47.335678
CMP-11173,C1185,TX29969,Connection lost during payment of 91 tk to merchant M196.,FAILED_PAYMENT,NEW,2026-10-02 03:09:18.335678
CMP-11174,C1455,TX31812,"I only made one payment of 957 taka, but money was deducted TWICE from my account!",DUPLICATE_PAYMENT,RESOLVED,2026-09-23 01:46:49.335678
CMP-11175,C583,TX29592,"Transaction failed at payment gateway, money deducted from wallet, no reversal received yet.",REFUND,INVESTIGATING,2026-09-20 05:42:30.335678
CMP-11176,C2492,TX24644,Duplicate charge: two debits of 3175 tk within seconds for the same purchase.,DUPLICATE_PAYMENT,INVESTIGATING,2026-09-27 12:07:01.335678
CMP-11177,C2267,TX33385,"Payment of 5490 failed yesterday, message said reversal in 2 hours but still not refunded.",REFUND,NEW,2026-09-29 17:47:00.335678
CMP-11178,C1467,TX21775,System gave unknown error during payment of 93 taka.,FAILED_PAYMENT,RESOLVED,2026-09-21 22:00:32.335678
CMP-11179,C877,TX34412,"I scanned QR at merchant M12 and 2890 taka was cut, but POS machine showed failed.",TRANSACTION_DISPUTE,NEW,2026-09-20 01:42:25.335678
CMP-11180,C589,TX27585,"I scanned QR at merchant M145 and 12967 taka was cut, but POS machine showed failed.",TRANSACTION_DISPUTE,INVESTIGATING,2026-09-25 17:34:26.335678
CMP-11181,C839,TX20183,System gave unknown error during payment of 964 taka.,FAILED_PAYMENT,INVESTIGATING,2026-09-27 23:51:32.335678
CMP-11182,C1303,,"Tried to pay 94 taka, said balance low, but I think I have enough funds.",ACCOUNT_ISSUE,RESOLVED,2026-09-22 08:33:23.335678
CMP-11183,C130,TX34897,App shows pending for 1080 BDT even though merchant got confirmation SMS.,TRANSACTION_DISPUTE,NEW,2026-09-27 09:39:52.335678
CMP-11184,C1166,TX24773,Got security warning after attempting multiple payments of 45000 taka.,ACCOUNT_ISSUE,INVESTIGATING,2026-09-27 21:45:31.335678
CMP-11185,C976,TX34589,"I scanned QR at merchant M90 and 2656 taka was cut, but POS machine showed failed.",TRANSACTION_DISPUTE,RESOLVED,2026-09-20 00:31:20.335678
CMP-11186,C1614,TX29820,Amar 11804 taka refund hoy nai. Payment failed hoise kintu taka ferot ashe nai.,REFUND,RESOLVED,2026-09-27 16:16:31.335678
CMP-11187,C1387,TX22493,"I only made one payment of 12374 taka, but money was deducted TWICE from my account!",DUPLICATE_PAYMENT,NEW,2026-09-29 23:16:40.335678
CMP-11188,C1041,,Taka kete niyeche kintu dokandari pay ni. Amount was 2316 tk at merchant M106.,TRANSACTION_DISPUTE,INVESTIGATING,2026-09-24 21:37:30.335678
CMP-11189,C787,TX20965,Dui bar taka keteche! Paid once but charged twice 181 tk at merchant M195.,DUPLICATE_PAYMENT,INVESTIGATING,2026-09-22 14:28:44.335678
CMP-11190,C2315,TX27081,"Customer care promised reversal for 184 tk within 24 hours, still no refund.",REFUND,INVESTIGATING,2026-10-03 19:20:08.335678
CMP-11191,C1549,TX22549,"Merchant says payment succeeded and gave goods, but my app shows status 'PENDING'.",TRANSACTION_DISPUTE,RESOLVED,2026-10-01 05:32:56.335678
CMP-11192,C1567,,"Failed transaction of 2982 tk on 06:34, reversal missing from my statement.",REFUND,NEW,2026-09-22 07:11:38.335678
CMP-11193,C949,TX30670,"Shop owner said money didn't arrive, but SMS shows 2681 deducted.",TRANSACTION_DISPUTE,RESOLVED,2026-09-25 19:07:31.335678
CMP-11194,C1344,TX25455,Duplicate charge: two debits of 944 tk within seconds for the same purchase.,DUPLICATE_PAYMENT,RESOLVED,2026-09-30 17:09:49.335678
CMP-11195,C2363,,"Customer care promised reversal for 8076 tk within 24 hours, still no refund.",REFUND,RESOLVED,2026-10-03 05:13:42.335678
CMP-11196,C1200,TX30652,"I only made one payment of 2759 taka, but money was deducted TWICE from my account!",DUPLICATE_PAYMENT,INVESTIGATING,2026-10-01 06:27:57.335678
CMP-11197,C1590,TX29879,"Network timeout during processing, app closed abruptly.",FAILED_PAYMENT,NEW,2026-09-25 00:27:02.335678
CMP-11198,C1058,TX23997,"Status sync issue: money deducted, merchant received, app showing waiting for confirmation.",TRANSACTION_DISPUTE,NEW,2026-09-25 08:31:03.335678
CMP-11199,C273,,"Internet connection dropped during PIN entry, don't know if money sent.",FAILED_PAYMENT,NEW,2026-09-24 18:03:37.335678
CMP-11200,C165,TX26209,Money has been deducted from my account (908 BDT) but the shopkeeper didn't receive it.,TRANSACTION_DISPUTE,NEW,2026-09-30 12:37:11.335678
CMP-11201,C493,TX27023,"Failed transaction of 11796 tk on 10:21, reversal missing from my statement.",REFUND,NEW,2026-09-22 11:21:00.335678
CMP-11202,C2377,TX22252,Why is my transaction still showing pending after 3 hours? Amount 2802 taka.,TRANSACTION_DISPUTE,INVESTIGATING,2026-09-25 05:32:05.335678
CMP-11203,C1461,TX30641,Duplicate charge: two debits of 92 tk within seconds for the same purchase.,DUPLICATE_PAYMENT,NEW,2026-09-20 16:18:39.335678
CMP-11204,C1114,,"My account is blocked after repeated transaction attempts, please unblock immediately.",ACCOUNT_ISSUE,RESOLVED,2026-09-23 19:31:45.335678
CMP-11205,C679,,"Transaction failed at payment gateway, money deducted from wallet, no reversal received yet.",REFUND,INVESTIGATING,2026-09-23 11:56:07.335678
CMP-11206,C1840,,Connection lost during payment of 50 tk to merchant M73.,FAILED_PAYMENT,RESOLVED,2026-10-01 00:53:15.335678
CMP-11207,C2483,TX32575,Double deduction happened for my merchant bill payment of 8421 taka.,DUPLICATE_PAYMENT,INVESTIGATING,2026-10-01 08:34:13.335678
CMP-11208,C1437,TX30822,Amar 2949 taka refund hoy nai. Payment failed hoise kintu taka ferot ashe nai.,REFUND,RESOLVED,2026-09-26 02:11:19.335678
CMP-11209,C295,,"Network timeout during processing, app closed abruptly.",FAILED_PAYMENT,NEW,2026-09-22 08:07:58.335678
CMP-11210,C313,,Why is my transaction still showing pending after 3 hours? Amount 10810 taka.,TRANSACTION_DISPUTE,INVESTIGATING,2026-09-25 23:10:30.335678
CMP-11211,C1725,,Taka kete niyeche kintu dokandari pay ni. Amount was 4510 tk at merchant M103.,TRANSACTION_DISPUTE,NEW,2026-09-23 23:54:34.335678
CMP-11212,C216,TX33901,"Tried to pay 516 taka, said balance low, but I think I have enough funds.",ACCOUNT_ISSUE,RESOLVED,2026-09-30 22:12:49.335678
CMP-11213,C2146,TX30068,"Status sync issue: money deducted, merchant received, app showing waiting for confirmation.",TRANSACTION_DISPUTE,NEW,2026-09-23 11:30:51.335678
CMP-11214,C455,,"My account is blocked after repeated transaction attempts, please unblock immediately.",ACCOUNT_ISSUE,NEW,2026-09-22 06:41:39.335678
CMP-11215,C1277,TX34599,Connection lost during payment of 102 tk to merchant M195.,FAILED_PAYMENT,NEW,2026-09-27 00:21:55.335678
CMP-11216,C1290,,"Merchant says payment succeeded and gave goods, but my app shows status 'PENDING'.",TRANSACTION_DISPUTE,RESOLVED,2026-09-21 14:50:16.335678
CMP-11217,C1139,,Taka kete niyeche kintu dokandari pay ni. Amount was 7750 tk at merchant M88.,TRANSACTION_DISPUTE,INVESTIGATING,2026-09-23 08:21:45.335678
CMP-11218,C496,TX27350,"Transaction failed at payment gateway, money deducted from wallet, no reversal received yet.",REFUND,RESOLVED,2026-10-02 03:51:28.335678
CMP-11219,C1391,TX25980,"Internet connection dropped during PIN entry, don't know if money sent.",FAILED_PAYMENT,NEW,2026-09-22 08:38:49.335678
CMP-11220,C975,,"Status sync issue: money deducted, merchant received, app showing waiting for confirmation.",TRANSACTION_DISPUTE,RESOLVED,2026-10-02 18:25:45.335678
CMP-11221,C1221,TX27094,"I only made one payment of 4655 taka, but money was deducted TWICE from my account!",DUPLICATE_PAYMENT,NEW,2026-09-26 05:52:52.335678
CMP-11222,C533,,"Payment of 976 failed yesterday, message said reversal in 2 hours but still not refunded.",REFUND,INVESTIGATING,2026-10-03 06:53:24.335678
CMP-11223,C2066,TX33008,App shows pending for 12694 BDT even though merchant got confirmation SMS.,TRANSACTION_DISPUTE,INVESTIGATING,2026-09-27 12:13:49.335678
CMP-11224,C1978,TX33487,Money has been deducted from my account (8657 BDT) but the shopkeeper didn't receive it.,TRANSACTION_DISPUTE,NEW,2026-09-27 15:37:43.335678
CMP-11225,C523,TX31508,Why is my transaction still showing pending after 3 hours? Amount 51 taka.,TRANSACTION_DISPUTE,NEW,2026-10-01 10:37:30.335678
CMP-11226,C338,,"I only made one payment of 7664 taka, but money was deducted TWICE from my account!",DUPLICATE_PAYMENT,NEW,2026-09-23 17:22:31.335678
CMP-11227,C454,TX25811,"My account is blocked after repeated transaction attempts, please unblock immediately.",ACCOUNT_ISSUE,RESOLVED,2026-09-20 13:45:46.335678
CMP-11228,C1171,TX25951,Why did my payment get cancelled for balance check error?,ACCOUNT_ISSUE,INVESTIGATING,2026-09-20 22:25:50.335678
CMP-11229,C926,,"Paid 100 taka at merchant around 07:03, merchant claims no payment received.",TRANSACTION_DISPUTE,RESOLVED,2026-09-28 08:37:21.335678
CMP-11230,C2162,TX20720,Connection lost during payment of 2388 tk to merchant M184.,FAILED_PAYMENT,INVESTIGATING,2026-09-29 00:35:42.335678
CMP-11231,C493,TX33542,"Transaction was rejected stating insufficient balance, please check my account statement.",ACCOUNT_ISSUE,INVESTIGATING,2026-09-21 00:25:34.335678
CMP-11232,C314,,"Status sync issue: money deducted, merchant received, app showing waiting for confirmation.",TRANSACTION_DISPUTE,NEW,2026-10-03 10:42:13.335678
CMP-11233,C2441,TX30889,"Transaction was rejected stating insufficient balance, please check my account statement.",ACCOUNT_ISSUE,RESOLVED,2026-09-29 06:33:17.335678
CMP-11234,C2146,TX30068,App shows pending for 209 BDT even though merchant got confirmation SMS.,TRANSACTION_DISPUTE,RESOLVED,2026-09-23 12:10:51.335678
CMP-11235,C294,,"Payment of 1353 failed yesterday, message said reversal in 2 hours but still not refunded.",REFUND,INVESTIGATING,2026-10-01 22:24:12.335678
CMP-11236,C852,TX28460,Why is my transaction still showing pending after 3 hours? Amount 8692 taka.,TRANSACTION_DISPUTE,NEW,2026-09-26 06:18:23.335678
CMP-11237,C2047,,"Status sync issue: money deducted, merchant received, app showing waiting for confirmation.",TRANSACTION_DISPUTE,NEW,2026-10-01 14:48:08.335678
CMP-11238,C2175,TX30686,"Transaction failed at payment gateway, money deducted from wallet, no reversal received yet.",REFUND,RESOLVED,2026-09-22 05:06:00.335678
CMP-11239,C627,TX30903,"Status sync issue: money deducted, merchant received, app showing waiting for confirmation.",TRANSACTION_DISPUTE,NEW,2026-09-22 17:30:30.335678
CMP-11240,C568,TX27042,Dui bar taka keteche! Paid once but charged twice 2802 tk at merchant M191.,DUPLICATE_PAYMENT,NEW,2026-09-29 04:52:28.335678
CMP-11241,C1680,TX21565,App shows pending for 11213 BDT even though merchant got confirmation SMS.,TRANSACTION_DISPUTE,RESOLVED,2026-09-23 19:36:28.335678
CMP-11242,C673,TX22723,"Failed transaction of 4780 tk on 08:04, reversal missing from my statement.",REFUND,INVESTIGATING,2026-10-01 08:35:12.335678
CMP-11243,C1023,TX29579,"Internet connection dropped during PIN entry, don't know if money sent.",FAILED_PAYMENT,INVESTIGATING,2026-10-03 17:08:18.335678
CMP-11244,C1361,TX24236,"Customer care promised reversal for 1008 tk within 24 hours, still no refund.",REFUND,RESOLVED,2026-09-25 22:43:03.335678
CMP-11245,C836,TX22961,"I scanned QR at merchant M169 and 10921 taka was cut, but POS machine showed failed.",TRANSACTION_DISPUTE,RESOLVED,2026-09-21 05:11:29.335678
CMP-11246,C1039,TX30718,"Tried to pay 109 taka, said balance low, but I think I have enough funds.",ACCOUNT_ISSUE,RESOLVED,2026-09-25 16:14:50.335678
CMP-11247,C2038,TX25306,"My account is blocked after repeated transaction attempts, please unblock immediately.",ACCOUNT_ISSUE,NEW,2026-09-27 06:52:26.335678
CMP-11248,C868,,Amar 12232 taka refund hoy nai. Payment failed hoise kintu taka ferot ashe nai.,REFUND,NEW,2026-09-27 06:40:04.335678
CMP-11249,C1346,,"I only made one payment of 7264 taka, but money was deducted TWICE from my account!",DUPLICATE_PAYMENT,RESOLVED,2026-09-23 14:21:12.335678
CMP-11250,C543,,"Paid 49 taka at merchant around 07:12, merchant claims no payment received.",TRANSACTION_DISPUTE,INVESTIGATING,2026-10-02 08:19:29.335678
CMP-11251,C1606,TX23867,"My account is blocked after repeated transaction attempts, please unblock immediately.",ACCOUNT_ISSUE,NEW,2026-09-21 05:32:27.335678
CMP-11252,C126,TX23922,"Status sync issue: money deducted, merchant received, app showing waiting for confirmation.",TRANSACTION_DISPUTE,NEW,2026-09-27 07:48:28.335678
CMP-11253,C882,TX32762,App shows pending for 2315 BDT even though merchant got confirmation SMS.,TRANSACTION_DISPUTE,NEW,2026-10-01 00:18:33.335678
CMP-11254,C1495,TX29001,"Internet connection dropped during PIN entry, don't know if money sent.",FAILED_PAYMENT,INVESTIGATING,2026-09-26 10:49:55.335678
CMP-11255,C1069,TX33933,App timed out showing network error while paying 11716 taka.,FAILED_PAYMENT,RESOLVED,2026-10-03 06:29:49.335678
CMP-11256,C2245,,Why is my transaction still showing pending after 3 hours? Amount 12429 taka.,TRANSACTION_DISPUTE,INVESTIGATING,2026-09-21 21:23:05.335678
CMP-11257,C1295,TX33114,App shows pending for 8201 BDT even though merchant got confirmation SMS.,TRANSACTION_DISPUTE,NEW,2026-10-01 00:21:45.335678
CMP-11258,C1494,,"Customer care promised reversal for 1431 tk within 24 hours, still no refund.",REFUND,NEW,2026-09-26 01:03:12.335678
CMP-11259,C2325,TX31485,"Failed transaction of 468 tk on 14:05, reversal missing from my statement.",REFUND,NEW,2026-09-28 14:53:40.335678
CMP-11260,C1658,,"Customer care promised reversal for 4523 tk within 24 hours, still no refund.",REFUND,NEW,2026-09-25 10:35:22.335678
CMP-11261,C1656,TX28319,"Internet connection dropped during PIN entry, don't know if money sent.",FAILED_PAYMENT,INVESTIGATING,2026-09-23 20:56:49.335678
CMP-11262,C1291,,Money has been deducted from my account (3275 BDT) but the shopkeeper didn't receive it.,TRANSACTION_DISPUTE,NEW,2026-09-21 21:47:31.335678
CMP-11263,C2229,,Duplicate charge: two debits of 2451 tk within seconds for the same purchase.,DUPLICATE_PAYMENT,RESOLVED,2026-09-27 09:40:46.335678
CMP-11264,C2205,TX30987,Why is my transaction still showing pending after 3 hours? Amount 2310 taka.,TRANSACTION_DISPUTE,NEW,2026-10-02 10:24:59.335678
CMP-11265,C1565,,Connection lost during payment of 3179 tk to merchant M132.,FAILED_PAYMENT,INVESTIGATING,2026-09-27 21:09:41.335678
CMP-11266,C515,TX23726,Why did my payment get cancelled for balance check error?,ACCOUNT_ISSUE,NEW,2026-09-25 08:29:35.335678
CMP-11267,C1590,,"Shop owner said money didn't arrive, but SMS shows 515 deducted.",TRANSACTION_DISPUTE,RESOLVED,2026-09-28 20:48:07.335678
CMP-11268,C1879,TX21062,"Status sync issue: money deducted, merchant received, app showing waiting for confirmation.",TRANSACTION_DISPUTE,NEW,2026-09-30 10:39:52.335678
CMP-11269,C1649,,"Customer care promised reversal for 3070 tk within 24 hours, still no refund.",REFUND,INVESTIGATING,2026-09-25 12:30:40.335678
CMP-11270,C1652,,"Paid 50 taka at merchant around 16:19, merchant claims no payment received.",TRANSACTION_DISPUTE,INVESTIGATING,2026-10-02 17:39:47.335678
CMP-11271,C962,,"Paid 7510 taka at merchant around 02:15, merchant claims no payment received.",TRANSACTION_DISPUTE,NEW,2026-09-27 02:50:42.335678
CMP-11272,C2397,TX24640,"Suspicious transaction alert triggered on my account, need urgent review.",ACCOUNT_ISSUE,RESOLVED,2026-09-27 04:07:58.335678
CMP-11273,C1100,,"Payment of 506 failed yesterday, message said reversal in 2 hours but still not refunded.",REFUND,NEW,2026-09-27 16:48:37.335678
CMP-11274,C462,,Dui bar taka keteche! Paid once but charged twice 48 tk at merchant M151.,DUPLICATE_PAYMENT,NEW,2026-09-28 14:35:30.335678
CMP-11275,C1587,,"Failed transaction of 2422 tk on 14:47, reversal missing from my statement.",REFUND,NEW,2026-10-02 15:19:10.335678
CMP-11276,C1324,TX28777,"Paid 4700 taka at merchant around 19:10, merchant claims no payment received.",TRANSACTION_DISPUTE,NEW,2026-09-24 19:30:25.335678
CMP-11277,C1741,TX29196,"Tried to pay 1475 taka, said balance low, but I think I have enough funds.",ACCOUNT_ISSUE,NEW,2026-09-26 12:52:17.335678
CMP-11278,C1214,,"Paid 4747 taka at merchant around 02:48, merchant claims no payment received.",TRANSACTION_DISPUTE,RESOLVED,2026-09-25 04:33:11.335678
CMP-11279,C1687,TX33657,Duplicate charge: two debits of 2794 tk within seconds for the same purchase.,DUPLICATE_PAYMENT,RESOLVED,2026-09-20 11:44:15.335678
CMP-11280,C1077,,Taka kete niyeche kintu dokandari pay ni. Amount was 2529 tk at merchant M139.,TRANSACTION_DISPUTE,NEW,2026-09-22 04:25:24.335678
CMP-11281,C1638,,Double deduction happened for my merchant bill payment of 5486 taka.,DUPLICATE_PAYMENT,NEW,2026-10-01 18:18:16.335678
CMP-11282,C786,TX23564,"Merchant says payment succeeded and gave goods, but my app shows status 'PENDING'.",TRANSACTION_DISPUTE,NEW,2026-09-30 12:00:03.335678
CMP-11283,C387,TX33159,Got security warning after attempting multiple payments of 120000 taka.,ACCOUNT_ISSUE,RESOLVED,2026-10-03 18:22:00.335678
CMP-11284,C1890,TX34937,"Transaction failed at payment gateway, money deducted from wallet, no reversal received yet.",REFUND,RESOLVED,2026-10-03 05:18:17.335678
CMP-11285,C1910,,"Customer care promised reversal for 2393 tk within 24 hours, still no refund.",REFUND,RESOLVED,2026-09-25 21:02:06.335678
CMP-11286,C1021,TX30135,"Customer care promised reversal for 3269 tk within 24 hours, still no refund.",REFUND,INVESTIGATING,2026-09-28 17:15:14.335678
CMP-11287,C1262,TX31632,Duplicate charge: two debits of 922 tk within seconds for the same purchase.,DUPLICATE_PAYMENT,NEW,2026-09-27 10:48:32.335678
CMP-11288,C752,TX34837,"Failed transaction of 905 tk on 07:08, reversal missing from my statement.",REFUND,INVESTIGATING,2026-10-02 08:32:27.335678
CMP-11289,C1134,,"Payment of 11140 failed yesterday, message said reversal in 2 hours but still not refunded.",REFUND,INVESTIGATING,2026-09-22 05:24:52.335678
CMP-11290,C2271,TX33161,"Transaction was rejected stating insufficient balance, please check my account statement.",ACCOUNT_ISSUE,NEW,2026-09-24 21:42:28.335678
CMP-11291,C1461,,"Customer care promised reversal for 969 tk within 24 hours, still no refund.",REFUND,RESOLVED,2026-09-27 11:14:50.335678
CMP-11292,C936,,Amar 4992 taka refund hoy nai. Payment failed hoise kintu taka ferot ashe nai.,REFUND,INVESTIGATING,2026-10-03 15:59:27.335678
CMP-11293,C1605,TX27181,Got security warning after attempting multiple payments of 100000 taka.,ACCOUNT_ISSUE,INVESTIGATING,2026-09-27 05:20:40.335678
CMP-11294,C2078,TX32029,Why is my transaction still showing pending after 3 hours? Amount 1381 taka.,TRANSACTION_DISPUTE,RESOLVED,2026-09-24 06:58:31.335678
CMP-11295,C399,,"Transaction failed at payment gateway, money deducted from wallet, no reversal received yet.",REFUND,NEW,2026-10-02 20:21:51.335678
CMP-11296,C229,,"Status sync issue: money deducted, merchant received, app showing waiting for confirmation.",TRANSACTION_DISPUTE,INVESTIGATING,2026-10-02 17:37:27.335678
CMP-11297,C575,TX20668,App shows pending for 198 BDT even though merchant got confirmation SMS.,TRANSACTION_DISPUTE,NEW,2026-09-27 07:26:27.335678
CMP-11298,C695,TX31638,"Paid 4991 taka at merchant around 11:34, merchant claims no payment received.",TRANSACTION_DISPUTE,NEW,2026-09-20 13:08:48.335678
CMP-11299,C1495,TX29001,"Network timeout during processing, app closed abruptly.",FAILED_PAYMENT,INVESTIGATING,2026-09-26 09:04:55.335678
CMP-11300,C497,TX20565,Got security warning after attempting multiple payments of 60000 taka.,ACCOUNT_ISSUE,RESOLVED,2026-10-02 18:47:39.335678
CMP-11301,C235,TX29662,Taka kete niyeche kintu dokandari pay ni. Amount was 2318 tk at merchant M24.,TRANSACTION_DISPUTE,NEW,2026-09-21 15:21:30.335678
CMP-11302,C2482,TX25919,Taka kete niyeche kintu dokandari pay ni. Amount was 11148 tk at merchant M171.,TRANSACTION_DISPUTE,RESOLVED,2026-10-03 18:32:30.335678
CMP-11303,C723,TX30715,Why is my transaction still showing pending after 3 hours? Amount 206 taka.,TRANSACTION_DISPUTE,RESOLVED,2026-10-03 01:18:38.335678
CMP-11304,C1353,TX26935,"I scanned QR at merchant M71 and 8454 taka was cut, but POS machine showed failed.",TRANSACTION_DISPUTE,INVESTIGATING,2026-10-02 13:01:57.335678
CMP-11305,C191,TX30827,Taka kete niyeche kintu dokandari pay ni. Amount was 1374 tk at merchant M88.,TRANSACTION_DISPUTE,INVESTIGATING,2026-09-25 03:20:49.335678
CMP-11306,C1369,TX27760,Amar 457 taka refund hoy nai. Payment failed hoise kintu taka ferot ashe nai.,REFUND,NEW,2026-09-23 10:03:38.335678
CMP-11307,C1228,TX33119,"Failed transaction of 183 tk on 03:52, reversal missing from my statement.",REFUND,INVESTIGATING,2026-09-28 04:29:34.335678
CMP-11308,C1572,TX31074,"Payment of 93 failed yesterday, message said reversal in 2 hours but still not refunded.",REFUND,RESOLVED,2026-09-28 23:41:08.335678
CMP-11309,C1722,TX20901,System gave unknown error during payment of 1013 taka.,FAILED_PAYMENT,RESOLVED,2026-09-24 02:35:31.335678
CMP-11310,C1830,TX21191,"Customer care promised reversal for 937 tk within 24 hours, still no refund.",REFUND,RESOLVED,2026-09-26 17:14:13.335678
CMP-11311,C2154,TX22293,App timed out showing network error while paying 2586 taka.,FAILED_PAYMENT,RESOLVED,2026-09-25 05:15:53.335678
CMP-11312,C610,,Connection lost during payment of 105 tk to merchant M82.,FAILED_PAYMENT,RESOLVED,2026-09-30 22:04:45.335678
CMP-11313,C2175,TX29849,System gave unknown error during payment of 5269 taka.,FAILED_PAYMENT,NEW,2026-09-26 17:03:11.335678
CMP-11314,C2176,TX21365,App shows pending for 2462 BDT even though merchant got confirmation SMS.,TRANSACTION_DISPUTE,INVESTIGATING,2026-09-29 17:01:08.335678
CMP-11315,C628,,"Transaction failed at payment gateway, money deducted from wallet, no reversal received yet.",REFUND,NEW,2026-09-27 23:27:00.335678
CMP-11316,C565,TX31232,"Transaction failed at payment gateway, money deducted from wallet, no reversal received yet.",REFUND,NEW,2026-09-21 08:45:37.335678
CMP-11317,C2441,,Why did my payment get cancelled for balance check error?,ACCOUNT_ISSUE,RESOLVED,2026-09-29 06:48:17.335678
CMP-11318,C200,TX23875,"Failed transaction of 48 tk on 17:46, reversal missing from my statement.",REFUND,INVESTIGATING,2026-09-24 18:56:11.335678
CMP-11319,C1206,TX24059,"Failed transaction of 196 tk on 22:06, reversal missing from my statement.",REFUND,INVESTIGATING,2026-10-02 23:37:25.335678
CMP-11320,C2140,TX30882,Double deduction happened for my merchant bill payment of 461 taka.,DUPLICATE_PAYMENT,INVESTIGATING,2026-09-29 06:58:01.335678
CMP-11321,C410,TX31645,"Network timeout during processing, app closed abruptly.",FAILED_PAYMENT,RESOLVED,2026-09-22 18:14:37.335678
CMP-11322,C720,TX30632,Amar 12471 taka refund hoy nai. Payment failed hoise kintu taka ferot ashe nai.,REFUND,NEW,2026-10-02 06:34:29.335678
CMP-11323,C955,,"My account is blocked after repeated transaction attempts, please unblock immediately.",ACCOUNT_ISSUE,RESOLVED,2026-10-03 16:55:10.335678
CMP-11324,C983,TX31750,Taka kete niyeche kintu dokandari pay ni. Amount was 12781 tk at merchant M184.,TRANSACTION_DISPUTE,NEW,2026-10-01 15:04:18.335678
CMP-11325,C138,TX31318,"Failed transaction of 183 tk on 02:26, reversal missing from my statement.",REFUND,RESOLVED,2026-09-30 02:57:46.335678
CMP-11326,C2403,TX31986,"Customer care promised reversal for 1478 tk within 24 hours, still no refund.",REFUND,RESOLVED,2026-09-26 17:02:47.335678
CMP-11327,C788,,"Merchant says payment succeeded and gave goods, but my app shows status 'PENDING'.",TRANSACTION_DISPUTE,NEW,2026-09-24 19:16:22.335678
CMP-11328,C1206,TX24059,"Transaction failed at payment gateway, money deducted from wallet, no reversal received yet.",REFUND,NEW,2026-10-02 22:21:25.335678
CMP-11329,C674,TX28184,"Suspicious transaction alert triggered on my account, need urgent review.",ACCOUNT_ISSUE,INVESTIGATING,2026-09-26 09:34:17.335678
CMP-11330,C1741,TX29723,"Internet connection dropped during PIN entry, don't know if money sent.",FAILED_PAYMENT,RESOLVED,2026-09-30 09:50:58.335678
CMP-11331,C1923,TX20897,App timed out showing network error while paying 97 taka.,FAILED_PAYMENT,INVESTIGATING,2026-09-28 16:27:43.335678
CMP-11332,C1289,,"Paid 8710 taka at merchant around 00:27, merchant claims no payment received.",TRANSACTION_DISPUTE,NEW,2026-09-25 01:31:03.335678
CMP-11333,C1965,TX24039,"Status sync issue: money deducted, merchant received, app showing waiting for confirmation.",TRANSACTION_DISPUTE,INVESTIGATING,2026-09-20 13:06:07.335678
CMP-11334,C1416,,Dui bar taka keteche! Paid once but charged twice 94 tk at merchant M198.,DUPLICATE_PAYMENT,RESOLVED,2026-09-27 22:38:18.335678
CMP-11335,C191,TX30827,"Shop owner said money didn't arrive, but SMS shows 1374 deducted.",TRANSACTION_DISPUTE,INVESTIGATING,2026-09-25 04:28:49.335678
CMP-11336,C1740,TX28990,"Merchant says payment succeeded and gave goods, but my app shows status 'PENDING'.",TRANSACTION_DISPUTE,RESOLVED,2026-09-26 09:52:59.335678
CMP-11337,C2326,TX22618,"Transaction was rejected stating insufficient balance, please check my account statement.",ACCOUNT_ISSUE,INVESTIGATING,2026-10-03 03:25:23.335678
CMP-11338,C589,TX24503,"I scanned QR at merchant M44 and 2507 taka was cut, but POS machine showed failed.",TRANSACTION_DISPUTE,NEW,2026-09-26 00:38:55.335678
CMP-11339,C1076,TX26014,Why did my payment get cancelled for balance check error?,ACCOUNT_ISSUE,NEW,2026-09-27 21:56:33.335678
CMP-11340,C2105,TX29910,"Payment of 196 failed yesterday, message said reversal in 2 hours but still not refunded.",REFUND,RESOLVED,2026-09-28 22:24:38.335678
CMP-11341,C1883,,Connection lost during payment of 507 tk to merchant M162.,FAILED_PAYMENT,NEW,2026-09-27 23:50:22.335678
CMP-11342,C1459,TX25142,App timed out showing network error while paying 104 taka.,FAILED_PAYMENT,NEW,2026-10-03 12:25:04.335678
CMP-11343,C2348,TX28058,Why did my payment get cancelled for balance check error?,ACCOUNT_ISSUE,INVESTIGATING,2026-09-26 16:32:03.335678
CMP-11344,C1160,TX30858,"Failed transaction of 7867 tk on 02:25, reversal missing from my statement.",REFUND,NEW,2026-09-29 04:12:29.335678
CMP-11345,C2052,TX34926,Taka kete niyeche kintu dokandari pay ni. Amount was 1007 tk at merchant M123.,TRANSACTION_DISPUTE,RESOLVED,2026-09-29 02:10:41.335678
CMP-11346,C1889,,"I only made one payment of 475 taka, but money was deducted TWICE from my account!",DUPLICATE_PAYMENT,RESOLVED,2026-09-22 02:22:34.335678
CMP-11347,C1043,,"I only made one payment of 1566 taka, but money was deducted TWICE from my account!",DUPLICATE_PAYMENT,NEW,2026-10-01 15:59:42.335678
CMP-11348,C1920,,System gave unknown error during payment of 2422 taka.,FAILED_PAYMENT,NEW,2026-09-24 04:19:57.335678
CMP-11349,C481,TX20074,Dui bar taka keteche! Paid once but charged twice 490 tk at merchant M85.,DUPLICATE_PAYMENT,NEW,2026-09-27 10:28:35.335678
CMP-11350,C812,TX26915,Money has been deducted from my account (543 BDT) but the shopkeeper didn't receive it.,TRANSACTION_DISPUTE,RESOLVED,2026-10-03 15:36:39.335678
CMP-11351,C1808,,App timed out showing network error while paying 98 taka.,FAILED_PAYMENT,INVESTIGATING,2026-09-20 19:45:39.335678
CMP-11352,C2161,TX29878,"I only made one payment of 96 taka, but money was deducted TWICE from my account!",DUPLICATE_PAYMENT,RESOLVED,2026-09-28 11:33:54.335678
CMP-11353,C2048,TX31973,"Internet connection dropped during PIN entry, don't know if money sent.",FAILED_PAYMENT,INVESTIGATING,2026-09-24 10:26:01.335678
CMP-11354,C1977,TX26084,Amar 2433 taka refund hoy nai. Payment failed hoise kintu taka ferot ashe nai.,REFUND,INVESTIGATING,2026-09-23 23:29:58.335678
CMP-11355,C1582,,"My account is blocked after repeated transaction attempts, please unblock immediately.",ACCOUNT_ISSUE,NEW,2026-09-23 14:40:12.335678
CMP-11356,C2129,,"Status sync issue: money deducted, merchant received, app showing waiting for confirmation.",TRANSACTION_DISPUTE,RESOLVED,2026-09-28 05:45:50.335678
CMP-11357,C1280,TX31935,Amar 462 taka refund hoy nai. Payment failed hoise kintu taka ferot ashe nai.,REFUND,RESOLVED,2026-10-01 09:13:34.335678
CMP-11358,C2312,TX27450,Dui bar taka keteche! Paid once but charged twice 1086 tk at merchant M32.,DUPLICATE_PAYMENT,RESOLVED,2026-09-27 21:21:59.335678
CMP-11359,C1086,TX34213,"Status sync issue: money deducted, merchant received, app showing waiting for confirmation.",TRANSACTION_DISPUTE,NEW,2026-10-03 18:12:25.335678
CMP-11360,C1736,TX33194,"Failed transaction of 211 tk on 09:22, reversal missing from my statement.",REFUND,NEW,2026-09-23 11:10:21.335678
CMP-11361,C530,TX29033,App timed out showing network error while paying 5080 taka.,FAILED_PAYMENT,RESOLVED,2026-09-30 08:20:42.335678
CMP-11362,C767,TX26986,Taka kete niyeche kintu dokandari pay ni. Amount was 1597 tk at merchant M49.,TRANSACTION_DISPUTE,NEW,2026-09-24 03:11:31.335678
CMP-11363,C1905,TX33172,App timed out showing network error while paying 11854 taka.,FAILED_PAYMENT,INVESTIGATING,2026-10-01 05:14:54.335678
CMP-11364,C1475,,"Payment of 2625 failed yesterday, message said reversal in 2 hours but still not refunded.",REFUND,INVESTIGATING,2026-09-25 03:36:15.335678
CMP-11365,C731,,"Status sync issue: money deducted, merchant received, app showing waiting for confirmation.",TRANSACTION_DISPUTE,INVESTIGATING,2026-09-28 23:13:19.335678
CMP-11366,C1349,,Double deduction happened for my merchant bill payment of 496 taka.,DUPLICATE_PAYMENT,RESOLVED,2026-10-03 07:05:51.335678
CMP-11367,C420,,System gave unknown error during payment of 509 taka.,FAILED_PAYMENT,INVESTIGATING,2026-09-20 08:41:34.335678
CMP-11368,C662,TX27268,"Customer care promised reversal for 994 tk within 24 hours, still no refund.",REFUND,RESOLVED,2026-10-01 10:18:34.335678
CMP-11369,C628,,"Network timeout during processing, app closed abruptly.",FAILED_PAYMENT,NEW,2026-10-01 02:47:46.335678
CMP-11370,C2236,,"Payment of 5266 failed yesterday, message said reversal in 2 hours but still not refunded.",REFUND,INVESTIGATING,2026-09-25 01:04:17.335678
CMP-11371,C1683,,Why is my transaction still showing pending after 3 hours? Amount 3222 taka.,TRANSACTION_DISPUTE,NEW,2026-09-21 01:27:25.335678
CMP-11372,C1101,,App shows pending for 11607 BDT even though merchant got confirmation SMS.,TRANSACTION_DISPUTE,NEW,2026-10-01 13:39:44.335678
CMP-11373,C1695,TX22280,Money has been deducted from my account (1050 BDT) but the shopkeeper didn't receive it.,TRANSACTION_DISPUTE,INVESTIGATING,2026-09-21 01:10:12.335678
CMP-11374,C1330,TX32991,"I scanned QR at merchant M133 and 8680 taka was cut, but POS machine showed failed.",TRANSACTION_DISPUTE,INVESTIGATING,2026-09-26 05:13:28.335678
CMP-11375,C1521,TX32421,"Tried to pay 7370 taka, said balance low, but I think I have enough funds.",ACCOUNT_ISSUE,NEW,2026-09-20 09:50:53.335678
CMP-11376,C1326,TX21108,"Merchant says payment succeeded and gave goods, but my app shows status 'PENDING'.",TRANSACTION_DISPUTE,INVESTIGATING,2026-09-20 06:53:37.335678
CMP-11377,C1417,TX29055,System gave unknown error during payment of 53 taka.,FAILED_PAYMENT,NEW,2026-09-27 23:09:48.335678
CMP-11378,C250,,"Status sync issue: money deducted, merchant received, app showing waiting for confirmation.",TRANSACTION_DISPUTE,RESOLVED,2026-10-02 16:36:57.335678
CMP-11379,C1460,TX29870,Taka kete niyeche kintu dokandari pay ni. Amount was 1021 tk at merchant M98.,TRANSACTION_DISPUTE,INVESTIGATING,2026-09-26 08:21:53.335678
CMP-11380,C1432,TX33639,"Status sync issue: money deducted, merchant received, app showing waiting for confirmation.",TRANSACTION_DISPUTE,RESOLVED,2026-09-24 15:09:11.335678
CMP-11381,C299,,Taka kete niyeche kintu dokandari pay ni. Amount was 998 tk at merchant M22.,TRANSACTION_DISPUTE,INVESTIGATING,2026-09-26 22:09:32.335678
CMP-11382,C1201,,Double deduction happened for my merchant bill payment of 2725 taka.,DUPLICATE_PAYMENT,NEW,2026-09-20 08:00:45.335678
CMP-11383,C871,TX32905,Taka kete niyeche kintu dokandari pay ni. Amount was 46 tk at merchant M110.,TRANSACTION_DISPUTE,NEW,2026-09-30 01:37:35.335678
CMP-11384,C1991,TX20166,"Payment failed with weird error code ERR_999, what happened to my 2501 taka?",FAILED_PAYMENT,NEW,2026-09-23 22:15:15.335678
CMP-11385,C1965,TX24039,"Merchant says payment succeeded and gave goods, but my app shows status 'PENDING'.",TRANSACTION_DISPUTE,INVESTIGATING,2026-09-20 13:20:07.335678
CMP-11386,C2379,,"I scanned QR at merchant M17 and 963 taka was cut, but POS machine showed failed.",TRANSACTION_DISPUTE,NEW,2026-09-24 07:59:08.335678
CMP-11387,C1703,,"Customer care promised reversal for 201 tk within 24 hours, still no refund.",REFUND,RESOLVED,2026-10-01 09:00:06.335678
CMP-11388,C2057,,"Customer care promised reversal for 90 tk within 24 hours, still no refund.",REFUND,NEW,2026-10-02 04:39:40.335678
CMP-11389,C144,TX31363,"Paid 459 taka at merchant around 16:29, merchant claims no payment received.",TRANSACTION_DISPUTE,RESOLVED,2026-09-25 17:20:44.335678
CMP-11390,C2072,TX31187,"Shop owner said money didn't arrive, but SMS shows 7607 deducted.",TRANSACTION_DISPUTE,RESOLVED,2026-09-23 05:43:50.335678
CMP-11391,C1692,,"Failed transaction of 1535 tk on 12:57, reversal missing from my statement.",REFUND,NEW,2026-10-03 13:36:08.335678
CMP-11392,C441,TX23020,"Customer care promised reversal for 52 tk within 24 hours, still no refund.",REFUND,NEW,2026-09-25 12:47:38.335678
CMP-11393,C1727,,"Transaction failed at payment gateway, money deducted from wallet, no reversal received yet.",REFUND,RESOLVED,2026-10-01 17:36:23.335678
CMP-11394,C2131,,"Status sync issue: money deducted, merchant received, app showing waiting for confirmation.",TRANSACTION_DISPUTE,NEW,2026-09-24 21:19:48.335678
CMP-11395,C662,TX26203,"Internet connection dropped during PIN entry, don't know if money sent.",FAILED_PAYMENT,RESOLVED,2026-09-20 16:06:16.335678
CMP-11396,C1020,TX21673,"Transaction failed at payment gateway, money deducted from wallet, no reversal received yet.",REFUND,RESOLVED,2026-09-29 21:14:14.335678
CMP-11397,C2090,TX27829,"I scanned QR at merchant M25 and 2568 taka was cut, but POS machine showed failed.",TRANSACTION_DISPUTE,INVESTIGATING,2026-10-03 05:49:16.335678
CMP-11398,C1269,TX27602,Why did my payment get cancelled for balance check error?,ACCOUNT_ISSUE,NEW,2026-09-27 05:41:46.335678
CMP-11399,C2316,TX25281,"I only made one payment of 97 taka, but money was deducted TWICE from my account!",DUPLICATE_PAYMENT,INVESTIGATING,2026-09-24 13:30:53.335678
CMP-11400,C1785,TX34925,Amar 7627 taka refund hoy nai. Payment failed hoise kintu taka ferot ashe nai.,REFUND,INVESTIGATING,2026-09-24 20:58:28.335678
CMP-11401,C2431,TX31713,"Merchant says payment succeeded and gave goods, but my app shows status 'PENDING'.",TRANSACTION_DISPUTE,RESOLVED,2026-09-25 16:54:59.335678
CMP-11402,C1453,TX27205,Connection lost during payment of 1357 tk to merchant M88.,FAILED_PAYMENT,RESOLVED,2026-09-23 04:13:19.335678
CMP-11403,C1991,,System gave unknown error during payment of 12939 taka.,FAILED_PAYMENT,NEW,2026-10-03 00:19:57.335678
CMP-11404,C1707,TX26026,"Network timeout during processing, app closed abruptly.",FAILED_PAYMENT,INVESTIGATING,2026-09-26 14:03:31.335678
CMP-11405,C2300,TX29207,App timed out showing network error while paying 7288 taka.,FAILED_PAYMENT,NEW,2026-09-20 19:30:34.335678
CMP-11406,C1793,TX25929,App shows pending for 4593 BDT even though merchant got confirmation SMS.,TRANSACTION_DISPUTE,NEW,2026-09-27 00:02:39.335678
CMP-11407,C619,TX25226,App timed out showing network error while paying 980 taka.,FAILED_PAYMENT,INVESTIGATING,2026-09-21 03:41:32.335678
CMP-11408,C1556,TX29216,"Suspicious transaction alert triggered on my account, need urgent review.",ACCOUNT_ISSUE,INVESTIGATING,2026-09-29 05:28:08.335678
CMP-11409,C1425,TX26934,Dui bar taka keteche! Paid once but charged twice 1008 tk at merchant M92.,DUPLICATE_PAYMENT,RESOLVED,2026-10-02 12:31:50.335678
CMP-11410,C368,TX28693,Duplicate charge: two debits of 12088 tk within seconds for the same purchase.,DUPLICATE_PAYMENT,RESOLVED,2026-09-23 19:48:11.335678
CMP-11411,C1222,TX25256,"Payment of 920 failed yesterday, message said reversal in 2 hours but still not refunded.",REFUND,NEW,2026-09-25 17:10:46.335678
CMP-11412,C1955,TX21703,"Tried to pay 928 taka, said balance low, but I think I have enough funds.",ACCOUNT_ISSUE,INVESTIGATING,2026-09-26 18:22:40.335678
CMP-11413,C2201,,"Payment failed with weird error code ERR_999, what happened to my 1017 taka?",FAILED_PAYMENT,INVESTIGATING,2026-09-24 02:52:59.335678
CMP-11414,C1258,TX34339,"Failed transaction of 477 tk on 15:26, reversal missing from my statement.",REFUND,NEW,2026-09-30 17:23:03.335678
CMP-11415,C2068,TX28360,Dui bar taka keteche! Paid once but charged twice 967 tk at merchant M145.,DUPLICATE_PAYMENT,RESOLVED,2026-09-27 01:07:48.335678
CMP-11416,C1222,,"Transaction failed at payment gateway, money deducted from wallet, no reversal received yet.",REFUND,INVESTIGATING,2026-09-25 17:30:46.335678
CMP-11417,C1084,,"Transaction failed at payment gateway, money deducted from wallet, no reversal received yet.",REFUND,RESOLVED,2026-09-27 01:34:09.335678
CMP-11418,C500,TX33016,App timed out showing network error while paying 48 taka.,FAILED_PAYMENT,RESOLVED,2026-09-26 20:40:02.335678
CMP-11419,C911,,App shows pending for 98 BDT even though merchant got confirmation SMS.,TRANSACTION_DISPUTE,INVESTIGATING,2026-09-26 00:56:12.335678
CMP-11420,C582,,Double deduction happened for my merchant bill payment of 50 taka.,DUPLICATE_PAYMENT,INVESTIGATING,2026-09-29 19:06:42.335678
CMP-11421,C1153,TX31851,"Status sync issue: money deducted, merchant received, app showing waiting for confirmation.",TRANSACTION_DISPUTE,RESOLVED,2026-09-29 05:14:17.335678
CMP-11422,C775,TX31005,"Failed transaction of 1074 tk on 00:28, reversal missing from my statement.",REFUND,NEW,2026-09-30 01:52:42.335678
CMP-11423,C999,,Taka kete niyeche kintu dokandari pay ni. Amount was 2505 tk at merchant M196.,TRANSACTION_DISPUTE,INVESTIGATING,2026-10-02 08:51:45.335678
CMP-11424,C1269,TX27602,"Tried to pay 52 taka, said balance low, but I think I have enough funds.",ACCOUNT_ISSUE,NEW,2026-09-27 04:23:46.335678
CMP-11425,C482,TX34327,"Transaction crashed with unknown server error, please investigate.",FAILED_PAYMENT,NEW,2026-09-26 16:56:05.335678
CMP-11426,C747,TX27604,Dui bar taka keteche! Paid once but charged twice 11518 tk at merchant M195.,DUPLICATE_PAYMENT,INVESTIGATING,2026-09-22 20:39:31.335678
CMP-11427,C1198,TX34263,"Transaction was rejected stating insufficient balance, please check my account statement.",ACCOUNT_ISSUE,RESOLVED,2026-09-21 18:29:18.335678
CMP-11428,C1595,TX34737,"I only made one payment of 502 taka, but money was deducted TWICE from my account!",DUPLICATE_PAYMENT,INVESTIGATING,2026-09-25 21:54:37.335678
CMP-11429,C1412,,"Payment of 12229 failed yesterday, message said reversal in 2 hours but still not refunded.",REFUND,RESOLVED,2026-10-03 01:29:31.335678
CMP-11430,C787,,Got security warning after attempting multiple payments of 85000 taka.,ACCOUNT_ISSUE,NEW,2026-09-25 06:04:18.335678
CMP-11431,C1048,TX31747,Money has been deducted from my account (1372 BDT) but the shopkeeper didn't receive it.,TRANSACTION_DISPUTE,RESOLVED,2026-09-22 06:40:05.335678
CMP-11432,C1732,TX32414,Double deduction happened for my merchant bill payment of 13084 taka.,DUPLICATE_PAYMENT,RESOLVED,2026-09-27 21:22:23.335678
CMP-11433,C1928,TX23029,"Failed transaction of 90 tk on 09:23, reversal missing from my statement.",REFUND,INVESTIGATING,2026-09-22 09:43:40.335678
CMP-11434,C720,TX26376,App shows pending for 531 BDT even though merchant got confirmation SMS.,TRANSACTION_DISPUTE,INVESTIGATING,2026-09-23 02:37:32.335678
CMP-11435,C686,TX28755,"Merchant says payment succeeded and gave goods, but my app shows status 'PENDING'.",TRANSACTION_DISPUTE,INVESTIGATING,2026-09-28 10:29:47.335678
CMP-11436,C459,,"Paid 10985 taka at merchant around 16:02, merchant claims no payment received.",TRANSACTION_DISPUTE,NEW,2026-09-21 17:20:46.335678
CMP-11437,C1463,,Double deduction happened for my merchant bill payment of 50 taka.,DUPLICATE_PAYMENT,NEW,2026-09-25 09:57:10.335678
CMP-11438,C2239,,"Network timeout during processing, app closed abruptly.",FAILED_PAYMENT,INVESTIGATING,2026-09-25 15:18:36.335678
CMP-11439,C813,TX20924,App timed out showing network error while paying 4745 taka.,FAILED_PAYMENT,INVESTIGATING,2026-09-20 12:52:07.335678
CMP-11440,C1963,TX23265,"Suspicious transaction alert triggered on my account, need urgent review.",ACCOUNT_ISSUE,NEW,2026-10-01 11:03:09.335678
CMP-11441,C2275,TX31822,Money has been deducted from my account (3252 BDT) but the shopkeeper didn't receive it.,TRANSACTION_DISPUTE,RESOLVED,2026-09-26 03:51:27.335678
CMP-11442,C2459,TX29130,"Network timeout during processing, app closed abruptly.",FAILED_PAYMENT,NEW,2026-09-21 09:11:48.335678
CMP-11443,C1609,TX30498,Why is my transaction still showing pending after 3 hours? Amount 3140 taka.,TRANSACTION_DISPUTE,INVESTIGATING,2026-09-30 18:16:56.335678
CMP-11444,C1912,TX25841,"Failed transaction of 910 tk on 04:10, reversal missing from my statement.",REFUND,INVESTIGATING,2026-10-01 05:45:13.335678
CMP-11445,C2270,,"Failed transaction of 540 tk on 08:28, reversal missing from my statement.",REFUND,INVESTIGATING,2026-09-21 10:23:34.335678
CMP-11446,C1003,TX32940,"Internet connection dropped during PIN entry, don't know if money sent.",FAILED_PAYMENT,RESOLVED,2026-09-26 16:57:56.335678
CMP-11447,C805,,Duplicate charge: two debits of 5452 tk within seconds for the same purchase.,DUPLICATE_PAYMENT,NEW,2026-09-29 05:26:12.335678
CMP-11448,C1172,TX23579,"Transaction failed at payment gateway, money deducted from wallet, no reversal received yet.",REFUND,NEW,2026-09-23 21:04:26.335678
CMP-11449,C471,,Dui bar taka keteche! Paid once but charged twice 953 tk at merchant M169.,DUPLICATE_PAYMENT,INVESTIGATING,2026-10-02 08:44:08.335678
CMP-11450,C654,TX30017,"Network timeout during processing, app closed abruptly.",FAILED_PAYMENT,NEW,2026-09-21 22:44:39.335678
CMP-11451,C911,TX26322,"Merchant says payment succeeded and gave goods, but my app shows status 'PENDING'.",TRANSACTION_DISPUTE,RESOLVED,2026-10-02 04:44:57.335678
CMP-11452,C2497,TX20840,"Network timeout during processing, app closed abruptly.",FAILED_PAYMENT,NEW,2026-09-21 05:41:46.335678
CMP-11453,C936,,"Transaction failed at payment gateway, money deducted from wallet, no reversal received yet.",REFUND,RESOLVED,2026-09-29 07:56:35.335678
CMP-11454,C2223,,"Merchant says payment succeeded and gave goods, but my app shows status 'PENDING'.",TRANSACTION_DISPUTE,RESOLVED,2026-10-03 03:41:52.335678
CMP-11455,C479,TX23898,"Transaction failed at payment gateway, money deducted from wallet, no reversal received yet.",REFUND,RESOLVED,2026-09-28 05:36:21.335678
CMP-11456,C467,TX32737,"Customer care promised reversal for 193 tk within 24 hours, still no refund.",REFUND,INVESTIGATING,2026-10-01 19:32:42.335678
CMP-11457,C505,,"Paid 45 taka at merchant around 15:17, merchant claims no payment received.",TRANSACTION_DISPUTE,INVESTIGATING,2026-09-30 16:45:51.335678
CMP-11458,C1361,,"Payment of 206 failed yesterday, message said reversal in 2 hours but still not refunded.",REFUND,INVESTIGATING,2026-09-30 03:40:08.335678
CMP-11459,C1263,TX28476,"I scanned QR at merchant M84 and 50 taka was cut, but POS machine showed failed.",TRANSACTION_DISPUTE,RESOLVED,2026-09-24 02:47:21.335678
CMP-11460,C146,TX23274,App shows pending for 2611 BDT even though merchant got confirmation SMS.,TRANSACTION_DISPUTE,INVESTIGATING,2026-09-24 10:29:08.335678
CMP-11461,C1308,TX25434,Connection lost during payment of 101 tk to merchant M89.,FAILED_PAYMENT,NEW,2026-09-21 15:08:14.335678
CMP-11462,C517,TX20852,"Payment of 50 failed yesterday, message said reversal in 2 hours but still not refunded.",REFUND,INVESTIGATING,2026-09-22 20:35:23.335678
CMP-11463,C2031,,Taka kete niyeche kintu dokandari pay ni. Amount was 183 tk at merchant M100.,TRANSACTION_DISPUTE,INVESTIGATING,2026-10-02 18:36:11.335678
CMP-11464,C1268,,"Status sync issue: money deducted, merchant received, app showing waiting for confirmation.",TRANSACTION_DISPUTE,INVESTIGATING,2026-09-23 21:34:10.335678
CMP-11465,C1025,,Amar 11313 taka refund hoy nai. Payment failed hoise kintu taka ferot ashe nai.,REFUND,NEW,2026-09-24 08:54:43.335678
CMP-11466,C405,TX30074,System gave unknown error during payment of 5193 taka.,FAILED_PAYMENT,RESOLVED,2026-09-20 22:46:48.335678
CMP-11467,C617,TX27457,App shows pending for 11556 BDT even though merchant got confirmation SMS.,TRANSACTION_DISPUTE,RESOLVED,2026-09-29 23:55:00.335678
CMP-11468,C1124,,"Transaction crashed with unknown server error, please investigate.",FAILED_PAYMENT,INVESTIGATING,2026-10-03 11:25:51.335678
CMP-11469,C1064,TX33176,"Failed transaction of 48 tk on 15:24, reversal missing from my statement.",REFUND,NEW,2026-09-26 15:41:48.335678
CMP-11470,C1774,,"Failed transaction of 47 tk on 13:52, reversal missing from my statement.",REFUND,NEW,2026-09-21 14:04:14.335678
CMP-11471,C577,TX33923,Connection lost during payment of 2857 tk to merchant M168.,FAILED_PAYMENT,NEW,2026-09-22 22:35:02.335678
CMP-11472,C2216,,Got security warning after attempting multiple payments of 45000 taka.,ACCOUNT_ISSUE,INVESTIGATING,2026-09-27 22:55:47.335678
CMP-11473,C536,,"I only made one payment of 5479 taka, but money was deducted TWICE from my account!",DUPLICATE_PAYMENT,NEW,2026-09-28 09:43:46.335678
CMP-11474,C586,TX30520,App timed out showing network error while paying 186 taka.,FAILED_PAYMENT,INVESTIGATING,2026-09-24 11:03:29.335678
CMP-11475,C380,,Money has been deducted from my account (12242 BDT) but the shopkeeper didn't receive it.,TRANSACTION_DISPUTE,RESOLVED,2026-09-30 03:09:13.335678
CMP-11476,C1950,,"Network timeout during processing, app closed abruptly.",FAILED_PAYMENT,RESOLVED,2026-09-29 07:46:24.335678
CMP-11477,C1494,TX23971,"Tried to pay 3111 taka, said balance low, but I think I have enough funds.",ACCOUNT_ISSUE,INVESTIGATING,2026-09-30 03:01:20.335678
CMP-11478,C1592,,"Transaction failed at payment gateway, money deducted from wallet, no reversal received yet.",REFUND,RESOLVED,2026-09-29 20:51:30.335678
CMP-11479,C1499,,"Failed transaction of 8185 tk on 15:13, reversal missing from my statement.",REFUND,NEW,2026-09-29 16:03:50.335678
CMP-11480,C405,TX34355,"Merchant says payment succeeded and gave goods, but my app shows status 'PENDING'.",TRANSACTION_DISPUTE,NEW,2026-09-22 13:31:02.335678
CMP-11481,C609,TX25894,"Payment of 96 failed yesterday, message said reversal in 2 hours but still not refunded.",REFUND,INVESTIGATING,2026-09-27 11:19:08.335678
CMP-11482,C966,,"Payment failed with weird error code ERR_999, what happened to my 207 taka?",FAILED_PAYMENT,INVESTIGATING,2026-10-03 12:26:33.335678
CMP-11483,C2077,TX29893,Duplicate charge: two debits of 94 tk within seconds for the same purchase.,DUPLICATE_PAYMENT,INVESTIGATING,2026-09-20 15:14:45.335678
CMP-11484,C1312,TX31465,Duplicate charge: two debits of 104 tk within seconds for the same purchase.,DUPLICATE_PAYMENT,INVESTIGATING,2026-09-22 12:28:38.335678
CMP-11485,C2224,,"Paid 11271 taka at merchant around 17:10, merchant claims no payment received.",TRANSACTION_DISPUTE,NEW,2026-09-28 17:49:19.335678
CMP-11486,C1241,TX22940,"Status sync issue: money deducted, merchant received, app showing waiting for confirmation.",TRANSACTION_DISPUTE,RESOLVED,2026-10-01 20:25:48.335678
CMP-11487,C472,TX23697,"Status sync issue: money deducted, merchant received, app showing waiting for confirmation.",TRANSACTION_DISPUTE,RESOLVED,2026-09-24 23:18:04.335678
CMP-11488,C1383,TX21568,"Internet connection dropped during PIN entry, don't know if money sent.",FAILED_PAYMENT,INVESTIGATING,2026-09-27 12:03:58.335678
CMP-11489,C1727,TX20501,"Payment of 2526 failed yesterday, message said reversal in 2 hours but still not refunded.",REFUND,INVESTIGATING,2026-10-01 16:28:23.335678
CMP-11490,C795,TX20049,Duplicate charge: two debits of 95 tk within seconds for the same purchase.,DUPLICATE_PAYMENT,INVESTIGATING,2026-09-28 02:29:35.335678
CMP-11491,C342,,"Transaction crashed with unknown server error, please investigate.",FAILED_PAYMENT,NEW,2026-10-02 20:43:02.335678
CMP-11492,C1632,,"Payment failed with weird error code ERR_999, what happened to my 12225 taka?",FAILED_PAYMENT,RESOLVED,2026-09-27 05:20:24.335678
CMP-11493,C340,,"Tried to pay 519 taka, said balance low, but I think I have enough funds.",ACCOUNT_ISSUE,RESOLVED,2026-09-30 07:12:56.335678
CMP-11494,C1345,,"Payment of 12026 failed yesterday, message said reversal in 2 hours but still not refunded.",REFUND,INVESTIGATING,2026-09-24 17:07:06.335678
CMP-11495,C1191,TX25490,"Transaction crashed with unknown server error, please investigate.",FAILED_PAYMENT,NEW,2026-10-01 07:59:59.335678
CMP-11496,C2285,TX24446,Connection lost during payment of 8200 tk to merchant M183.,FAILED_PAYMENT,RESOLVED,2026-09-27 11:01:09.335678
CMP-11497,C1494,TX20072,"I only made one payment of 8321 taka, but money was deducted TWICE from my account!",DUPLICATE_PAYMENT,NEW,2026-10-03 11:22:13.335678
CMP-11498,C123,,"Payment of 7685 failed yesterday, message said reversal in 2 hours but still not refunded.",REFUND,NEW,2026-09-29 19:45:27.335678
CMP-11499,C2144,,"Customer care promised reversal for 4525 tk within 24 hours, still no refund.",REFUND,RESOLVED,2026-09-25 23:48:25.335678
CMP-11500,C2067,,"Internet connection dropped during PIN entry, don't know if money sent.",FAILED_PAYMENT,INVESTIGATING,2026-09-23 10:31:03.335678
CMP-11501,C1538,TX34520,Dui bar taka keteche! Paid once but charged twice 107 tk at merchant M177.,DUPLICATE_PAYMENT,INVESTIGATING,2026-09-22 21:57:41.335678
CMP-11502,C1458,TX26088,Dui bar taka keteche! Paid once but charged twice 1012 tk at merchant M126.,DUPLICATE_PAYMENT,NEW,2026-09-25 14:09:17.335678
CMP-11503,C200,TX25447,"Payment of 2908 failed yesterday, message said reversal in 2 hours but still not refunded.",REFUND,INVESTIGATING,2026-10-03 00:13:26.335678
CMP-11504,C2230,TX25124,Why is my transaction still showing pending after 3 hours? Amount 48 taka.,TRANSACTION_DISPUTE,RESOLVED,2026-09-25 12:52:20.335678
CMP-11505,C369,TX26482,Why is my transaction still showing pending after 3 hours? Amount 2267 taka.,TRANSACTION_DISPUTE,RESOLVED,2026-09-26 11:23:05.335678
CMP-11506,C2061,TX20256,System gave unknown error during payment of 8326 taka.,FAILED_PAYMENT,RESOLVED,2026-09-25 18:55:08.335678
CMP-11507,C1353,TX23885,"Customer care promised reversal for 2657 tk within 24 hours, still no refund.",REFUND,NEW,2026-10-03 18:45:11.335678
CMP-11508,C1299,TX20540,"Merchant says payment succeeded and gave goods, but my app shows status 'PENDING'.",TRANSACTION_DISPUTE,NEW,2026-09-29 02:32:43.335678
CMP-11509,C2305,,Dui bar taka keteche! Paid once but charged twice 211 tk at merchant M182.,DUPLICATE_PAYMENT,INVESTIGATING,2026-10-02 16:13:22.335678
CMP-11510,C2363,TX22860,Dui bar taka keteche! Paid once but charged twice 1624 tk at merchant M92.,DUPLICATE_PAYMENT,NEW,2026-10-03 22:09:32.335678
CMP-11511,C481,TX25475,"Merchant says payment succeeded and gave goods, but my app shows status 'PENDING'.",TRANSACTION_DISPUTE,INVESTIGATING,2026-09-30 14:59:56.335678
CMP-11512,C365,TX29056,Double deduction happened for my merchant bill payment of 457 taka.,DUPLICATE_PAYMENT,RESOLVED,2026-09-23 04:35:03.335678
CMP-11513,C2234,TX30818,Duplicate charge: two debits of 1050 tk within seconds for the same purchase.,DUPLICATE_PAYMENT,NEW,2026-09-25 12:47:51.335678
CMP-11514,C1623,TX23893,"I only made one payment of 4885 taka, but money was deducted TWICE from my account!",DUPLICATE_PAYMENT,RESOLVED,2026-09-21 07:03:15.335678
CMP-11515,C1855,TX34946,Amar 12801 taka refund hoy nai. Payment failed hoise kintu taka ferot ashe nai.,REFUND,NEW,2026-09-21 05:31:31.335678
CMP-11516,C1082,,Connection lost during payment of 2517 tk to merchant M167.,FAILED_PAYMENT,RESOLVED,2026-10-02 12:55:53.335678
CMP-11517,C1560,,"Paid 2588 taka at merchant around 00:46, merchant claims no payment received.",TRANSACTION_DISPUTE,INVESTIGATING,2026-09-28 02:28:27.335678
CMP-11518,C1134,,"Network timeout during processing, app closed abruptly.",FAILED_PAYMENT,NEW,2026-09-29 15:07:12.335678
CMP-11519,C819,TX33743,"Tried to pay 49 taka, said balance low, but I think I have enough funds.",ACCOUNT_ISSUE,RESOLVED,2026-09-24 12:34:43.335678
CMP-11520,C1467,,"Failed transaction of 7307 tk on 16:01, reversal missing from my statement.",REFUND,INVESTIGATING,2026-09-26 16:38:14.335678
CMP-11521,C674,TX29550,App timed out showing network error while paying 1411 taka.,FAILED_PAYMENT,RESOLVED,2026-10-02 13:27:59.335678
CMP-11522,C1043,TX20489,Double deduction happened for my merchant bill payment of 1566 taka.,DUPLICATE_PAYMENT,NEW,2026-10-01 14:37:42.335678
CMP-11523,C329,,System gave unknown error during payment of 12727 taka.,FAILED_PAYMENT,NEW,2026-09-20 19:04:29.335678
CMP-11524,C2408,,"Paid 2711 taka at merchant around 12:29, merchant claims no payment received.",TRANSACTION_DISPUTE,NEW,2026-09-22 14:15:48.335678
CMP-11525,C942,TX32035,"Status sync issue: money deducted, merchant received, app showing waiting for confirmation.",TRANSACTION_DISPUTE,INVESTIGATING,2026-09-21 23:00:24.335678
CMP-11526,C694,TX27456,"Merchant says payment succeeded and gave goods, but my app shows status 'PENDING'.",TRANSACTION_DISPUTE,INVESTIGATING,2026-10-01 02:15:41.335678
CMP-11527,C1171,TX23799,"Merchant says payment succeeded and gave goods, but my app shows status 'PENDING'.",TRANSACTION_DISPUTE,RESOLVED,2026-10-02 16:50:07.335678
CMP-11528,C1898,,Taka kete niyeche kintu dokandari pay ni. Amount was 102 tk at merchant M68.,TRANSACTION_DISPUTE,INVESTIGATING,2026-10-01 23:54:40.335678
CMP-11529,C2290,TX32310,"Shop owner said money didn't arrive, but SMS shows 3180 deducted.",TRANSACTION_DISPUTE,INVESTIGATING,2026-09-23 06:30:25.335678
CMP-11530,C386,TX34644,"Shop owner said money didn't arrive, but SMS shows 905 deducted.",TRANSACTION_DISPUTE,RESOLVED,2026-10-01 22:44:21.335678
CMP-11531,C2273,TX32517,"I only made one payment of 188 taka, but money was deducted TWICE from my account!",DUPLICATE_PAYMENT,RESOLVED,2026-09-21 01:07:28.335678
CMP-11532,C2133,TX26385,"I only made one payment of 2525 taka, but money was deducted TWICE from my account!",DUPLICATE_PAYMENT,INVESTIGATING,2026-10-03 00:54:27.335678
CMP-11533,C1646,TX23514,Why is my transaction still showing pending after 3 hours? Amount 98 taka.,TRANSACTION_DISPUTE,NEW,2026-09-28 06:10:42.335678
CMP-11534,C206,TX24734,Connection lost during payment of 5496 tk to merchant M140.,FAILED_PAYMENT,INVESTIGATING,2026-09-29 12:52:34.335678
CMP-11535,C1076,TX33506,App shows pending for 203 BDT even though merchant got confirmation SMS.,TRANSACTION_DISPUTE,INVESTIGATING,2026-09-21 02:45:08.335678
CMP-11536,C829,TX32123,Connection lost during payment of 13025 tk to merchant M150.,FAILED_PAYMENT,INVESTIGATING,2026-09-21 18:21:39.335678
CMP-11537,C1130,TX23070,Double deduction happened for my merchant bill payment of 459 taka.,DUPLICATE_PAYMENT,RESOLVED,2026-09-25 07:23:34.335678
CMP-11538,C119,TX26051,"Suspicious transaction alert triggered on my account, need urgent review.",ACCOUNT_ISSUE,NEW,2026-09-27 05:30:27.335678
CMP-11539,C1198,TX34575,Why is my transaction still showing pending after 3 hours? Amount 2461 taka.,TRANSACTION_DISPUTE,NEW,2026-10-02 15:03:46.335678
CMP-11540,C1506,,"I scanned QR at merchant M166 and 98 taka was cut, but POS machine showed failed.",TRANSACTION_DISPUTE,NEW,2026-10-03 18:03:12.335678
CMP-11541,C1870,TX24223,App shows pending for 527 BDT even though merchant got confirmation SMS.,TRANSACTION_DISPUTE,RESOLVED,2026-09-24 03:44:52.335678
CMP-11542,C1080,TX20224,Amar 51 taka refund hoy nai. Payment failed hoise kintu taka ferot ashe nai.,REFUND,NEW,2026-09-25 12:29:42.335678
CMP-11543,C2320,,"I only made one payment of 46 taka, but money was deducted TWICE from my account!",DUPLICATE_PAYMENT,INVESTIGATING,2026-10-03 14:10:55.335678
CMP-11544,C1508,TX20075,"Paid 4830 taka at merchant around 12:53, merchant claims no payment received.",TRANSACTION_DISPUTE,INVESTIGATING,2026-09-26 13:40:07.335678
CMP-11545,C1312,TX31465,"I only made one payment of 104 taka, but money was deducted TWICE from my account!",DUPLICATE_PAYMENT,INVESTIGATING,2026-09-22 12:28:38.335678
CMP-11546,C2165,,Amar 4864 taka refund hoy nai. Payment failed hoise kintu taka ferot ashe nai.,REFUND,RESOLVED,2026-09-30 19:09:59.335678
CMP-11547,C2148,,"Payment of 11144 failed yesterday, message said reversal in 2 hours but still not refunded.",REFUND,INVESTIGATING,2026-09-26 22:17:34.335678
CMP-11548,C935,TX30691,App timed out showing network error while paying 2707 taka.,FAILED_PAYMENT,INVESTIGATING,2026-09-21 18:15:02.335678
CMP-11549,C2353,TX31876,"Status sync issue: money deducted, merchant received, app showing waiting for confirmation.",TRANSACTION_DISPUTE,INVESTIGATING,2026-10-01 21:05:38.335678
CMP-11550,C102,TX25869,"Customer care promised reversal for 473 tk within 24 hours, still no refund.",REFUND,NEW,2026-09-29 14:35:15.335678
CMP-11551,C628,TX27582,App timed out showing network error while paying 3033 taka.,FAILED_PAYMENT,INVESTIGATING,2026-10-01 03:50:46.335678
CMP-11552,C385,TX34813,"Network timeout during processing, app closed abruptly.",FAILED_PAYMENT,NEW,2026-09-26 00:15:51.335678
CMP-11553,C2082,TX25539,"Customer care promised reversal for 510 tk within 24 hours, still no refund.",REFUND,INVESTIGATING,2026-09-21 02:57:46.335678
CMP-11554,C1817,TX33946,Duplicate charge: two debits of 53 tk within seconds for the same purchase.,DUPLICATE_PAYMENT,RESOLVED,2026-10-02 05:31:06.335678
CMP-11555,C2000,TX21401,Double deduction happened for my merchant bill payment of 207 taka.,DUPLICATE_PAYMENT,NEW,2026-09-29 06:53:05.335678
CMP-11556,C791,,Double deduction happened for my merchant bill payment of 52 taka.,DUPLICATE_PAYMENT,NEW,2026-10-01 19:29:52.335678
CMP-11557,C1346,TX26811,"I only made one payment of 104 taka, but money was deducted TWICE from my account!",DUPLICATE_PAYMENT,INVESTIGATING,2026-10-03 21:49:03.335678
CMP-11558,C255,TX26829,Why did my payment get cancelled for balance check error?,ACCOUNT_ISSUE,NEW,2026-09-24 08:45:56.335678
CMP-11559,C497,TX22276,Taka kete niyeche kintu dokandari pay ni. Amount was 522 tk at merchant M59.,TRANSACTION_DISPUTE,NEW,2026-10-03 02:36:12.335678
CMP-11560,C1649,TX22369,"Shop owner said money didn't arrive, but SMS shows 48 deducted.",TRANSACTION_DISPUTE,RESOLVED,2026-09-27 04:01:23.335678
CMP-11561,C1733,TX30193,"Suspicious transaction alert triggered on my account, need urgent review.",ACCOUNT_ISSUE,RESOLVED,2026-09-23 05:52:10.335678
CMP-11562,C460,TX29268,Duplicate charge: two debits of 12023 tk within seconds for the same purchase.,DUPLICATE_PAYMENT,INVESTIGATING,2026-09-23 21:29:33.335678
CMP-11563,C913,,Connection lost during payment of 993 tk to merchant M81.,FAILED_PAYMENT,INVESTIGATING,2026-09-26 15:08:40.335678
CMP-11564,C1760,,"I only made one payment of 1538 taka, but money was deducted TWICE from my account!",DUPLICATE_PAYMENT,INVESTIGATING,2026-09-21 17:29:00.335678
CMP-11565,C1452,TX21738,"Network timeout during processing, app closed abruptly.",FAILED_PAYMENT,NEW,2026-09-20 22:15:01.335678
CMP-11566,C219,TX27808,"Merchant says payment succeeded and gave goods, but my app shows status 'PENDING'.",TRANSACTION_DISPUTE,RESOLVED,2026-09-22 10:07:00.335678
CMP-11567,C2342,TX31566,Dui bar taka keteche! Paid once but charged twice 995 tk at merchant M21.,DUPLICATE_PAYMENT,INVESTIGATING,2026-09-24 20:00:17.335678
CMP-11568,C1308,TX30577,Duplicate charge: two debits of 2468 tk within seconds for the same purchase.,DUPLICATE_PAYMENT,INVESTIGATING,2026-10-02 10:25:42.335678
CMP-11569,C2300,,"Payment failed with weird error code ERR_999, what happened to my 2456 taka?",FAILED_PAYMENT,NEW,2026-10-01 15:05:29.335678
CMP-11570,C666,TX31357,"Paid 7972 taka at merchant around 04:47, merchant claims no payment received.",TRANSACTION_DISPUTE,RESOLVED,2026-10-02 06:01:34.335678
CMP-11571,C2126,TX22385,"Merchant says payment succeeded and gave goods, but my app shows status 'PENDING'.",TRANSACTION_DISPUTE,NEW,2026-09-22 09:45:51.335678
CMP-11572,C808,TX21941,Dui bar taka keteche! Paid once but charged twice 5307 tk at merchant M191.,DUPLICATE_PAYMENT,RESOLVED,2026-09-23 05:48:58.335678
CMP-11573,C451,TX28782,App shows pending for 2760 BDT even though merchant got confirmation SMS.,TRANSACTION_DISPUTE,INVESTIGATING,2026-09-26 08:04:46.335678
CMP-11574,C618,TX23571,"Failed transaction of 4844 tk on 12:15, reversal missing from my statement.",REFUND,NEW,2026-09-20 14:05:25.335678
CMP-11575,C1464,TX31289,"I scanned QR at merchant M155 and 7955 taka was cut, but POS machine showed failed.",TRANSACTION_DISPUTE,NEW,2026-09-27 08:18:58.335678
CMP-11576,C350,,Duplicate charge: two debits of 2258 tk within seconds for the same purchase.,DUPLICATE_PAYMENT,RESOLVED,2026-09-23 03:30:25.335678
CMP-11577,C472,,App shows pending for 3267 BDT even though merchant got confirmation SMS.,TRANSACTION_DISPUTE,NEW,2026-09-30 10:15:43.335678
CMP-11578,C337,,App timed out showing network error while paying 537 taka.,FAILED_PAYMENT,NEW,2026-09-20 00:27:47.335678
CMP-11579,C727,,App timed out showing network error while paying 214 taka.,FAILED_PAYMENT,INVESTIGATING,2026-09-22 00:50:50.335678
CMP-11580,C2267,TX22352,Why is my transaction still showing pending after 3 hours? Amount 1085 taka.,TRANSACTION_DISPUTE,RESOLVED,2026-09-26 10:33:57.335678
CMP-11581,C1965,,App timed out showing network error while paying 1484 taka.,FAILED_PAYMENT,RESOLVED,2026-09-29 00:01:01.335678
CMP-11582,C551,,"Transaction was rejected stating insufficient balance, please check my account statement.",ACCOUNT_ISSUE,NEW,2026-10-03 15:14:15.335678
CMP-11583,C1913,TX22191,"Transaction failed at payment gateway, money deducted from wallet, no reversal received yet.",REFUND,RESOLVED,2026-09-24 06:18:21.335678
CMP-11584,C773,TX27083,App timed out showing network error while paying 503 taka.,FAILED_PAYMENT,RESOLVED,2026-09-29 22:11:22.335678
CMP-11585,C1223,TX30823,Money has been deducted from my account (525 BDT) but the shopkeeper didn't receive it.,TRANSACTION_DISPUTE,INVESTIGATING,2026-09-29 23:14:52.335678
CMP-11586,C894,TX31712,Taka kete niyeche kintu dokandari pay ni. Amount was 7559 tk at merchant M170.,TRANSACTION_DISPUTE,RESOLVED,2026-09-24 12:20:09.335678
CMP-11587,C270,TX30328,"Failed transaction of 2481 tk on 19:22, reversal missing from my statement.",REFUND,RESOLVED,2026-09-20 20:06:52.335678
CMP-11588,C1672,TX28219,Dui bar taka keteche! Paid once but charged twice 2282 tk at merchant M98.,DUPLICATE_PAYMENT,RESOLVED,2026-10-01 22:47:51.335678
CMP-11589,C1094,TX20067,Why is my transaction still showing pending after 3 hours? Amount 1070 taka.,TRANSACTION_DISPUTE,RESOLVED,2026-09-22 22:45:05.335678
CMP-11590,C241,TX22515,Money has been deducted from my account (467 BDT) but the shopkeeper didn't receive it.,TRANSACTION_DISPUTE,RESOLVED,2026-09-28 10:10:43.335678
CMP-11591,C1061,,"Paid 2623 taka at merchant around 14:06, merchant claims no payment received.",TRANSACTION_DISPUTE,RESOLVED,2026-09-27 14:47:18.335678
CMP-11592,C2253,TX26176,Taka kete niyeche kintu dokandari pay ni. Amount was 106 tk at merchant M30.,TRANSACTION_DISPUTE,NEW,2026-09-22 05:45:43.335678
CMP-11593,C2307,TX21028,Connection lost during payment of 11097 tk to merchant M192.,FAILED_PAYMENT,INVESTIGATING,2026-09-22 20:39:45.335678
CMP-11594,C566,,System gave unknown error during payment of 12600 taka.,FAILED_PAYMENT,RESOLVED,2026-09-21 19:39:02.335678
CMP-11595,C446,,"Status sync issue: money deducted, merchant received, app showing waiting for confirmation.",TRANSACTION_DISPUTE,INVESTIGATING,2026-09-30 15:39:41.335678
CMP-11596,C1878,TX33548,Duplicate charge: two debits of 936 tk within seconds for the same purchase.,DUPLICATE_PAYMENT,INVESTIGATING,2026-09-26 15:18:57.335678
CMP-11597,C319,,Taka kete niyeche kintu dokandari pay ni. Amount was 103 tk at merchant M81.,TRANSACTION_DISPUTE,NEW,2026-09-29 20:05:32.335678
CMP-11598,C306,,Taka kete niyeche kintu dokandari pay ni. Amount was 497 tk at merchant M96.,TRANSACTION_DISPUTE,INVESTIGATING,2026-09-25 06:04:49.335678
CMP-11599,C1833,,"Network timeout during processing, app closed abruptly.",FAILED_PAYMENT,INVESTIGATING,2026-09-20 00:48:53.335678
CMP-11600,C1491,TX30812,"Transaction crashed with unknown server error, please investigate.",FAILED_PAYMENT,RESOLVED,2026-09-28 09:52:40.335678
CMP-11601,C2445,,"Transaction failed at payment gateway, money deducted from wallet, no reversal received yet.",REFUND,NEW,2026-09-20 07:25:52.335678
CMP-11602,C542,,"Failed transaction of 1597 tk on 15:11, reversal missing from my statement.",REFUND,INVESTIGATING,2026-09-29 15:19:57.335678
CMP-11603,C1452,TX21738,"Internet connection dropped during PIN entry, don't know if money sent.",FAILED_PAYMENT,INVESTIGATING,2026-09-20 23:45:01.335678
CMP-11604,C267,TX26218,"Tried to pay 2331 taka, said balance low, but I think I have enough funds.",ACCOUNT_ISSUE,RESOLVED,2026-10-02 23:38:10.335678
CMP-11605,C894,,"Customer care promised reversal for 2319 tk within 24 hours, still no refund.",REFUND,RESOLVED,2026-09-24 12:36:36.335678
CMP-11606,C1079,,Money has been deducted from my account (5356 BDT) but the shopkeeper didn't receive it.,TRANSACTION_DISPUTE,INVESTIGATING,2026-10-01 14:36:43.335678
CMP-11607,C394,TX34110,"Payment of 5223 failed yesterday, message said reversal in 2 hours but still not refunded.",REFUND,RESOLVED,2026-10-03 09:43:09.335678
CMP-11608,C2107,,"Merchant says payment succeeded and gave goods, but my app shows status 'PENDING'.",TRANSACTION_DISPUTE,NEW,2026-09-26 21:13:52.335678
CMP-11609,C2320,TX31861,Duplicate charge: two debits of 46 tk within seconds for the same purchase.,DUPLICATE_PAYMENT,INVESTIGATING,2026-10-03 14:30:55.335678
CMP-11610,C1963,TX23265,Got security warning after attempting multiple payments of 60000 taka.,ACCOUNT_ISSUE,RESOLVED,2026-10-01 10:56:09.335678
CMP-11611,C2031,TX28383,"I scanned QR at merchant M188 and 4808 taka was cut, but POS machine showed failed.",TRANSACTION_DISPUTE,INVESTIGATING,2026-09-28 23:06:09.335678
CMP-11612,C1061,TX33135,"Shop owner said money didn't arrive, but SMS shows 2623 deducted.",TRANSACTION_DISPUTE,INVESTIGATING,2026-09-27 15:59:18.335678
CMP-11613,C1264,TX22121,"I scanned QR at merchant M26 and 100 taka was cut, but POS machine showed failed.",TRANSACTION_DISPUTE,INVESTIGATING,2026-09-22 06:21:17.335678
CMP-11614,C1009,,System gave unknown error during payment of 3239 taka.,FAILED_PAYMENT,INVESTIGATING,2026-09-27 02:01:24.335678
CMP-11615,C1753,TX25924,Why did my payment get cancelled for balance check error?,ACCOUNT_ISSUE,NEW,2026-10-01 20:51:01.335678
CMP-11616,C153,TX29839,"Transaction crashed with unknown server error, please investigate.",FAILED_PAYMENT,NEW,2026-09-24 14:58:40.335678
CMP-11617,C1155,TX32152,"Paid 985 taka at merchant around 23:21, merchant claims no payment received.",TRANSACTION_DISPUTE,NEW,2026-10-01 23:29:15.335678
CMP-11618,C1914,TX34690,"Paid 53 taka at merchant around 10:04, merchant claims no payment received.",TRANSACTION_DISPUTE,RESOLVED,2026-09-28 11:08:41.335678
CMP-11619,C1171,,Money has been deducted from my account (503 BDT) but the shopkeeper didn't receive it.,TRANSACTION_DISPUTE,RESOLVED,2026-09-28 16:54:23.335678
CMP-11620,C1311,TX30679,"I only made one payment of 2506 taka, but money was deducted TWICE from my account!",DUPLICATE_PAYMENT,INVESTIGATING,2026-09-25 18:41:01.335678
CMP-11621,C2084,TX25838,"Merchant says payment succeeded and gave goods, but my app shows status 'PENDING'.",TRANSACTION_DISPUTE,INVESTIGATING,2026-09-26 09:36:07.335678
CMP-11622,C2148,,Amar 7428 taka refund hoy nai. Payment failed hoise kintu taka ferot ashe nai.,REFUND,INVESTIGATING,2026-10-03 22:46:03.335678
CMP-11623,C577,TX33923,App timed out showing network error while paying 2857 taka.,FAILED_PAYMENT,INVESTIGATING,2026-09-22 21:31:02.335678
CMP-11624,C1229,TX33421,"Internet connection dropped during PIN entry, don't know if money sent.",FAILED_PAYMENT,NEW,2026-10-01 10:53:26.335678
CMP-11625,C2342,TX31566,Duplicate charge: two debits of 995 tk within seconds for the same purchase.,DUPLICATE_PAYMENT,INVESTIGATING,2026-09-24 20:31:17.335678
CMP-11626,C1520,TX29064,"Failed transaction of 2756 tk on 04:44, reversal missing from my statement.",REFUND,RESOLVED,2026-10-01 06:18:22.335678
CMP-11627,C1876,TX30373,"Transaction failed at payment gateway, money deducted from wallet, no reversal received yet.",REFUND,RESOLVED,2026-09-26 10:07:31.335678
CMP-11628,C2192,TX31197,Taka kete niyeche kintu dokandari pay ni. Amount was 50 tk at merchant M33.,TRANSACTION_DISPUTE,INVESTIGATING,2026-09-20 19:53:05.335678
CMP-11629,C686,TX28724,"I scanned QR at merchant M112 and 479 taka was cut, but POS machine showed failed.",TRANSACTION_DISPUTE,INVESTIGATING,2026-09-28 15:36:26.335678
CMP-11630,C355,TX25638,Money has been deducted from my account (51 BDT) but the shopkeeper didn't receive it.,TRANSACTION_DISPUTE,NEW,2026-09-29 14:24:29.335678
CMP-11631,C522,TX25328,"Paid 474 taka at merchant around 23:18, merchant claims no payment received.",TRANSACTION_DISPUTE,NEW,2026-09-27 00:34:35.335678
CMP-11632,C1120,TX28839,"Payment of 7233 failed yesterday, message said reversal in 2 hours but still not refunded.",REFUND,RESOLVED,2026-10-01 01:36:54.335678
CMP-11633,C378,TX21670,"Network timeout during processing, app closed abruptly.",FAILED_PAYMENT,RESOLVED,2026-10-03 17:55:33.335678
CMP-11634,C2254,,Dui bar taka keteche! Paid once but charged twice 96 tk at merchant M179.,DUPLICATE_PAYMENT,RESOLVED,2026-09-21 00:56:37.335678
CMP-11635,C205,TX25416,Dui bar taka keteche! Paid once but charged twice 8292 tk at merchant M162.,DUPLICATE_PAYMENT,INVESTIGATING,2026-09-24 00:38:01.335678
CMP-11636,C1855,TX34946,"Customer care promised reversal for 12801 tk within 24 hours, still no refund.",REFUND,NEW,2026-09-21 06:39:31.335678
CMP-11637,C2166,TX28987,Got security warning after attempting multiple payments of 100000 taka.,ACCOUNT_ISSUE,RESOLVED,2026-09-30 04:25:09.335678
CMP-11638,C2018,,"Failed transaction of 1070 tk on 06:32, reversal missing from my statement.",REFUND,INVESTIGATING,2026-10-02 08:10:50.335678
CMP-11639,C265,,System gave unknown error during payment of 4845 taka.,FAILED_PAYMENT,NEW,2026-09-21 04:09:06.335678
CMP-11640,C147,TX26785,"Transaction failed at payment gateway, money deducted from wallet, no reversal received yet.",REFUND,NEW,2026-09-24 12:12:45.335678
CMP-11641,C2124,,"Internet connection dropped during PIN entry, don't know if money sent.",FAILED_PAYMENT,INVESTIGATING,2026-09-25 10:08:08.335678
CMP-11642,C539,TX28372,App shows pending for 4792 BDT even though merchant got confirmation SMS.,TRANSACTION_DISPUTE,RESOLVED,2026-09-25 07:38:26.335678
CMP-11643,C2495,,"I only made one payment of 200 taka, but money was deducted TWICE from my account!",DUPLICATE_PAYMENT,RESOLVED,2026-09-28 07:17:54.335678
CMP-11644,C873,TX26534,Connection lost during payment of 46 tk to merchant M138.,FAILED_PAYMENT,INVESTIGATING,2026-09-24 03:57:10.335678
CMP-11645,C810,TX27674,"Tried to pay 3095 taka, said balance low, but I think I have enough funds.",ACCOUNT_ISSUE,INVESTIGATING,2026-10-01 11:41:16.335678
CMP-11646,C1509,,"Merchant says payment succeeded and gave goods, but my app shows status 'PENDING'.",TRANSACTION_DISPUTE,NEW,2026-10-03 07:22:50.335678
CMP-11647,C378,TX26688,Why is my transaction still showing pending after 3 hours? Amount 1541 taka.,TRANSACTION_DISPUTE,INVESTIGATING,2026-09-25 06:27:47.335678
CMP-11648,C605,TX23906,"Status sync issue: money deducted, merchant received, app showing waiting for confirmation.",TRANSACTION_DISPUTE,INVESTIGATING,2026-09-23 17:33:38.335678
CMP-11649,C965,TX23381,"Shop owner said money didn't arrive, but SMS shows 109 deducted.",TRANSACTION_DISPUTE,INVESTIGATING,2026-09-26 09:02:39.335678
CMP-11650,C1850,TX26997,Duplicate charge: two debits of 7687 tk within seconds for the same purchase.,DUPLICATE_PAYMENT,NEW,2026-09-23 17:54:10.335678
CMP-11651,C522,,Money has been deducted from my account (474 BDT) but the shopkeeper didn't receive it.,TRANSACTION_DISPUTE,NEW,2026-09-26 23:58:35.335678
CMP-11652,C501,TX31315,Duplicate charge: two debits of 102 tk within seconds for the same purchase.,DUPLICATE_PAYMENT,INVESTIGATING,2026-09-24 05:50:34.335678
CMP-11653,C2227,TX28860,"My account is blocked after repeated transaction attempts, please unblock immediately.",ACCOUNT_ISSUE,NEW,2026-10-02 18:49:20.335678
CMP-11654,C518,TX21947,Taka kete niyeche kintu dokandari pay ni. Amount was 50 tk at merchant M110.,TRANSACTION_DISPUTE,INVESTIGATING,2026-09-30 15:44:49.335678
CMP-11655,C1330,TX24580,"Customer care promised reversal for 196 tk within 24 hours, still no refund.",REFUND,RESOLVED,2026-10-02 03:24:31.335678
CMP-11656,C1575,TX23785,"Tried to pay 8797 taka, said balance low, but I think I have enough funds.",ACCOUNT_ISSUE,INVESTIGATING,2026-10-03 19:55:04.335678
CMP-11657,C2363,TX28301,Why is my transaction still showing pending after 3 hours? Amount 1475 taka.,TRANSACTION_DISPUTE,NEW,2026-09-26 01:16:08.335678
CMP-11658,C1110,TX33742,"Network timeout during processing, app closed abruptly.",FAILED_PAYMENT,NEW,2026-09-22 13:07:57.335678
CMP-11659,C466,TX20227,"Payment of 7571 failed yesterday, message said reversal in 2 hours but still not refunded.",REFUND,INVESTIGATING,2026-09-24 05:21:52.335678
CMP-11660,C1966,TX28941,Duplicate charge: two debits of 523 tk within seconds for the same purchase.,DUPLICATE_PAYMENT,INVESTIGATING,2026-09-24 13:12:05.335678
CMP-11661,C1629,TX30796,Got security warning after attempting multiple payments of 85000 taka.,ACCOUNT_ISSUE,NEW,2026-09-24 05:10:44.335678
CMP-11662,C1811,TX27396,"Network timeout during processing, app closed abruptly.",FAILED_PAYMENT,NEW,2026-09-28 03:03:54.335678
CMP-11663,C178,TX22793,"Paid 2462 taka at merchant around 22:57, merchant claims no payment received.",TRANSACTION_DISPUTE,INVESTIGATING,2026-09-24 23:38:22.335678
CMP-11664,C1451,TX33476,"Shop owner said money didn't arrive, but SMS shows 5204 deducted.",TRANSACTION_DISPUTE,INVESTIGATING,2026-09-29 07:28:40.335678
CMP-11665,C2407,,Money has been deducted from my account (93 BDT) but the shopkeeper didn't receive it.,TRANSACTION_DISPUTE,NEW,2026-09-27 22:51:23.335678
CMP-11666,C1082,TX32551,Duplicate charge: two debits of 957 tk within seconds for the same purchase.,DUPLICATE_PAYMENT,NEW,2026-09-20 21:43:51.335678
CMP-11667,C214,TX32288,"Internet connection dropped during PIN entry, don't know if money sent.",FAILED_PAYMENT,NEW,2026-09-28 21:42:41.335678
CMP-11668,C1707,,"Status sync issue: money deducted, merchant received, app showing waiting for confirmation.",TRANSACTION_DISPUTE,RESOLVED,2026-09-20 07:56:01.335678
CMP-11669,C416,TX26246,"Failed transaction of 456 tk on 14:42, reversal missing from my statement.",REFUND,NEW,2026-09-30 16:18:34.335678
CMP-11670,C1971,TX25870,Why did my payment get cancelled for balance check error?,ACCOUNT_ISSUE,INVESTIGATING,2026-09-22 03:52:47.335678
CMP-11671,C1824,,Money has been deducted from my account (908 BDT) but the shopkeeper didn't receive it.,TRANSACTION_DISPUTE,NEW,2026-09-30 18:40:34.335678
CMP-11672,C191,TX31098,"Merchant says payment succeeded and gave goods, but my app shows status 'PENDING'.",TRANSACTION_DISPUTE,NEW,2026-09-24 12:19:45.335678
CMP-11673,C2143,TX26563,"Shop owner said money didn't arrive, but SMS shows 46 deducted.",TRANSACTION_DISPUTE,INVESTIGATING,2026-09-27 01:53:52.335678
CMP-11674,C1458,TX26114,"Failed transaction of 940 tk on 12:46, reversal missing from my statement.",REFUND,INVESTIGATING,2026-09-24 14:04:53.335678
CMP-11675,C862,,"Suspicious transaction alert triggered on my account, need urgent review.",ACCOUNT_ISSUE,NEW,2026-09-23 02:53:12.335678
CMP-11676,C184,TX31799,Duplicate charge: two debits of 209 tk within seconds for the same purchase.,DUPLICATE_PAYMENT,RESOLVED,2026-09-27 14:44:43.335678
CMP-11677,C3030,TX10085,Taka kete niyeche kintu dokandari pay ni. Amount was 500 tk at merchant M44.,TRANSACTION_DISPUTE,NEW,2026-10-03 18:53:55.335678
CMP-11678,C1053,TX24698,Duplicate charge: two debits of 1397 tk within seconds for the same purchase.,DUPLICATE_PAYMENT,NEW,2026-09-25 11:05:16.335678
CMP-11679,C1558,,"Customer care promised reversal for 185 tk within 24 hours, still no refund.",REFUND,INVESTIGATING,2026-09-21 13:46:31.335678
CMP-11680,C1034,,Duplicate charge: two debits of 7360 tk within seconds for the same purchase.,DUPLICATE_PAYMENT,RESOLVED,2026-10-03 14:49:30.335678
CMP-11681,C2315,TX28802,Amar 2694 taka refund hoy nai. Payment failed hoise kintu taka ferot ashe nai.,REFUND,NEW,2026-09-29 06:02:55.335678
CMP-11682,C361,,"Transaction crashed with unknown server error, please investigate.",FAILED_PAYMENT,INVESTIGATING,2026-09-20 07:22:32.335678
CMP-11683,C1689,TX30864,"Payment of 92 failed yesterday, message said reversal in 2 hours but still not refunded.",REFUND,RESOLVED,2026-09-26 11:54:40.335678
CMP-11684,C2200,TX30398,System gave unknown error during payment of 968 taka.,FAILED_PAYMENT,NEW,2026-09-29 11:57:32.335678
CMP-11685,C1412,,"Payment of 12229 failed yesterday, message said reversal in 2 hours but still not refunded.",REFUND,RESOLVED,2026-10-03 01:08:31.335678
CMP-11686,C1756,TX20767,"Customer care promised reversal for 4778 tk within 24 hours, still no refund.",REFUND,INVESTIGATING,2026-09-22 15:49:04.335678
CMP-11687,C1467,,"Transaction failed at payment gateway, money deducted from wallet, no reversal received yet.",REFUND,NEW,2026-09-27 19:50:51.335678
CMP-11688,C1941,TX24454,"Customer care promised reversal for 47 tk within 24 hours, still no refund.",REFUND,NEW,2026-09-20 23:44:48.335678
CMP-11689,C264,TX28869,Connection lost during payment of 52 tk to merchant M159.,FAILED_PAYMENT,INVESTIGATING,2026-09-25 23:22:50.335678
CMP-11690,C659,TX24367,"Transaction crashed with unknown server error, please investigate.",FAILED_PAYMENT,RESOLVED,2026-09-23 03:22:08.335678
CMP-11691,C2310,TX20163,"Paid 4537 taka at merchant around 03:24, merchant claims no payment received.",TRANSACTION_DISPUTE,NEW,2026-09-23 05:21:24.335678
CMP-11692,C2264,TX32172,App timed out showing network error while paying 51 taka.,FAILED_PAYMENT,NEW,2026-09-25 05:07:19.335678
CMP-11693,C364,,"Internet connection dropped during PIN entry, don't know if money sent.",FAILED_PAYMENT,INVESTIGATING,2026-10-02 05:31:27.335678
CMP-11694,C542,TX26378,System gave unknown error during payment of 5269 taka.,FAILED_PAYMENT,RESOLVED,2026-09-20 01:23:47.335678
CMP-11695,C168,TX34122,"Status sync issue: money deducted, merchant received, app showing waiting for confirmation.",TRANSACTION_DISPUTE,RESOLVED,2026-09-25 00:44:50.335678
CMP-11696,C959,,"Failed transaction of 507 tk on 10:46, reversal missing from my statement.",REFUND,NEW,2026-09-26 12:17:57.335678
CMP-11697,C1552,TX28821,"Failed transaction of 5409 tk on 08:04, reversal missing from my statement.",REFUND,NEW,2026-09-23 09:08:23.335678
CMP-11698,C2316,TX22155,"Internet connection dropped during PIN entry, don't know if money sent.",FAILED_PAYMENT,RESOLVED,2026-09-23 22:15:18.335678
CMP-11699,C2038,TX25306,"Suspicious transaction alert triggered on my account, need urgent review.",ACCOUNT_ISSUE,RESOLVED,2026-09-27 07:00:26.335678
CMP-11700,C220,,Why is my transaction still showing pending after 3 hours? Amount 186 taka.,TRANSACTION_DISPUTE,NEW,2026-10-03 14:53:39.335678
CMP-11701,C2039,TX28595,"Failed transaction of 212 tk on 06:08, reversal missing from my statement.",REFUND,INVESTIGATING,2026-09-27 07:07:25.335678
CMP-11702,C2422,TX27425,"Shop owner said money didn't arrive, but SMS shows 13045 deducted.",TRANSACTION_DISPUTE,RESOLVED,2026-09-24 10:45:07.335678
CMP-11703,C1103,TX24878,"Paid 1537 taka at merchant around 20:52, merchant claims no payment received.",TRANSACTION_DISPUTE,INVESTIGATING,2026-09-26 21:43:23.335678
CMP-11704,C358,TX31635,Connection lost during payment of 13001 tk to merchant M64.,FAILED_PAYMENT,RESOLVED,2026-09-21 10:54:38.335678
CMP-11705,C1756,,"Customer care promised reversal for 468 tk within 24 hours, still no refund.",REFUND,NEW,2026-09-25 10:44:59.335678
CMP-11706,C2000,TX33531,"Suspicious transaction alert triggered on my account, need urgent review.",ACCOUNT_ISSUE,NEW,2026-09-28 21:39:13.335678
CMP-11707,C2240,TX22564,Got security warning after attempting multiple payments of 45000 taka.,ACCOUNT_ISSUE,RESOLVED,2026-09-29 03:20:17.335678
CMP-11708,C929,,"Network timeout during processing, app closed abruptly.",FAILED_PAYMENT,NEW,2026-10-03 21:47:53.335678
CMP-11709,C1077,,"Tried to pay 472 taka, said balance low, but I think I have enough funds.",ACCOUNT_ISSUE,RESOLVED,2026-09-22 07:14:44.335678
CMP-11710,C2279,,"I scanned QR at merchant M173 and 1451 taka was cut, but POS machine showed failed.",TRANSACTION_DISPUTE,INVESTIGATING,2026-09-20 21:11:24.335678
CMP-11711,C1664,TX27014,App timed out showing network error while paying 2263 taka.,FAILED_PAYMENT,INVESTIGATING,2026-09-28 12:34:04.335678
CMP-11712,C1586,TX31509,"Shop owner said money didn't arrive, but SMS shows 1556 deducted.",TRANSACTION_DISPUTE,NEW,2026-09-28 20:12:56.335678
CMP-11713,C1677,,"Transaction was rejected stating insufficient balance, please check my account statement.",ACCOUNT_ISSUE,RESOLVED,2026-09-20 08:35:49.335678
CMP-11714,C291,,"Failed transaction of 7744 tk on 02:20, reversal missing from my statement.",REFUND,INVESTIGATING,2026-09-30 02:35:03.335678
CMP-11715,C2497,,App timed out showing network error while paying 479 taka.,FAILED_PAYMENT,INVESTIGATING,2026-09-21 05:59:46.335678
CMP-11716,C1556,TX23535,App shows pending for 953 BDT even though merchant got confirmation SMS.,TRANSACTION_DISPUTE,RESOLVED,2026-10-03 17:44:54.335678
CMP-11717,C563,,"Merchant says payment succeeded and gave goods, but my app shows status 'PENDING'.",TRANSACTION_DISPUTE,RESOLVED,2026-09-21 23:34:05.335678
CMP-11718,C2470,,"Internet connection dropped during PIN entry, don't know if money sent.",FAILED_PAYMENT,INVESTIGATING,2026-10-01 10:35:06.335678
CMP-11719,C1050,TX30120,"Internet connection dropped during PIN entry, don't know if money sent.",FAILED_PAYMENT,INVESTIGATING,2026-09-26 09:14:48.335678
CMP-11720,C643,TX28741,Why did my payment get cancelled for balance check error?,ACCOUNT_ISSUE,NEW,2026-10-03 11:30:45.335678
CMP-11721,C871,,"Status sync issue: money deducted, merchant received, app showing waiting for confirmation.",TRANSACTION_DISPUTE,INVESTIGATING,2026-09-30 02:02:05.335678
CMP-11722,C1193,TX29447,"Merchant says payment succeeded and gave goods, but my app shows status 'PENDING'.",TRANSACTION_DISPUTE,RESOLVED,2026-09-28 05:15:51.335678
CMP-11723,C982,,"Merchant says payment succeeded and gave goods, but my app shows status 'PENDING'.",TRANSACTION_DISPUTE,NEW,2026-09-23 08:51:51.335678
CMP-11724,C141,TX33025,"Network timeout during processing, app closed abruptly.",FAILED_PAYMENT,RESOLVED,2026-09-28 08:45:18.335678
CMP-11725,C1004,TX24423,"Network timeout during processing, app closed abruptly.",FAILED_PAYMENT,INVESTIGATING,2026-09-24 08:20:58.335678
CMP-11726,C674,,Connection lost during payment of 1411 tk to merchant M32.,FAILED_PAYMENT,RESOLVED,2026-10-02 13:43:59.335678
CMP-11727,C1042,TX29396,"Payment of 185 failed yesterday, message said reversal in 2 hours but still not refunded.",REFUND,INVESTIGATING,2026-09-23 19:04:35.335678
CMP-11728,C848,TX27508,"Paid 8076 taka at merchant around 19:09, merchant claims no payment received.",TRANSACTION_DISPUTE,NEW,2026-09-28 20:54:02.335678
CMP-11729,C1498,TX28684,"Merchant says payment succeeded and gave goods, but my app shows status 'PENDING'.",TRANSACTION_DISPUTE,INVESTIGATING,2026-09-28 21:31:21.335678
CMP-11730,C1505,,Dui bar taka keteche! Paid once but charged twice 193 tk at merchant M165.,DUPLICATE_PAYMENT,NEW,2026-09-29 10:53:23.335678
CMP-11731,C294,,"Internet connection dropped during PIN entry, don't know if money sent.",FAILED_PAYMENT,INVESTIGATING,2026-10-02 10:58:11.335678
CMP-11732,C696,TX33323,Why is my transaction still showing pending after 3 hours? Amount 3119 taka.,TRANSACTION_DISPUTE,INVESTIGATING,2026-09-20 09:22:18.335678
CMP-11733,C1559,TX27987,"Internet connection dropped during PIN entry, don't know if money sent.",FAILED_PAYMENT,INVESTIGATING,2026-09-26 00:03:15.335678
CMP-11734,C1770,TX33173,Taka kete niyeche kintu dokandari pay ni. Amount was 4873 tk at merchant M21.,TRANSACTION_DISPUTE,RESOLVED,2026-09-23 18:00:34.335678
CMP-11735,C1890,,System gave unknown error during payment of 51 taka.,FAILED_PAYMENT,NEW,2026-09-20 21:34:06.335678
CMP-11736,C209,TX26291,"Paid 107 taka at merchant around 07:26, merchant claims no payment received.",TRANSACTION_DISPUTE,NEW,2026-10-02 08:35:54.335678
CMP-11737,C948,,"Transaction was rejected stating insufficient balance, please check my account statement.",ACCOUNT_ISSUE,NEW,2026-10-03 13:33:45.335678
CMP-11738,C1369,,"Transaction failed at payment gateway, money deducted from wallet, no reversal received yet.",REFUND,INVESTIGATING,2026-09-20 12:40:51.335678
CMP-11739,C1684,TX24352,"My account is blocked after repeated transaction attempts, please unblock immediately.",ACCOUNT_ISSUE,NEW,2026-09-20 13:07:13.335678
CMP-11740,C1750,TX27766,"Paid 7390 taka at merchant around 10:37, merchant claims no payment received.",TRANSACTION_DISPUTE,NEW,2026-09-22 11:53:56.335678
CMP-11741,C971,,Double deduction happened for my merchant bill payment of 515 taka.,DUPLICATE_PAYMENT,INVESTIGATING,2026-09-24 12:12:22.335678
CMP-11742,C2341,,"Paid 1572 taka at merchant around 03:17, merchant claims no payment received.",TRANSACTION_DISPUTE,NEW,2026-09-24 05:14:46.335678
CMP-11743,C1846,,"Status sync issue: money deducted, merchant received, app showing waiting for confirmation.",TRANSACTION_DISPUTE,INVESTIGATING,2026-09-29 21:29:56.335678
CMP-11744,C689,TX25805,"Payment failed with weird error code ERR_999, what happened to my 2933 taka?",FAILED_PAYMENT,NEW,2026-09-23 02:20:52.335678
CMP-11745,C2353,TX33721,"Paid 5434 taka at merchant around 10:15, merchant claims no payment received.",TRANSACTION_DISPUTE,RESOLVED,2026-09-21 10:39:02.335678
CMP-11746,C1688,,Duplicate charge: two debits of 45 tk within seconds for the same purchase.,DUPLICATE_PAYMENT,NEW,2026-10-03 09:26:46.335678
CMP-11747,C2151,TX32229,Money has been deducted from my account (7707 BDT) but the shopkeeper didn't receive it.,TRANSACTION_DISPUTE,RESOLVED,2026-09-26 22:47:50.335678
CMP-11748,C638,,"Transaction failed at payment gateway, money deducted from wallet, no reversal received yet.",REFUND,INVESTIGATING,2026-09-22 22:12:33.335678
CMP-11749,C1136,,"Payment of 2998 failed yesterday, message said reversal in 2 hours but still not refunded.",REFUND,NEW,2026-10-03 04:31:39.335678
CMP-11750,C2305,TX22103,Dui bar taka keteche! Paid once but charged twice 540 tk at merchant M31.,DUPLICATE_PAYMENT,RESOLVED,2026-09-20 20:50:29.335678
CMP-11751,C1262,TX27231,"Network timeout during processing, app closed abruptly.",FAILED_PAYMENT,INVESTIGATING,2026-09-22 21:43:02.335678
CMP-11752,C420,,"Payment failed with weird error code ERR_999, what happened to my 2907 taka?",FAILED_PAYMENT,INVESTIGATING,2026-09-21 01:15:48.335678
CMP-11753,C301,TX34024,Got security warning after attempting multiple payments of 120000 taka.,ACCOUNT_ISSUE,RESOLVED,2026-09-28 20:32:53.335678
CMP-11754,C467,TX25036,"Status sync issue: money deducted, merchant received, app showing waiting for confirmation.",TRANSACTION_DISPUTE,RESOLVED,2026-10-03 01:06:52.335678
CMP-11755,C511,TX20106,App shows pending for 207 BDT even though merchant got confirmation SMS.,TRANSACTION_DISPUTE,RESOLVED,2026-09-21 03:06:25.335678
CMP-11756,C1944,,"Customer care promised reversal for 949 tk within 24 hours, still no refund.",REFUND,RESOLVED,2026-09-30 00:43:54.335678
CMP-11757,C1664,,Connection lost during payment of 13176 tk to merchant M67.,FAILED_PAYMENT,INVESTIGATING,2026-09-20 09:50:56.335678
CMP-11758,C2337,TX26328,"Transaction crashed with unknown server error, please investigate.",FAILED_PAYMENT,INVESTIGATING,2026-09-30 17:29:49.335678
CMP-11759,C1636,TX28791,"I only made one payment of 206 taka, but money was deducted TWICE from my account!",DUPLICATE_PAYMENT,NEW,2026-09-21 00:51:24.335678
CMP-11760,C622,TX25203,Why is my transaction still showing pending after 3 hours? Amount 47 taka.,TRANSACTION_DISPUTE,NEW,2026-09-26 19:29:14.335678
CMP-11761,C771,TX23542,"I scanned QR at merchant M157 and 5369 taka was cut, but POS machine showed failed.",TRANSACTION_DISPUTE,INVESTIGATING,2026-10-03 07:22:01.335678
CMP-11762,C589,TX24503,"Shop owner said money didn't arrive, but SMS shows 2507 deducted.",TRANSACTION_DISPUTE,NEW,2026-09-26 00:42:55.335678
CMP-11763,C2239,,"Transaction failed at payment gateway, money deducted from wallet, no reversal received yet.",REFUND,RESOLVED,2026-09-23 15:20:19.335678
CMP-11764,C2358,TX25065,"Shop owner said money didn't arrive, but SMS shows 2617 deducted.",TRANSACTION_DISPUTE,RESOLVED,2026-09-28 12:15:20.335678
CMP-11765,C2446,,"Payment of 208 failed yesterday, message said reversal in 2 hours but still not refunded.",REFUND,RESOLVED,2026-09-25 23:28:19.335678
CMP-11766,C111,TX23519,"I scanned QR at merchant M189 and 99 taka was cut, but POS machine showed failed.",TRANSACTION_DISPUTE,INVESTIGATING,2026-09-29 17:00:25.335678
CMP-11767,C585,,"Paid 1591 taka at merchant around 01:29, merchant claims no payment received.",TRANSACTION_DISPUTE,INVESTIGATING,2026-09-29 01:54:57.335678
CMP-11768,C1068,TX32420,Why is my transaction still showing pending after 3 hours? Amount 8764 taka.,TRANSACTION_DISPUTE,INVESTIGATING,2026-10-02 14:21:59.335678
CMP-11769,C823,,"Status sync issue: money deducted, merchant received, app showing waiting for confirmation.",TRANSACTION_DISPUTE,NEW,2026-09-28 00:02:11.335678
CMP-11770,C235,TX32799,"Customer care promised reversal for 2368 tk within 24 hours, still no refund.",REFUND,NEW,2026-10-01 03:30:44.335678
CMP-11771,C1081,TX31393,"Transaction was rejected stating insufficient balance, please check my account statement.",ACCOUNT_ISSUE,INVESTIGATING,2026-09-28 09:31:44.335678
CMP-11772,C153,,System gave unknown error during payment of 101 taka.,FAILED_PAYMENT,NEW,2026-09-25 07:48:52.335678
CMP-11773,C1878,TX20828,"Payment of 2296 failed yesterday, message said reversal in 2 hours but still not refunded.",REFUND,INVESTIGATING,2026-09-28 06:22:45.335678
CMP-11774,C200,TX23875,Amar 48 taka refund hoy nai. Payment failed hoise kintu taka ferot ashe nai.,REFUND,INVESTIGATING,2026-09-24 18:41:11.335678
CMP-11775,C474,,"Customer care promised reversal for 943 tk within 24 hours, still no refund.",REFUND,RESOLVED,2026-09-20 09:59:50.335678
CMP-11776,C1743,,"Failed transaction of 2264 tk on 20:58, reversal missing from my statement.",REFUND,NEW,2026-09-30 22:53:30.335678
CMP-11777,C685,TX33579,Duplicate charge: two debits of 1081 tk within seconds for the same purchase.,DUPLICATE_PAYMENT,INVESTIGATING,2026-09-29 03:35:51.335678
CMP-11778,C2081,,Money has been deducted from my account (1526 BDT) but the shopkeeper didn't receive it.,TRANSACTION_DISPUTE,INVESTIGATING,2026-10-02 17:59:15.335678
CMP-11779,C156,,"Failed transaction of 2435 tk on 06:23, reversal missing from my statement.",REFUND,RESOLVED,2026-09-27 06:48:36.335678
CMP-11780,C1302,TX22090,Taka kete niyeche kintu dokandari pay ni. Amount was 3200 tk at merchant M105.,TRANSACTION_DISPUTE,NEW,2026-09-27 17:00:23.335678
CMP-11781,C1853,TX26085,Taka kete niyeche kintu dokandari pay ni. Amount was 2461 tk at merchant M135.,TRANSACTION_DISPUTE,RESOLVED,2026-09-21 09:42:07.335678
CMP-11782,C1387,TX20761,Why is my transaction still showing pending after 3 hours? Amount 2766 taka.,TRANSACTION_DISPUTE,RESOLVED,2026-10-02 00:34:56.335678
CMP-11783,C1254,TX20804,Double deduction happened for my merchant bill payment of 98 taka.,DUPLICATE_PAYMENT,INVESTIGATING,2026-09-29 12:53:32.335678
CMP-11784,C1846,TX34643,"Transaction was rejected stating insufficient balance, please check my account statement.",ACCOUNT_ISSUE,RESOLVED,2026-10-01 06:57:58.335678
CMP-11785,C1372,TX20340,Duplicate charge: two debits of 101 tk within seconds for the same purchase.,DUPLICATE_PAYMENT,RESOLVED,2026-09-28 23:51:34.335678
CMP-11786,C310,TX27092,Taka kete niyeche kintu dokandari pay ni. Amount was 1463 tk at merchant M191.,TRANSACTION_DISPUTE,NEW,2026-09-25 05:46:12.335678
CMP-11787,C2124,,App timed out showing network error while paying 2932 taka.,FAILED_PAYMENT,INVESTIGATING,2026-09-24 20:14:25.335678
CMP-11788,C1293,,"My account is blocked after repeated transaction attempts, please unblock immediately.",ACCOUNT_ISSUE,RESOLVED,2026-09-27 22:28:27.335678
CMP-11789,C271,,"I scanned QR at merchant M174 and 1415 taka was cut, but POS machine showed failed.",TRANSACTION_DISPUTE,RESOLVED,2026-09-27 17:39:10.335678
CMP-11790,C1971,TX20240,"I scanned QR at merchant M154 and 50 taka was cut, but POS machine showed failed.",TRANSACTION_DISPUTE,INVESTIGATING,2026-09-20 12:53:50.335678
CMP-11791,C274,TX22591,Amar 47 taka refund hoy nai. Payment failed hoise kintu taka ferot ashe nai.,REFUND,NEW,2026-10-03 02:54:03.335678
CMP-11792,C1370,TX28382,"Customer care promised reversal for 949 tk within 24 hours, still no refund.",REFUND,NEW,2026-09-20 17:19:14.335678
CMP-11793,C1776,TX30175,"Transaction failed at payment gateway, money deducted from wallet, no reversal received yet.",REFUND,NEW,2026-09-29 14:26:03.335678
CMP-11794,C520,TX32238,Connection lost during payment of 197 tk to merchant M114.,FAILED_PAYMENT,NEW,2026-10-03 11:00:33.335678
CMP-11795,C2491,,Why is my transaction still showing pending after 3 hours? Amount 53 taka.,TRANSACTION_DISPUTE,INVESTIGATING,2026-09-25 20:28:47.335678
CMP-11796,C1889,TX21214,"Internet connection dropped during PIN entry, don't know if money sent.",FAILED_PAYMENT,NEW,2026-10-02 04:48:31.335678
CMP-11797,C1336,,"Payment failed with weird error code ERR_999, what happened to my 1096 taka?",FAILED_PAYMENT,INVESTIGATING,2026-09-27 15:06:37.335678
CMP-11798,C1930,TX31862,"Customer care promised reversal for 4856 tk within 24 hours, still no refund.",REFUND,INVESTIGATING,2026-09-25 09:18:40.335678
CMP-11799,C2017,TX32954,"Paid 192 taka at merchant around 11:18, merchant claims no payment received.",TRANSACTION_DISPUTE,INVESTIGATING,2026-10-01 12:52:05.335678
CMP-11800,C1238,,App timed out showing network error while paying 54 taka.,FAILED_PAYMENT,RESOLVED,2026-09-23 03:12:55.335678
CMP-11801,C1334,,Why is my transaction still showing pending after 3 hours? Amount 1388 taka.,TRANSACTION_DISPUTE,NEW,2026-09-29 13:22:15.335678
CMP-11802,C2130,TX23470,"Transaction crashed with unknown server error, please investigate.",FAILED_PAYMENT,RESOLVED,2026-09-25 23:00:48.335678
CMP-11803,C2400,,"Network timeout during processing, app closed abruptly.",FAILED_PAYMENT,NEW,2026-09-22 00:58:49.335678
CMP-11804,C1306,TX27159,"Network timeout during processing, app closed abruptly.",FAILED_PAYMENT,RESOLVED,2026-09-30 12:46:56.335678
CMP-11805,C984,,Taka kete niyeche kintu dokandari pay ni. Amount was 2634 tk at merchant M165.,TRANSACTION_DISPUTE,INVESTIGATING,2026-09-24 12:10:46.335678
CMP-11806,C1865,TX20646,Duplicate charge: two debits of 8459 tk within seconds for the same purchase.,DUPLICATE_PAYMENT,RESOLVED,2026-09-25 18:23:06.335678
CMP-11807,C2013,,App shows pending for 196 BDT even though merchant got confirmation SMS.,TRANSACTION_DISPUTE,NEW,2026-09-23 21:45:28.335678
CMP-11808,C941,TX20326,App timed out showing network error while paying 8015 taka.,FAILED_PAYMENT,NEW,2026-09-27 04:54:51.335678
CMP-11809,C850,TX25942,"Status sync issue: money deducted, merchant received, app showing waiting for confirmation.",TRANSACTION_DISPUTE,NEW,2026-09-24 19:34:55.335678
CMP-11810,C679,,Amar 5487 taka refund hoy nai. Payment failed hoise kintu taka ferot ashe nai.,REFUND,INVESTIGATING,2026-09-23 12:28:07.335678
CMP-11811,C279,,"Status sync issue: money deducted, merchant received, app showing waiting for confirmation.",TRANSACTION_DISPUTE,NEW,2026-09-24 11:04:27.335678
CMP-11812,C1041,,Dui bar taka keteche! Paid once but charged twice 2277 tk at merchant M194.,DUPLICATE_PAYMENT,INVESTIGATING,2026-09-28 07:25:36.335678
CMP-11813,C1991,,Duplicate charge: two debits of 4996 tk within seconds for the same purchase.,DUPLICATE_PAYMENT,INVESTIGATING,2026-10-02 14:52:51.335678
CMP-11814,C1118,TX29829,"I scanned QR at merchant M74 and 12926 taka was cut, but POS machine showed failed.",TRANSACTION_DISPUTE,RESOLVED,2026-09-20 13:02:58.335678
CMP-11815,C2391,TX28961,System gave unknown error during payment of 513 taka.,FAILED_PAYMENT,INVESTIGATING,2026-09-20 18:16:45.335678
CMP-11816,C1242,TX33337,"Failed transaction of 105 tk on 11:22, reversal missing from my statement.",REFUND,RESOLVED,2026-09-25 12:51:39.335678
CMP-11817,C503,TX25963,"Failed transaction of 99 tk on 10:56, reversal missing from my statement.",REFUND,NEW,2026-09-26 11:45:02.335678
CMP-11818,C1474,TX22798,"Paid 11479 taka at merchant around 05:13, merchant claims no payment received.",TRANSACTION_DISPUTE,RESOLVED,2026-09-25 05:55:52.335678
CMP-11819,C759,TX32210,"My account is blocked after repeated transaction attempts, please unblock immediately.",ACCOUNT_ISSUE,INVESTIGATING,2026-09-24 23:32:16.335678
CMP-11820,C213,TX22495,"Network timeout during processing, app closed abruptly.",FAILED_PAYMENT,RESOLVED,2026-10-01 13:15:16.335678
CMP-11821,C836,,"I only made one payment of 2531 taka, but money was deducted TWICE from my account!",DUPLICATE_PAYMENT,NEW,2026-09-29 18:15:48.335678
CMP-11822,C2384,TX30243,Amar 2690 taka refund hoy nai. Payment failed hoise kintu taka ferot ashe nai.,REFUND,INVESTIGATING,2026-09-27 21:56:04.335678
CMP-11823,C125,,"Internet connection dropped during PIN entry, don't know if money sent.",FAILED_PAYMENT,INVESTIGATING,2026-09-24 01:12:03.335678
CMP-11824,C628,TX22726,Money has been deducted from my account (1586 BDT) but the shopkeeper didn't receive it.,TRANSACTION_DISPUTE,RESOLVED,2026-09-29 15:38:12.335678
CMP-11825,C2252,,"Internet connection dropped during PIN entry, don't know if money sent.",FAILED_PAYMENT,INVESTIGATING,2026-09-29 22:55:57.335678
CMP-11826,C2168,TX34338,"Payment failed with weird error code ERR_999, what happened to my 54 taka?",FAILED_PAYMENT,NEW,2026-09-26 07:16:56.335678
CMP-11827,C1604,TX21709,App timed out showing network error while paying 992 taka.,FAILED_PAYMENT,INVESTIGATING,2026-09-24 05:41:40.335678
CMP-11828,C2278,TX32204,"Status sync issue: money deducted, merchant received, app showing waiting for confirmation.",TRANSACTION_DISPUTE,NEW,2026-10-01 16:02:21.335678
CMP-11829,C703,TX31364,"Failed transaction of 109 tk on 07:08, reversal missing from my statement.",REFUND,NEW,2026-09-30 08:12:25.335678
CMP-11830,C1630,TX23723,Double deduction happened for my merchant bill payment of 1450 taka.,DUPLICATE_PAYMENT,NEW,2026-09-22 07:51:31.335678
CMP-11831,C2014,,"My account is blocked after repeated transaction attempts, please unblock immediately.",ACCOUNT_ISSUE,NEW,2026-09-26 15:18:38.335678
CMP-11832,C872,,"Shop owner said money didn't arrive, but SMS shows 2285 deducted.",TRANSACTION_DISPUTE,NEW,2026-10-01 11:22:10.335678
CMP-11833,C1160,,"Internet connection dropped during PIN entry, don't know if money sent.",FAILED_PAYMENT,NEW,2026-09-23 15:33:19.335678
CMP-11834,C205,TX20127,"Customer care promised reversal for 48 tk within 24 hours, still no refund.",REFUND,RESOLVED,2026-09-27 20:42:32.335678
CMP-11835,C1351,,"Status sync issue: money deducted, merchant received, app showing waiting for confirmation.",TRANSACTION_DISPUTE,INVESTIGATING,2026-09-24 05:59:00.335678
CMP-11836,C1897,,Why is my transaction still showing pending after 3 hours? Amount 534 taka.,TRANSACTION_DISPUTE,NEW,2026-09-22 06:05:03.335678
CMP-11837,C604,TX31813,Dui bar taka keteche! Paid once but charged twice 1075 tk at merchant M140.,DUPLICATE_PAYMENT,NEW,2026-10-02 05:25:49.335678
CMP-11838,C114,TX32716,"Shop owner said money didn't arrive, but SMS shows 7259 deducted.",TRANSACTION_DISPUTE,NEW,2026-09-30 17:46:47.335678
CMP-11839,C1622,TX27408,"Suspicious transaction alert triggered on my account, need urgent review.",ACCOUNT_ISSUE,RESOLVED,2026-10-02 14:32:57.335678
CMP-11840,C1754,,Dui bar taka keteche! Paid once but charged twice 180 tk at merchant M11.,DUPLICATE_PAYMENT,INVESTIGATING,2026-09-27 20:02:30.335678
CMP-11841,C565,,"Transaction failed at payment gateway, money deducted from wallet, no reversal received yet.",REFUND,NEW,2026-09-25 16:25:24.335678
CMP-11842,C1884,TX23264,"Internet connection dropped during PIN entry, don't know if money sent.",FAILED_PAYMENT,RESOLVED,2026-09-27 13:19:56.335678
CMP-11843,C1039,TX22012,"Paid 95 taka at merchant around 05:47, merchant claims no payment received.",TRANSACTION_DISPUTE,RESOLVED,2026-09-30 06:27:06.335678
CMP-11844,C556,TX29972,Dui bar taka keteche! Paid once but charged twice 1496 tk at merchant M171.,DUPLICATE_PAYMENT,INVESTIGATING,2026-09-27 04:42:01.335678
CMP-11845,C2397,TX29236,"Status sync issue: money deducted, merchant received, app showing waiting for confirmation.",TRANSACTION_DISPUTE,RESOLVED,2026-09-30 09:05:31.335678
CMP-11846,C205,,"Failed transaction of 7889 tk on 00:25, reversal missing from my statement.",REFUND,RESOLVED,2026-09-22 02:24:40.335678
CMP-11847,C137,TX30878,"Failed transaction of 918 tk on 06:48, reversal missing from my statement.",REFUND,INVESTIGATING,2026-09-29 07:00:38.335678
CMP-11848,C234,TX32549,Why is my transaction still showing pending after 3 hours? Amount 90 taka.,TRANSACTION_DISPUTE,NEW,2026-09-26 15:05:47.335678
CMP-11849,C330,,App shows pending for 539 BDT even though merchant got confirmation SMS.,TRANSACTION_DISPUTE,INVESTIGATING,2026-09-24 07:34:15.335678
CMP-11850,C2403,,"Shop owner said money didn't arrive, but SMS shows 7767 deducted.",TRANSACTION_DISPUTE,INVESTIGATING,2026-09-30 19:52:37.335678
CMP-11851,C2476,TX25097,App timed out showing network error while paying 200 taka.,FAILED_PAYMENT,RESOLVED,2026-09-20 04:49:29.335678
CMP-11852,C536,TX20052,"Customer care promised reversal for 467 tk within 24 hours, still no refund.",REFUND,RESOLVED,2026-10-01 07:37:06.335678
CMP-11853,C808,TX28326,"Internet connection dropped during PIN entry, don't know if money sent.",FAILED_PAYMENT,INVESTIGATING,2026-09-22 02:43:30.335678
CMP-11854,C1897,TX21240,"I only made one payment of 11702 taka, but money was deducted TWICE from my account!",DUPLICATE_PAYMENT,NEW,2026-10-03 20:19:14.335678
CMP-11855,C551,TX26420,Duplicate charge: two debits of 11453 tk within seconds for the same purchase.,DUPLICATE_PAYMENT,RESOLVED,2026-10-03 02:57:09.335678
CMP-11856,C496,TX23773,"Network timeout during processing, app closed abruptly.",FAILED_PAYMENT,RESOLVED,2026-09-25 11:39:59.335678
CMP-11857,C2194,TX24268,"I only made one payment of 11120 taka, but money was deducted TWICE from my account!",DUPLICATE_PAYMENT,NEW,2026-09-21 11:53:47.335678
CMP-11858,C1215,,"Payment failed with weird error code ERR_999, what happened to my 94 taka?",FAILED_PAYMENT,NEW,2026-09-26 16:54:15.335678
CMP-11859,C1861,TX33805,"Paid 49 taka at merchant around 07:00, merchant claims no payment received.",TRANSACTION_DISPUTE,NEW,2026-09-27 07:53:32.335678
CMP-11860,C1141,,"Paid 8772 taka at merchant around 17:00, merchant claims no payment received.",TRANSACTION_DISPUTE,RESOLVED,2026-09-24 18:41:40.335678
CMP-11861,C201,TX20879,"Network timeout during processing, app closed abruptly.",FAILED_PAYMENT,NEW,2026-10-03 14:16:50.335678
CMP-11862,C2320,TX31861,Duplicate charge: two debits of 46 tk within seconds for the same purchase.,DUPLICATE_PAYMENT,RESOLVED,2026-10-03 14:55:55.335678
CMP-11863,C936,TX26600,"Payment of 4992 failed yesterday, message said reversal in 2 hours but still not refunded.",REFUND,NEW,2026-10-03 16:46:27.335678
CMP-11864,C234,,"Status sync issue: money deducted, merchant received, app showing waiting for confirmation.",TRANSACTION_DISPUTE,RESOLVED,2026-09-26 15:02:47.335678
CMP-11865,C1242,TX24789,Amar 8507 taka refund hoy nai. Payment failed hoise kintu taka ferot ashe nai.,REFUND,NEW,2026-10-01 02:35:44.335678
CMP-11866,C400,TX20031,System gave unknown error during payment of 500 taka.,FAILED_PAYMENT,INVESTIGATING,2026-09-28 10:50:39.335678
CMP-11867,C968,,"Customer care promised reversal for 516 tk within 24 hours, still no refund.",REFUND,RESOLVED,2026-09-21 00:22:33.335678
CMP-11868,C987,TX25298,Money has been deducted from my account (5268 BDT) but the shopkeeper didn't receive it.,TRANSACTION_DISPUTE,RESOLVED,2026-09-27 11:19:40.335678
CMP-11869,C290,TX20485,"Tried to pay 11577 taka, said balance low, but I think I have enough funds.",ACCOUNT_ISSUE,RESOLVED,2026-09-26 15:15:16.335678
CMP-11870,C2172,TX23838,Connection lost during payment of 12686 tk to merchant M72.,FAILED_PAYMENT,RESOLVED,2026-09-25 22:25:54.335678
CMP-11871,C1732,TX26570,"My account is blocked after repeated transaction attempts, please unblock immediately.",ACCOUNT_ISSUE,INVESTIGATING,2026-09-25 17:18:14.335678
CMP-11872,C1631,,App shows pending for 106 BDT even though merchant got confirmation SMS.,TRANSACTION_DISPUTE,RESOLVED,2026-10-02 02:04:03.335678
CMP-11873,C818,TX31725,Why is my transaction still showing pending after 3 hours? Amount 2728 taka.,TRANSACTION_DISPUTE,NEW,2026-09-29 12:32:59.335678
CMP-11874,C193,,"Merchant says payment succeeded and gave goods, but my app shows status 'PENDING'.",TRANSACTION_DISPUTE,RESOLVED,2026-10-01 11:21:29.335678
CMP-11875,C1618,,Connection lost during payment of 186 tk to merchant M108.,FAILED_PAYMENT,RESOLVED,2026-10-01 06:50:47.335678
CMP-11876,C446,TX23109,"Status sync issue: money deducted, merchant received, app showing waiting for confirmation.",TRANSACTION_DISPUTE,INVESTIGATING,2026-09-30 16:35:41.335678
CMP-11877,C1297,TX33519,"Transaction crashed with unknown server error, please investigate.",FAILED_PAYMENT,NEW,2026-09-26 20:10:55.335678
CMP-11878,C1444,TX33120,"Payment failed with weird error code ERR_999, what happened to my 10930 taka?",FAILED_PAYMENT,RESOLVED,2026-09-29 04:51:56.335678
CMP-11879,C2208,TX30588,"Customer care promised reversal for 204 tk within 24 hours, still no refund.",REFUND,INVESTIGATING,2026-09-30 03:47:38.335678
CMP-11880,C828,TX34056,"I scanned QR at merchant M107 and 104 taka was cut, but POS machine showed failed.",TRANSACTION_DISPUTE,RESOLVED,2026-09-27 21:27:50.335678
CMP-11881,C164,TX23131,App shows pending for 1563 BDT even though merchant got confirmation SMS.,TRANSACTION_DISPUTE,NEW,2026-09-29 19:15:47.335678
CMP-11882,C1848,TX29370,App shows pending for 11304 BDT even though merchant got confirmation SMS.,TRANSACTION_DISPUTE,RESOLVED,2026-09-28 10:47:23.335678
CMP-11883,C473,,"Transaction failed at payment gateway, money deducted from wallet, no reversal received yet.",REFUND,INVESTIGATING,2026-09-28 18:45:49.335678
CMP-11884,C1578,TX30962,"Payment failed with weird error code ERR_999, what happened to my 2747 taka?",FAILED_PAYMENT,INVESTIGATING,2026-10-02 01:41:12.335678
CMP-11885,C1758,,System gave unknown error during payment of 98 taka.,FAILED_PAYMENT,RESOLVED,2026-09-30 00:22:43.335678
CMP-11886,C1361,TX28722,"Failed transaction of 206 tk on 03:32, reversal missing from my statement.",REFUND,NEW,2026-09-30 05:15:08.335678
CMP-11887,C575,TX24738,"Customer care promised reversal for 93 tk within 24 hours, still no refund.",REFUND,NEW,2026-10-02 01:38:30.335678
CMP-11888,C1369,,"Failed transaction of 2381 tk on 12:26, reversal missing from my statement.",REFUND,INVESTIGATING,2026-09-20 12:58:51.335678
CMP-11889,C2409,TX21116,"Shop owner said money didn't arrive, but SMS shows 45 deducted.",TRANSACTION_DISPUTE,RESOLVED,2026-09-27 11:12:26.335678
CMP-11890,C2191,TX20507,Duplicate charge: two debits of 511 tk within seconds for the same purchase.,DUPLICATE_PAYMENT,RESOLVED,2026-09-28 18:36:44.335678
CMP-11891,C1031,TX29997,Connection lost during payment of 2942 tk to merchant M144.,FAILED_PAYMENT,RESOLVED,2026-10-02 16:25:25.335678
CMP-11892,C1388,TX32400,Dui bar taka keteche! Paid once but charged twice 4520 tk at merchant M57.,DUPLICATE_PAYMENT,RESOLVED,2026-10-01 09:02:48.335678
CMP-11893,C322,,"Failed transaction of 2989 tk on 09:25, reversal missing from my statement.",REFUND,NEW,2026-09-27 10:59:17.335678
CMP-11894,C498,,Why is my transaction still showing pending after 3 hours? Amount 909 taka.,TRANSACTION_DISPUTE,RESOLVED,2026-09-26 18:36:36.335678
CMP-11895,C1914,TX31107,"Internet connection dropped during PIN entry, don't know if money sent.",FAILED_PAYMENT,RESOLVED,2026-09-29 13:22:42.335678
CMP-11896,C2462,,Duplicate charge: two debits of 4530 tk within seconds for the same purchase.,DUPLICATE_PAYMENT,RESOLVED,2026-09-23 06:45:12.335678
CMP-11897,C2346,,Why did my payment get cancelled for balance check error?,ACCOUNT_ISSUE,INVESTIGATING,2026-09-26 10:06:57.335678
CMP-11898,C1983,TX20069,"Suspicious transaction alert triggered on my account, need urgent review.",ACCOUNT_ISSUE,INVESTIGATING,2026-10-03 00:41:25.335678
CMP-11899,C2321,TX28238,"Shop owner said money didn't arrive, but SMS shows 4673 deducted.",TRANSACTION_DISPUTE,INVESTIGATING,2026-09-25 18:40:57.335678
CMP-11900,C1078,,"Payment of 219 failed yesterday, message said reversal in 2 hours but still not refunded.",REFUND,NEW,2026-09-20 09:21:31.335678
CMP-11901,C2492,TX34186,Duplicate charge: two debits of 12828 tk within seconds for the same purchase.,DUPLICATE_PAYMENT,NEW,2026-09-24 00:16:34.335678
CMP-11902,C1005,TX34715,"Tried to pay 2502 taka, said balance low, but I think I have enough funds.",ACCOUNT_ISSUE,INVESTIGATING,2026-09-28 15:48:17.335678
CMP-11903,C1582,TX30391,Taka kete niyeche kintu dokandari pay ni. Amount was 969 tk at merchant M34.,TRANSACTION_DISPUTE,NEW,2026-10-03 07:46:21.335678
CMP-11904,C524,TX24748,App shows pending for 463 BDT even though merchant got confirmation SMS.,TRANSACTION_DISPUTE,RESOLVED,2026-09-24 09:20:54.335678
CMP-11905,C306,,"Failed transaction of 3268 tk on 22:32, reversal missing from my statement.",REFUND,NEW,2026-09-27 22:59:17.335678
CMP-11906,C2426,TX34330,"Payment of 4982 failed yesterday, message said reversal in 2 hours but still not refunded.",REFUND,NEW,2026-09-28 03:10:19.335678
CMP-11907,C543,,"I scanned QR at merchant M97 and 49 taka was cut, but POS machine showed failed.",TRANSACTION_DISPUTE,INVESTIGATING,2026-10-02 08:18:29.335678
CMP-11908,C2106,TX25586,"Shop owner said money didn't arrive, but SMS shows 3086 deducted.",TRANSACTION_DISPUTE,INVESTIGATING,2026-09-30 19:22:47.335678
CMP-11909,C1709,TX27809,Connection lost during payment of 207 tk to merchant M17.,FAILED_PAYMENT,NEW,2026-09-24 00:07:37.335678
CMP-11910,C961,TX30382,"Transaction crashed with unknown server error, please investigate.",FAILED_PAYMENT,RESOLVED,2026-10-01 17:55:00.335678
CMP-11911,C903,TX30772,"Shop owner said money didn't arrive, but SMS shows 2419 deducted.",TRANSACTION_DISPUTE,NEW,2026-09-25 18:41:35.335678
CMP-11912,C1086,TX27720,"Transaction was rejected stating insufficient balance, please check my account statement.",ACCOUNT_ISSUE,NEW,2026-10-03 10:54:32.335678
CMP-11913,C427,,"Transaction was rejected stating insufficient balance, please check my account statement.",ACCOUNT_ISSUE,NEW,2026-09-22 19:18:33.335678
CMP-11914,C2275,TX31822,Taka kete niyeche kintu dokandari pay ni. Amount was 3252 tk at merchant M200.,TRANSACTION_DISPUTE,INVESTIGATING,2026-09-26 02:49:27.335678
CMP-11915,C1471,TX25098,"Paid 947 taka at merchant around 18:50, merchant claims no payment received.",TRANSACTION_DISPUTE,NEW,2026-09-27 20:02:18.335678
CMP-11916,C2197,TX22866,"Failed transaction of 497 tk on 20:41, reversal missing from my statement.",REFUND,RESOLVED,2026-09-23 22:21:48.335678
CMP-11917,C2373,TX31924,"Transaction failed at payment gateway, money deducted from wallet, no reversal received yet.",REFUND,INVESTIGATING,2026-09-22 22:10:08.335678
CMP-11918,C457,TX31926,Taka kete niyeche kintu dokandari pay ni. Amount was 184 tk at merchant M77.,TRANSACTION_DISPUTE,NEW,2026-09-25 16:30:54.335678
CMP-11919,C984,,Duplicate charge: two debits of 211 tk within seconds for the same purchase.,DUPLICATE_PAYMENT,NEW,2026-10-02 05:41:08.335678
CMP-11920,C1325,TX27573,Taka kete niyeche kintu dokandari pay ni. Amount was 1012 tk at merchant M89.,TRANSACTION_DISPUTE,RESOLVED,2026-09-23 13:55:18.335678
CMP-11921,C1926,TX20674,Money has been deducted from my account (522 BDT) but the shopkeeper didn't receive it.,TRANSACTION_DISPUTE,NEW,2026-09-24 16:05:32.335678
CMP-11922,C1430,,Taka kete niyeche kintu dokandari pay ni. Amount was 2415 tk at merchant M118.,TRANSACTION_DISPUTE,NEW,2026-09-20 21:27:15.335678
CMP-11923,C982,TX25266,"Payment of 477 failed yesterday, message said reversal in 2 hours but still not refunded.",REFUND,INVESTIGATING,2026-09-24 22:35:20.335678
CMP-11924,C924,TX24105,"Tried to pay 921 taka, said balance low, but I think I have enough funds.",ACCOUNT_ISSUE,RESOLVED,2026-09-30 21:55:14.335678
CMP-11925,C886,TX28328,"Shop owner said money didn't arrive, but SMS shows 2630 deducted.",TRANSACTION_DISPUTE,NEW,2026-09-22 11:25:54.335678
CMP-11926,C1883,TX28620,"Internet connection dropped during PIN entry, don't know if money sent.",FAILED_PAYMENT,RESOLVED,2026-09-27 23:11:22.335678
CMP-11927,C600,TX32707,"Customer care promised reversal for 102 tk within 24 hours, still no refund.",REFUND,RESOLVED,2026-10-01 23:23:38.335678
CMP-11928,C1068,,"Merchant says payment succeeded and gave goods, but my app shows status 'PENDING'.",TRANSACTION_DISPUTE,RESOLVED,2026-10-02 13:05:59.335678
CMP-11929,C1482,TX32568,"Network timeout during processing, app closed abruptly.",FAILED_PAYMENT,INVESTIGATING,2026-09-21 04:37:57.335678
CMP-11930,C1929,,App timed out showing network error while paying 8352 taka.,FAILED_PAYMENT,NEW,2026-10-03 05:46:26.335678
CMP-11931,C851,TX33498,"Payment of 2362 failed yesterday, message said reversal in 2 hours but still not refunded.",REFUND,NEW,2026-09-22 08:17:25.335678
CMP-11932,C712,TX25303,"Status sync issue: money deducted, merchant received, app showing waiting for confirmation.",TRANSACTION_DISPUTE,NEW,2026-09-21 09:46:40.335678
CMP-11933,C1544,,Got security warning after attempting multiple payments of 100000 taka.,ACCOUNT_ISSUE,RESOLVED,2026-10-02 10:04:33.335678
CMP-11934,C1888,TX24630,"Customer care promised reversal for 514 tk within 24 hours, still no refund.",REFUND,RESOLVED,2026-09-26 16:24:04.335678
CMP-11935,C1867,TX25111,"Paid 1593 taka at merchant around 11:13, merchant claims no payment received.",TRANSACTION_DISPUTE,RESOLVED,2026-09-22 12:44:37.335678
CMP-11936,C2403,TX21323,"Merchant says payment succeeded and gave goods, but my app shows status 'PENDING'.",TRANSACTION_DISPUTE,RESOLVED,2026-09-27 20:15:58.335678
CMP-11937,C699,,Dui bar taka keteche! Paid once but charged twice 47 tk at merchant M84.,DUPLICATE_PAYMENT,NEW,2026-09-28 09:46:11.335678
CMP-11938,C2031,TX24441,"Status sync issue: money deducted, merchant received, app showing waiting for confirmation.",TRANSACTION_DISPUTE,INVESTIGATING,2026-09-20 17:52:12.335678
CMP-11939,C1306,TX27159,"Internet connection dropped during PIN entry, don't know if money sent.",FAILED_PAYMENT,NEW,2026-09-30 13:06:56.335678
CMP-11940,C848,TX21432,"Payment of 105 failed yesterday, message said reversal in 2 hours but still not refunded.",REFUND,NEW,2026-09-27 11:17:20.335678
CMP-11941,C1760,,"Transaction was rejected stating insufficient balance, please check my account statement.",ACCOUNT_ISSUE,INVESTIGATING,2026-09-24 19:08:54.335678
CMP-11942,C1193,TX24120,"Tried to pay 12244 taka, said balance low, but I think I have enough funds.",ACCOUNT_ISSUE,RESOLVED,2026-09-30 16:33:38.335678
CMP-11943,C1886,TX28998,System gave unknown error during payment of 7557 taka.,FAILED_PAYMENT,INVESTIGATING,2026-10-01 07:54:14.335678
CMP-11944,C2094,TX34130,Dui bar taka keteche! Paid once but charged twice 7982 tk at merchant M185.,DUPLICATE_PAYMENT,RESOLVED,2026-09-22 12:25:36.335678
CMP-11945,C1744,,"Payment of 2490 failed yesterday, message said reversal in 2 hours but still not refunded.",REFUND,NEW,2026-10-03 08:27:16.335678
CMP-11946,C722,,Why is my transaction still showing pending after 3 hours? Amount 12841 taka.,TRANSACTION_DISPUTE,NEW,2026-09-22 06:26:19.335678
CMP-11947,C2099,TX32928,"I scanned QR at merchant M10 and 541 taka was cut, but POS machine showed failed.",TRANSACTION_DISPUTE,NEW,2026-09-29 00:57:51.335678
CMP-11948,C1867,TX25483,Double deduction happened for my merchant bill payment of 202 taka.,DUPLICATE_PAYMENT,INVESTIGATING,2026-10-01 15:24:55.335678
CMP-11949,C2117,TX30176,"Failed transaction of 910 tk on 13:19, reversal missing from my statement.",REFUND,RESOLVED,2026-09-25 14:49:47.335678
CMP-11950,C2217,TX25150,"Transaction crashed with unknown server error, please investigate.",FAILED_PAYMENT,RESOLVED,2026-10-03 11:47:14.335678
CMP-11951,C373,,Double deduction happened for my merchant bill payment of 5191 taka.,DUPLICATE_PAYMENT,NEW,2026-09-20 08:36:46.335678
CMP-11952,C1457,TX27842,System gave unknown error during payment of 202 taka.,FAILED_PAYMENT,INVESTIGATING,2026-09-26 11:30:04.335678
CMP-11953,C649,TX20230,Connection lost during payment of 2863 tk to merchant M139.,FAILED_PAYMENT,RESOLVED,2026-09-28 00:01:09.335678
CMP-11954,C258,TX33220,"Tried to pay 1069 taka, said balance low, but I think I have enough funds.",ACCOUNT_ISSUE,NEW,2026-09-28 08:41:27.335678
CMP-11955,C1823,,Taka kete niyeche kintu dokandari pay ni. Amount was 8492 tk at merchant M169.,TRANSACTION_DISPUTE,RESOLVED,2026-10-03 09:54:07.335678
CMP-11956,C1077,TX27256,"Paid 2529 taka at merchant around 02:27, merchant claims no payment received.",TRANSACTION_DISPUTE,INVESTIGATING,2026-09-22 03:38:24.335678
CMP-11957,C1321,,Connection lost during payment of 45 tk to merchant M140.,FAILED_PAYMENT,INVESTIGATING,2026-09-20 17:33:26.335678
CMP-11958,C2248,TX33474,"Merchant says payment succeeded and gave goods, but my app shows status 'PENDING'.",TRANSACTION_DISPUTE,RESOLVED,2026-09-30 14:53:55.335678
CMP-11959,C1912,TX20054,"Suspicious transaction alert triggered on my account, need urgent review.",ACCOUNT_ISSUE,INVESTIGATING,2026-09-23 20:58:53.335678
CMP-11960,C948,TX25517,"I scanned QR at merchant M138 and 2780 taka was cut, but POS machine showed failed.",TRANSACTION_DISPUTE,RESOLVED,2026-09-22 06:18:24.335678
CMP-11961,C1466,,Amar 1515 taka refund hoy nai. Payment failed hoise kintu taka ferot ashe nai.,REFUND,INVESTIGATING,2026-09-29 06:47:59.335678
CMP-11962,C670,TX30599,System gave unknown error during payment of 2662 taka.,FAILED_PAYMENT,RESOLVED,2026-09-28 04:26:40.335678
CMP-11963,C1047,TX23502,"Merchant says payment succeeded and gave goods, but my app shows status 'PENDING'.",TRANSACTION_DISPUTE,INVESTIGATING,2026-09-23 19:21:44.335678
CMP-11964,C808,TX31186,Dui bar taka keteche! Paid once but charged twice 961 tk at merchant M174.,DUPLICATE_PAYMENT,NEW,2026-09-27 17:16:55.335678
CMP-11965,C1941,TX34266,"Shop owner said money didn't arrive, but SMS shows 5261 deducted.",TRANSACTION_DISPUTE,RESOLVED,2026-09-23 02:29:33.335678
CMP-11966,C1071,TX31701,Why did my payment get cancelled for balance check error?,ACCOUNT_ISSUE,RESOLVED,2026-09-21 10:00:16.335678
CMP-11967,C1403,TX20894,"Failed transaction of 1540 tk on 14:06, reversal missing from my statement.",REFUND,INVESTIGATING,2026-09-26 15:16:25.335678
CMP-11968,C2198,,Amar 477 taka refund hoy nai. Payment failed hoise kintu taka ferot ashe nai.,REFUND,RESOLVED,2026-09-24 20:35:21.335678
CMP-11969,C653,TX32814,"Transaction failed at payment gateway, money deducted from wallet, no reversal received yet.",REFUND,INVESTIGATING,2026-09-29 12:17:49.335678
CMP-11970,C245,,"Paid 8557 taka at merchant around 14:18, merchant claims no payment received.",TRANSACTION_DISPUTE,INVESTIGATING,2026-09-28 14:54:04.335678
CMP-11971,C864,TX27598,"Tried to pay 2374 taka, said balance low, but I think I have enough funds.",ACCOUNT_ISSUE,INVESTIGATING,2026-09-30 20:58:24.335678
CMP-11972,C164,TX23131,Why is my transaction still showing pending after 3 hours? Amount 1563 taka.,TRANSACTION_DISPUTE,RESOLVED,2026-09-29 19:19:47.335678
CMP-11973,C1489,TX21818,"Shop owner said money didn't arrive, but SMS shows 4593 deducted.",TRANSACTION_DISPUTE,INVESTIGATING,2026-09-28 02:05:48.335678
CMP-11974,C634,TX26283,"Transaction failed at payment gateway, money deducted from wallet, no reversal received yet.",REFUND,RESOLVED,2026-09-27 16:40:07.335678
CMP-11975,C2325,TX31485,"Payment of 468 failed yesterday, message said reversal in 2 hours but still not refunded.",REFUND,RESOLVED,2026-09-28 15:05:40.335678
CMP-11976,C1506,TX33756,Amar 5086 taka refund hoy nai. Payment failed hoise kintu taka ferot ashe nai.,REFUND,INVESTIGATING,2026-10-03 11:46:47.335678
CMP-11977,C2324,TX20180,"I scanned QR at merchant M131 and 907 taka was cut, but POS machine showed failed.",TRANSACTION_DISPUTE,NEW,2026-09-26 22:14:13.335678
CMP-11978,C1160,TX30858,"Customer care promised reversal for 7867 tk within 24 hours, still no refund.",REFUND,NEW,2026-09-29 03:53:29.335678
CMP-11979,C535,TX31415,Double deduction happened for my merchant bill payment of 98 taka.,DUPLICATE_PAYMENT,INVESTIGATING,2026-09-24 19:57:30.335678
CMP-11980,C1817,TX33946,"I only made one payment of 53 taka, but money was deducted TWICE from my account!",DUPLICATE_PAYMENT,RESOLVED,2026-10-02 05:20:06.335678
CMP-11981,C503,TX25963,"Payment of 99 failed yesterday, message said reversal in 2 hours but still not refunded.",REFUND,INVESTIGATING,2026-09-26 12:07:02.335678
CMP-11982,C1209,TX30974,App timed out showing network error while paying 3162 taka.,FAILED_PAYMENT,RESOLVED,2026-09-23 04:32:03.335678
CMP-11983,C295,TX23901,"Internet connection dropped during PIN entry, don't know if money sent.",FAILED_PAYMENT,INVESTIGATING,2026-09-22 07:37:58.335678
CMP-11984,C1441,TX22773,Amar 11530 taka refund hoy nai. Payment failed hoise kintu taka ferot ashe nai.,REFUND,RESOLVED,2026-09-22 22:48:37.335678
CMP-11985,C2004,TX26940,"My account is blocked after repeated transaction attempts, please unblock immediately.",ACCOUNT_ISSUE,INVESTIGATING,2026-09-23 07:59:18.335678
CMP-11986,C191,,"Shop owner said money didn't arrive, but SMS shows 1374 deducted.",TRANSACTION_DISPUTE,INVESTIGATING,2026-09-25 04:12:49.335678
CMP-11987,C157,TX33524,"I scanned QR at merchant M190 and 194 taka was cut, but POS machine showed failed.",TRANSACTION_DISPUTE,NEW,2026-09-21 12:05:33.335678
CMP-11988,C1456,TX27852,"I scanned QR at merchant M26 and 5328 taka was cut, but POS machine showed failed.",TRANSACTION_DISPUTE,INVESTIGATING,2026-10-01 01:10:03.335678
CMP-11989,C871,TX22976,"I scanned QR at merchant M156 and 109 taka was cut, but POS machine showed failed.",TRANSACTION_DISPUTE,INVESTIGATING,2026-09-28 12:45:58.335678
CMP-11990,C321,TX22113,Amar 186 taka refund hoy nai. Payment failed hoise kintu taka ferot ashe nai.,REFUND,RESOLVED,2026-09-29 21:14:56.335678
CMP-11991,C1011,TX32877,System gave unknown error during payment of 454 taka.,FAILED_PAYMENT,NEW,2026-10-03 04:10:52.335678
CMP-11992,C1900,TX33208,"Suspicious transaction alert triggered on my account, need urgent review.",ACCOUNT_ISSUE,INVESTIGATING,2026-09-26 03:58:43.335678
CMP-11993,C273,TX32927,Connection lost during payment of 45 tk to merchant M66.,FAILED_PAYMENT,RESOLVED,2026-09-24 17:44:37.335678
CMP-11994,C2082,TX25539,"Customer care promised reversal for 510 tk within 24 hours, still no refund.",REFUND,NEW,2026-09-21 01:32:46.335678
CMP-11995,C690,,"Tried to pay 5452 taka, said balance low, but I think I have enough funds.",ACCOUNT_ISSUE,INVESTIGATING,2026-10-03 12:20:09.335678
CMP-11996,C115,,"Customer care promised reversal for 49 tk within 24 hours, still no refund.",REFUND,NEW,2026-09-20 14:28:21.335678
CMP-11997,C754,TX26471,"Failed transaction of 91 tk on 21:15, reversal missing from my statement.",REFUND,INVESTIGATING,2026-09-23 21:34:27.335678
CMP-11998,C1709,TX20578,App shows pending for 8120 BDT even though merchant got confirmation SMS.,TRANSACTION_DISPUTE,RESOLVED,2026-09-25 08:46:22.335678
CMP-11999,C1941,,"Customer care promised reversal for 11977 tk within 24 hours, still no refund.",REFUND,RESOLVED,2026-09-28 09:26:39.335678
CMP-12000,C1638,TX20997,Dui bar taka keteche! Paid once but charged twice 5486 tk at merchant M164.,DUPLICATE_PAYMENT,NEW,2026-10-01 19:33:16.335678
CMP-12001,C477,TX26791,App shows pending for 4831 BDT even though merchant got confirmation SMS.,TRANSACTION_DISPUTE,RESOLVED,2026-10-01 12:52:29.335678
CMP-12002,C2091,TX21257,"Status sync issue: money deducted, merchant received, app showing waiting for confirmation.",TRANSACTION_DISPUTE,INVESTIGATING,2026-10-02 16:26:00.335678
CMP-12003,C1748,TX23221,"Status sync issue: money deducted, merchant received, app showing waiting for confirmation.",TRANSACTION_DISPUTE,NEW,2026-09-29 10:51:07.335678
CMP-12004,C2381,TX27299,"Internet connection dropped during PIN entry, don't know if money sent.",FAILED_PAYMENT,NEW,2026-09-29 02:01:51.335678
CMP-12005,C147,TX26785,"Customer care promised reversal for 8163 tk within 24 hours, still no refund.",REFUND,NEW,2026-09-24 11:39:45.335678
CMP-12006,C460,TX34162,"Shop owner said money didn't arrive, but SMS shows 5189 deducted.",TRANSACTION_DISPUTE,INVESTIGATING,2026-10-02 19:01:13.335678
CMP-12007,C1135,TX20989,Duplicate charge: two debits of 1000 tk within seconds for the same purchase.,DUPLICATE_PAYMENT,RESOLVED,2026-09-29 06:16:20.335678
CMP-12008,C467,TX22153,System gave unknown error during payment of 12920 taka.,FAILED_PAYMENT,NEW,2026-10-01 10:17:17.335678
CMP-12009,C832,TX20566,"Paid 4915 taka at merchant around 22:56, merchant claims no payment received.",TRANSACTION_DISPUTE,NEW,2026-10-04 00:33:16.335678
CMP-12010,C410,TX26597,"Customer care promised reversal for 904 tk within 24 hours, still no refund.",REFUND,INVESTIGATING,2026-10-03 14:04:20.335678
CMP-12011,C1373,,Taka kete niyeche kintu dokandari pay ni. Amount was 1021 tk at merchant M12.,TRANSACTION_DISPUTE,NEW,2026-09-21 09:51:01.335678
CMP-12012,C619,,"Transaction crashed with unknown server error, please investigate.",FAILED_PAYMENT,INVESTIGATING,2026-09-30 08:14:16.335678
CMP-12013,C1165,TX21408,"I only made one payment of 4620 taka, but money was deducted TWICE from my account!",DUPLICATE_PAYMENT,NEW,2026-10-02 22:21:32.335678
CMP-12014,C1403,,Dui bar taka keteche! Paid once but charged twice 472 tk at merchant M34.,DUPLICATE_PAYMENT,RESOLVED,2026-09-25 08:03:26.335678
CMP-12015,C1021,TX22508,Amar 3120 taka refund hoy nai. Payment failed hoise kintu taka ferot ashe nai.,REFUND,INVESTIGATING,2026-09-24 09:11:44.335678
CMP-12016,C2061,,"Tried to pay 1356 taka, said balance low, but I think I have enough funds.",ACCOUNT_ISSUE,NEW,2026-09-23 14:51:41.335678
CMP-12017,C1721,,"Tried to pay 1584 taka, said balance low, but I think I have enough funds.",ACCOUNT_ISSUE,RESOLVED,2026-09-26 21:02:36.335678
CMP-12018,C1293,TX22909,Connection lost during payment of 10924 tk to merchant M188.,FAILED_PAYMENT,NEW,2026-09-24 22:29:39.335678
CMP-12019,C1575,TX20589,"Failed transaction of 47 tk on 13:43, reversal missing from my statement.",REFUND,INVESTIGATING,2026-09-25 15:16:50.335678
CMP-12020,C452,,"Failed transaction of 459 tk on 12:03, reversal missing from my statement.",REFUND,NEW,2026-10-03 12:26:00.335678
CMP-12021,C734,,"Payment failed with weird error code ERR_999, what happened to my 1489 taka?",FAILED_PAYMENT,RESOLVED,2026-09-30 11:46:39.335678
CMP-12022,C1940,TX21167,Double deduction happened for my merchant bill payment of 54 taka.,DUPLICATE_PAYMENT,RESOLVED,2026-09-29 21:55:45.335678
CMP-12023,C1831,TX25207,Amar 49 taka refund hoy nai. Payment failed hoise kintu taka ferot ashe nai.,REFUND,INVESTIGATING,2026-09-22 02:19:54.335678
CMP-12024,C231,TX27832,"Customer care promised reversal for 2790 tk within 24 hours, still no refund.",REFUND,RESOLVED,2026-10-03 11:36:54.335678
CMP-12025,C1836,,Got security warning after attempting multiple payments of 100000 taka.,ACCOUNT_ISSUE,RESOLVED,2026-09-30 15:42:55.335678
CMP-12026,C249,,"I only made one payment of 2980 taka, but money was deducted TWICE from my account!",DUPLICATE_PAYMENT,RESOLVED,2026-09-30 21:07:20.335678
CMP-12027,C1248,,"Tried to pay 53 taka, said balance low, but I think I have enough funds.",ACCOUNT_ISSUE,INVESTIGATING,2026-09-22 12:15:05.335678
CMP-12028,C808,TX21941,"I only made one payment of 5307 taka, but money was deducted TWICE from my account!",DUPLICATE_PAYMENT,NEW,2026-09-23 06:33:58.335678
CMP-12029,C1467,TX24805,"Merchant says payment succeeded and gave goods, but my app shows status 'PENDING'.",TRANSACTION_DISPUTE,NEW,2026-09-20 06:42:42.335678
CMP-12030,C153,TX21848,"Paid 2416 taka at merchant around 08:47, merchant claims no payment received.",TRANSACTION_DISPUTE,RESOLVED,2026-09-26 09:38:26.335678
CMP-12031,C1358,TX34297,"Paid 2476 taka at merchant around 06:15, merchant claims no payment received.",TRANSACTION_DISPUTE,RESOLVED,2026-09-29 08:01:57.335678
CMP-12032,C1437,TX21971,Taka kete niyeche kintu dokandari pay ni. Amount was 203 tk at merchant M44.,TRANSACTION_DISPUTE,RESOLVED,2026-09-23 02:11:03.335678
CMP-12033,C2107,,"Merchant says payment succeeded and gave goods, but my app shows status 'PENDING'.",TRANSACTION_DISPUTE,NEW,2026-09-26 19:44:52.335678
CMP-12034,C1523,,"Internet connection dropped during PIN entry, don't know if money sent.",FAILED_PAYMENT,NEW,2026-09-21 18:35:48.335678
CMP-12035,C1068,TX32420,Why is my transaction still showing pending after 3 hours? Amount 8764 taka.,TRANSACTION_DISPUTE,INVESTIGATING,2026-10-02 14:03:59.335678
CMP-12036,C1808,TX27645,App timed out showing network error while paying 192 taka.,FAILED_PAYMENT,RESOLVED,2026-09-21 09:28:56.335678
CMP-12037,C1094,TX21495,"I only made one payment of 2832 taka, but money was deducted TWICE from my account!",DUPLICATE_PAYMENT,NEW,2026-09-26 10:49:41.335678
CMP-12038,C2085,TX29272,Why is my transaction still showing pending after 3 hours? Amount 2565 taka.,TRANSACTION_DISPUTE,RESOLVED,2026-10-01 20:46:15.335678
CMP-12039,C486,,App timed out showing network error while paying 5175 taka.,FAILED_PAYMENT,INVESTIGATING,2026-09-25 16:24:41.335678
CMP-12040,C1839,TX28205,"I scanned QR at merchant M106 and 509 taka was cut, but POS machine showed failed.",TRANSACTION_DISPUTE,INVESTIGATING,2026-09-26 16:51:34.335678
CMP-12041,C992,TX32939,Money has been deducted from my account (12733 BDT) but the shopkeeper didn't receive it.,TRANSACTION_DISPUTE,NEW,2026-09-23 00:09:42.335678
CMP-12042,C1114,TX24205,"My account is blocked after repeated transaction attempts, please unblock immediately.",ACCOUNT_ISSUE,RESOLVED,2026-09-23 20:33:45.335678
CMP-12043,C2068,TX26318,"Failed transaction of 1475 tk on 23:13, reversal missing from my statement.",REFUND,NEW,2026-09-19 23:47:09.335678
CMP-12044,C2046,TX22061,"Failed transaction of 7547 tk on 13:29, reversal missing from my statement.",REFUND,NEW,2026-09-22 14:38:11.335678
CMP-12045,C1349,TX30619,"Tried to pay 519 taka, said balance low, but I think I have enough funds.",ACCOUNT_ISSUE,RESOLVED,2026-09-21 03:02:48.335678
CMP-12046,C497,TX32318,Why did my payment get cancelled for balance check error?,ACCOUNT_ISSUE,NEW,2026-09-24 09:39:40.335678
CMP-12047,C306,,"Payment of 3268 failed yesterday, message said reversal in 2 hours but still not refunded.",REFUND,INVESTIGATING,2026-09-27 22:42:17.335678
CMP-12048,C1574,TX33945,"Transaction failed at payment gateway, money deducted from wallet, no reversal received yet.",REFUND,NEW,2026-10-01 11:33:47.335678
CMP-12049,C1501,,"Paid 45 taka at merchant around 19:20, merchant claims no payment received.",TRANSACTION_DISPUTE,NEW,2026-09-23 21:01:56.335678
CMP-12050,C1183,TX22598,"Failed transaction of 943 tk on 05:17, reversal missing from my statement.",REFUND,NEW,2026-09-29 06:31:47.335678
CMP-12051,C2183,,"Tried to pay 2946 taka, said balance low, but I think I have enough funds.",ACCOUNT_ISSUE,NEW,2026-09-29 00:15:03.335678
CMP-12052,C2452,TX21277,"Paid 5233 taka at merchant around 21:41, merchant claims no payment received.",TRANSACTION_DISPUTE,INVESTIGATING,2026-09-22 22:36:38.335678
CMP-12053,C1311,TX24586,Duplicate charge: two debits of 1422 tk within seconds for the same purchase.,DUPLICATE_PAYMENT,NEW,2026-09-25 16:37:46.335678
CMP-12054,C1771,,"Suspicious transaction alert triggered on my account, need urgent review.",ACCOUNT_ISSUE,RESOLVED,2026-09-21 11:36:00.335678
CMP-12055,C1390,TX34534,"Tried to pay 8251 taka, said balance low, but I think I have enough funds.",ACCOUNT_ISSUE,NEW,2026-09-24 14:55:36.335678
CMP-12056,C2478,TX21816,"Transaction was rejected stating insufficient balance, please check my account statement.",ACCOUNT_ISSUE,INVESTIGATING,2026-10-03 02:19:13.335678
CMP-12057,C2280,,"Customer care promised reversal for 47 tk within 24 hours, still no refund.",REFUND,INVESTIGATING,2026-09-30 12:59:26.335678
CMP-12058,C712,,Why is my transaction still showing pending after 3 hours? Amount 1505 taka.,TRANSACTION_DISPUTE,INVESTIGATING,2026-10-02 06:06:48.335678
CMP-12059,C2166,,"Transaction crashed with unknown server error, please investigate.",FAILED_PAYMENT,NEW,2026-09-27 06:03:10.335678
CMP-12060,C1959,TX20558,"I scanned QR at merchant M10 and 12014 taka was cut, but POS machine showed failed.",TRANSACTION_DISPUTE,NEW,2026-09-20 11:33:13.335678
CMP-12061,C295,,"Internet connection dropped during PIN entry, don't know if money sent.",FAILED_PAYMENT,RESOLVED,2026-09-22 07:08:58.335678
CMP-12062,C458,,"Payment of 4921 failed yesterday, message said reversal in 2 hours but still not refunded.",REFUND,NEW,2026-09-29 05:30:33.335678
CMP-12063,C1533,TX33378,"Paid 459 taka at merchant around 16:38, merchant claims no payment received.",TRANSACTION_DISPUTE,INVESTIGATING,2026-09-27 18:16:27.335678
CMP-12064,C720,,"I only made one payment of 2326 taka, but money was deducted TWICE from my account!",DUPLICATE_PAYMENT,INVESTIGATING,2026-09-25 07:16:56.335678
CMP-12065,C1525,,"Customer care promised reversal for 5384 tk within 24 hours, still no refund.",REFUND,RESOLVED,2026-10-03 18:15:13.335678
CMP-12066,C2149,TX20792,Money has been deducted from my account (5164 BDT) but the shopkeeper didn't receive it.,TRANSACTION_DISPUTE,NEW,2026-10-02 18:02:05.335678
CMP-12067,C999,TX33490,Money has been deducted from my account (2505 BDT) but the shopkeeper didn't receive it.,TRANSACTION_DISPUTE,INVESTIGATING,2026-10-02 08:19:45.335678
CMP-12068,C797,TX34483,"Internet connection dropped during PIN entry, don't know if money sent.",FAILED_PAYMENT,NEW,2026-09-28 11:18:13.335678
CMP-12069,C272,,Double deduction happened for my merchant bill payment of 46 taka.,DUPLICATE_PAYMENT,RESOLVED,2026-09-20 17:51:15.335678
CMP-12070,C1911,TX20861,"I only made one payment of 1616 taka, but money was deducted TWICE from my account!",DUPLICATE_PAYMENT,RESOLVED,2026-09-24 19:25:54.335678
CMP-12071,C2154,TX24125,System gave unknown error during payment of 2310 taka.,FAILED_PAYMENT,NEW,2026-09-27 01:22:34.335678
CMP-12072,C2316,TX27965,"Status sync issue: money deducted, merchant received, app showing waiting for confirmation.",TRANSACTION_DISPUTE,NEW,2026-09-21 09:41:59.335678
CMP-12073,C1419,TX33662,Got security warning after attempting multiple payments of 85000 taka.,ACCOUNT_ISSUE,RESOLVED,2026-09-28 11:37:38.335678
CMP-12074,C2408,TX26618,"Paid 2891 taka at merchant around 20:13, merchant claims no payment received.",TRANSACTION_DISPUTE,INVESTIGATING,2026-09-29 21:59:32.335678
CMP-12075,C1574,TX28950,Double deduction happened for my merchant bill payment of 2803 taka.,DUPLICATE_PAYMENT,INVESTIGATING,2026-09-28 08:38:43.335678
CMP-12076,C1894,TX20186,"Internet connection dropped during PIN entry, don't know if money sent.",FAILED_PAYMENT,INVESTIGATING,2026-09-28 18:09:59.335678
CMP-12077,C2477,,App timed out showing network error while paying 483 taka.,FAILED_PAYMENT,RESOLVED,2026-09-27 15:27:01.335678
CMP-12078,C167,TX22652,Taka kete niyeche kintu dokandari pay ni. Amount was 1495 tk at merchant M43.,TRANSACTION_DISPUTE,NEW,2026-09-30 20:29:29.335678
CMP-12079,C1123,,Dui bar taka keteche! Paid once but charged twice 5353 tk at merchant M156.,DUPLICATE_PAYMENT,RESOLVED,2026-09-21 06:40:58.335678
CMP-12080,C2453,TX33104,Dui bar taka keteche! Paid once but charged twice 469 tk at merchant M145.,DUPLICATE_PAYMENT,INVESTIGATING,2026-09-26 08:16:03.335678
CMP-12081,C1959,TX26690,"I scanned QR at merchant M120 and 1440 taka was cut, but POS machine showed failed.",TRANSACTION_DISPUTE,NEW,2026-09-21 15:09:49.335678
CMP-12082,C1578,TX30962,System gave unknown error during payment of 2747 taka.,FAILED_PAYMENT,NEW,2026-10-02 01:37:12.335678
CMP-12083,C2317,TX20724,"My account is blocked after repeated transaction attempts, please unblock immediately.",ACCOUNT_ISSUE,NEW,2026-09-27 01:06:10.335678
CMP-12084,C518,TX21947,"Paid 50 taka at merchant around 15:06, merchant claims no payment received.",TRANSACTION_DISPUTE,RESOLVED,2026-09-30 15:43:49.335678
CMP-12085,C1224,TX28525,App shows pending for 2355 BDT even though merchant got confirmation SMS.,TRANSACTION_DISPUTE,RESOLVED,2026-09-20 03:39:15.335678
CMP-12086,C992,TX22414,App timed out showing network error while paying 45 taka.,FAILED_PAYMENT,NEW,2026-10-02 15:24:10.335678
CMP-12087,C2168,TX20396,Dui bar taka keteche! Paid once but charged twice 13015 tk at merchant M111.,DUPLICATE_PAYMENT,INVESTIGATING,2026-09-25 21:36:15.335678
CMP-12088,C928,TX32011,Amar 51 taka refund hoy nai. Payment failed hoise kintu taka ferot ashe nai.,REFUND,RESOLVED,2026-09-25 09:39:47.335678
CMP-12089,C272,TX29110,Money has been deducted from my account (100 BDT) but the shopkeeper didn't receive it.,TRANSACTION_DISPUTE,INVESTIGATING,2026-10-01 14:35:51.335678
CMP-12090,C242,,"Transaction failed at payment gateway, money deducted from wallet, no reversal received yet.",REFUND,RESOLVED,2026-09-21 05:47:30.335678
CMP-12091,C1658,TX28854,"Transaction failed at payment gateway, money deducted from wallet, no reversal received yet.",REFUND,RESOLVED,2026-10-02 04:27:33.335678
CMP-12092,C1785,TX34156,Connection lost during payment of 54 tk to merchant M16.,FAILED_PAYMENT,INVESTIGATING,2026-09-27 09:46:27.335678
CMP-12093,C810,TX27674,"Tried to pay 3095 taka, said balance low, but I think I have enough funds.",ACCOUNT_ISSUE,NEW,2026-10-01 11:28:16.335678
CMP-12094,C1152,TX24529,"Transaction failed at payment gateway, money deducted from wallet, no reversal received yet.",REFUND,RESOLVED,2026-09-21 06:15:21.335678
CMP-12095,C1767,TX25748,Why did my payment get cancelled for balance check error?,ACCOUNT_ISSUE,RESOLVED,2026-10-03 06:22:35.335678
CMP-12096,C1806,TX20252,"Paid 4634 taka at merchant around 03:36, merchant claims no payment received.",TRANSACTION_DISPUTE,NEW,2026-09-26 04:34:39.335678
CMP-12097,C1156,,"I scanned QR at merchant M156 and 4806 taka was cut, but POS machine showed failed.",TRANSACTION_DISPUTE,NEW,2026-09-30 07:30:15.335678
CMP-12098,C619,,Amar 1015 taka refund hoy nai. Payment failed hoise kintu taka ferot ashe nai.,REFUND,NEW,2026-09-22 08:39:50.335678
CMP-12099,C652,TX22467,Double deduction happened for my merchant bill payment of 2732 taka.,DUPLICATE_PAYMENT,RESOLVED,2026-09-22 23:21:06.335678
CMP-12100,C184,TX25243,"Transaction crashed with unknown server error, please investigate.",FAILED_PAYMENT,INVESTIGATING,2026-09-25 05:58:09.335678
CMP-12101,C1812,TX26247,App timed out showing network error while paying 2583 taka.,FAILED_PAYMENT,RESOLVED,2026-10-02 15:40:51.335678
CMP-12102,C2463,,"Status sync issue: money deducted, merchant received, app showing waiting for confirmation.",TRANSACTION_DISPUTE,NEW,2026-09-21 11:12:47.335678
CMP-12103,C710,TX30294,"Transaction crashed with unknown server error, please investigate.",FAILED_PAYMENT,INVESTIGATING,2026-09-20 11:25:25.335678
CMP-12104,C1660,TX33665,Taka kete niyeche kintu dokandari pay ni. Amount was 8332 tk at merchant M108.,TRANSACTION_DISPUTE,NEW,2026-09-23 00:32:00.335678
CMP-12105,C1299,TX20540,Why is my transaction still showing pending after 3 hours? Amount 529 taka.,TRANSACTION_DISPUTE,NEW,2026-09-29 01:04:43.335678
CMP-12106,C1266,TX31322,"I scanned QR at merchant M151 and 106 taka was cut, but POS machine showed failed.",TRANSACTION_DISPUTE,RESOLVED,2026-09-24 07:52:59.335678
CMP-12107,C302,TX30867,"Status sync issue: money deducted, merchant received, app showing waiting for confirmation.",TRANSACTION_DISPUTE,INVESTIGATING,2026-09-28 16:09:48.335678
CMP-12108,C763,TX34436,App timed out showing network error while paying 101 taka.,FAILED_PAYMENT,INVESTIGATING,2026-09-27 21:51:57.335678
CMP-12109,C246,TX28656,System gave unknown error during payment of 1442 taka.,FAILED_PAYMENT,INVESTIGATING,2026-09-28 18:10:58.335678
CMP-12110,C759,TX20473,"Paid 511 taka at merchant around 16:16, merchant claims no payment received.",TRANSACTION_DISPUTE,RESOLVED,2026-09-24 17:09:06.335678
CMP-12111,C1619,TX31495,Why is my transaction still showing pending after 3 hours? Amount 105 taka.,TRANSACTION_DISPUTE,RESOLVED,2026-09-24 02:46:11.335678
CMP-12112,C1394,TX24924,"Customer care promised reversal for 12849 tk within 24 hours, still no refund.",REFUND,NEW,2026-09-26 09:24:35.335678
CMP-12113,C1040,TX23525,"Merchant says payment succeeded and gave goods, but my app shows status 'PENDING'.",TRANSACTION_DISPUTE,NEW,2026-09-22 00:31:49.335678
CMP-12114,C1868,,App shows pending for 181 BDT even though merchant got confirmation SMS.,TRANSACTION_DISPUTE,RESOLVED,2026-10-03 02:59:39.335678
CMP-12115,C2150,TX28123,Money has been deducted from my account (46 BDT) but the shopkeeper didn't receive it.,TRANSACTION_DISPUTE,INVESTIGATING,2026-09-23 22:29:21.335678
CMP-12116,C1262,TX24157,"Shop owner said money didn't arrive, but SMS shows 11456 deducted.",TRANSACTION_DISPUTE,RESOLVED,2026-09-21 11:13:05.335678
CMP-12117,C1073,TX26204,Why is my transaction still showing pending after 3 hours? Amount 1611 taka.,TRANSACTION_DISPUTE,NEW,2026-10-02 11:43:49.335678
CMP-12118,C1219,TX33494,Amar 2924 taka refund hoy nai. Payment failed hoise kintu taka ferot ashe nai.,REFUND,RESOLVED,2026-09-28 15:57:43.335678
CMP-12119,C2213,,Why did my payment get cancelled for balance check error?,ACCOUNT_ISSUE,INVESTIGATING,2026-09-24 10:15:55.335678
CMP-12120,C558,,"Network timeout during processing, app closed abruptly.",FAILED_PAYMENT,INVESTIGATING,2026-09-30 08:22:13.335678
CMP-12121,C1172,TX23579,"Customer care promised reversal for 8544 tk within 24 hours, still no refund.",REFUND,INVESTIGATING,2026-09-23 20:59:26.335678
CMP-12122,C864,TX22658,"Payment of 45 failed yesterday, message said reversal in 2 hours but still not refunded.",REFUND,NEW,2026-09-30 11:17:53.335678
CMP-12123,C1226,TX31435,Why is my transaction still showing pending after 3 hours? Amount 189 taka.,TRANSACTION_DISPUTE,NEW,2026-09-27 02:32:55.335678
CMP-12124,C1474,,Got security warning after attempting multiple payments of 60000 taka.,ACCOUNT_ISSUE,RESOLVED,2026-09-30 04:52:29.335678
CMP-12125,C1178,TX28982,"I scanned QR at merchant M157 and 10866 taka was cut, but POS machine showed failed.",TRANSACTION_DISPUTE,INVESTIGATING,2026-09-26 19:13:25.335678
CMP-12126,C288,,Amar 2988 taka refund hoy nai. Payment failed hoise kintu taka ferot ashe nai.,REFUND,NEW,2026-10-03 17:29:24.335678
CMP-12127,C1374,TX26134,"Suspicious transaction alert triggered on my account, need urgent review.",ACCOUNT_ISSUE,RESOLVED,2026-09-29 06:16:10.335678
CMP-12128,C705,TX29851,Amar 106 taka refund hoy nai. Payment failed hoise kintu taka ferot ashe nai.,REFUND,INVESTIGATING,2026-09-25 11:59:48.335678
CMP-12129,C709,,"Paid 7644 taka at merchant around 18:24, merchant claims no payment received.",TRANSACTION_DISPUTE,RESOLVED,2026-09-23 18:44:18.335678
CMP-12130,C2055,TX20233,"Payment failed with weird error code ERR_999, what happened to my 450 taka?",FAILED_PAYMENT,NEW,2026-09-25 16:32:58.335678
CMP-12131,C1725,TX20482,"I scanned QR at merchant M103 and 4510 taka was cut, but POS machine showed failed.",TRANSACTION_DISPUTE,NEW,2026-09-24 01:21:34.335678
CMP-12132,C195,TX27516,App timed out showing network error while paying 3244 taka.,FAILED_PAYMENT,RESOLVED,2026-09-21 12:26:23.335678
CMP-12133,C2380,TX23738,Double deduction happened for my merchant bill payment of 951 taka.,DUPLICATE_PAYMENT,INVESTIGATING,2026-09-21 01:16:26.335678
CMP-12134,C425,,"Paid 1533 taka at merchant around 13:08, merchant claims no payment received.",TRANSACTION_DISPUTE,NEW,2026-09-20 15:08:55.335678
CMP-12135,C539,,Amar 1644 taka refund hoy nai. Payment failed hoise kintu taka ferot ashe nai.,REFUND,RESOLVED,2026-09-25 04:11:20.335678
CMP-12136,C2358,TX25065,Taka kete niyeche kintu dokandari pay ni. Amount was 2617 tk at merchant M11.,TRANSACTION_DISPUTE,INVESTIGATING,2026-09-28 12:50:20.335678
CMP-12137,C1655,TX22945,System gave unknown error during payment of 1408 taka.,FAILED_PAYMENT,RESOLVED,2026-09-24 20:28:35.335678
CMP-12138,C561,TX29422,App shows pending for 90 BDT even though merchant got confirmation SMS.,TRANSACTION_DISPUTE,RESOLVED,2026-10-02 23:58:48.335678
CMP-12139,C574,,"Payment of 2632 failed yesterday, message said reversal in 2 hours but still not refunded.",REFUND,RESOLVED,2026-09-20 06:12:35.335678
CMP-12140,C1669,TX31558,Dui bar taka keteche! Paid once but charged twice 98 tk at merchant M150.,DUPLICATE_PAYMENT,INVESTIGATING,2026-09-23 18:57:57.335678
CMP-12141,C102,TX28844,"Merchant says payment succeeded and gave goods, but my app shows status 'PENDING'.",TRANSACTION_DISPUTE,INVESTIGATING,2026-10-02 18:04:26.335678
CMP-12142,C131,TX22847,Taka kete niyeche kintu dokandari pay ni. Amount was 2334 tk at merchant M130.,TRANSACTION_DISPUTE,INVESTIGATING,2026-09-22 17:05:51.335678
CMP-12143,C465,,"I scanned QR at merchant M50 and 2341 taka was cut, but POS machine showed failed.",TRANSACTION_DISPUTE,RESOLVED,2026-09-25 07:38:38.335678
CMP-12144,C911,,System gave unknown error during payment of 1020 taka.,FAILED_PAYMENT,RESOLVED,2026-09-22 08:11:25.335678
CMP-12145,C1120,TX32727,"Status sync issue: money deducted, merchant received, app showing waiting for confirmation.",TRANSACTION_DISPUTE,NEW,2026-09-21 18:56:50.335678
CMP-12146,C1190,TX22537,"Merchant says payment succeeded and gave goods, but my app shows status 'PENDING'.",TRANSACTION_DISPUTE,NEW,2026-09-24 01:48:47.335678
CMP-12147,C2302,,Why did my payment get cancelled for balance check error?,ACCOUNT_ISSUE,NEW,2026-09-25 21:30:44.335678
CMP-12148,C684,TX31685,"Internet connection dropped during PIN entry, don't know if money sent.",FAILED_PAYMENT,NEW,2026-09-20 08:27:37.335678
CMP-12149,C922,TX27186,System gave unknown error during payment of 1092 taka.,FAILED_PAYMENT,RESOLVED,2026-10-03 13:58:42.335678
CMP-12150,C2003,,"Transaction was rejected stating insufficient balance, please check my account statement.",ACCOUNT_ISSUE,INVESTIGATING,2026-09-24 05:19:07.335678
CMP-12151,C1223,,"I scanned QR at merchant M125 and 47 taka was cut, but POS machine showed failed.",TRANSACTION_DISPUTE,NEW,2026-09-23 13:41:13.335678
CMP-12152,C1946,TX21159,App timed out showing network error while paying 191 taka.,FAILED_PAYMENT,RESOLVED,2026-10-03 19:11:16.335678
CMP-12153,C377,,"Customer care promised reversal for 2311 tk within 24 hours, still no refund.",REFUND,INVESTIGATING,2026-09-27 12:11:31.335678
CMP-12154,C986,TX30110,"Transaction crashed with unknown server error, please investigate.",FAILED_PAYMENT,NEW,2026-09-21 14:04:53.335678
CMP-12155,C154,TX29042,"I scanned QR at merchant M104 and 1068 taka was cut, but POS machine showed failed.",TRANSACTION_DISPUTE,NEW,2026-09-25 08:59:46.335678
CMP-12156,C2154,TX22293,App timed out showing network error while paying 2586 taka.,FAILED_PAYMENT,NEW,2026-09-25 05:35:53.335678
CMP-12157,C1689,TX31850,"Shop owner said money didn't arrive, but SMS shows 7330 deducted.",TRANSACTION_DISPUTE,RESOLVED,2026-10-03 15:00:05.335678
CMP-12158,C2014,,Got security warning after attempting multiple payments of 45000 taka.,ACCOUNT_ISSUE,RESOLVED,2026-09-26 16:22:38.335678
CMP-12159,C2095,,Got security warning after attempting multiple payments of 60000 taka.,ACCOUNT_ISSUE,RESOLVED,2026-09-29 00:16:01.335678
CMP-12160,C2124,TX21767,App timed out showing network error while paying 2932 taka.,FAILED_PAYMENT,RESOLVED,2026-09-24 19:57:25.335678
CMP-12161,C1925,TX33781,"Status sync issue: money deducted, merchant received, app showing waiting for confirmation.",TRANSACTION_DISPUTE,RESOLVED,2026-09-27 15:58:00.335678
CMP-12162,C1121,TX28289,"Payment of 1463 failed yesterday, message said reversal in 2 hours but still not refunded.",REFUND,RESOLVED,2026-10-02 13:32:29.335678
CMP-12163,C2280,,"Network timeout during processing, app closed abruptly.",FAILED_PAYMENT,NEW,2026-09-22 00:46:25.335678
CMP-12164,C2224,TX23746,Why is my transaction still showing pending after 3 hours? Amount 8650 taka.,TRANSACTION_DISPUTE,NEW,2026-09-29 09:42:14.335678
CMP-12165,C1744,TX32937,"Transaction failed at payment gateway, money deducted from wallet, no reversal received yet.",REFUND,RESOLVED,2026-10-03 07:08:16.335678
CMP-12166,C841,TX22979,"Shop owner said money didn't arrive, but SMS shows 3036 deducted.",TRANSACTION_DISPUTE,INVESTIGATING,2026-09-28 11:30:39.335678
CMP-12167,C957,TX27339,"Network timeout during processing, app closed abruptly.",FAILED_PAYMENT,RESOLVED,2026-09-23 18:20:18.335678
CMP-12168,C1437,TX32966,"Transaction failed at payment gateway, money deducted from wallet, no reversal received yet.",REFUND,INVESTIGATING,2026-09-20 07:42:38.335678
CMP-12169,C523,TX30771,"Merchant says payment succeeded and gave goods, but my app shows status 'PENDING'.",TRANSACTION_DISPUTE,RESOLVED,2026-09-29 06:11:40.335678
CMP-12170,C2018,TX22642,Amar 1070 taka refund hoy nai. Payment failed hoise kintu taka ferot ashe nai.,REFUND,INVESTIGATING,2026-10-02 08:16:50.335678
CMP-12171,C545,TX24058,"Network timeout during processing, app closed abruptly.",FAILED_PAYMENT,INVESTIGATING,2026-10-03 20:57:27.335678
CMP-12172,C323,TX20434,Duplicate charge: two debits of 13042 tk within seconds for the same purchase.,DUPLICATE_PAYMENT,NEW,2026-10-01 10:10:45.335678
CMP-12173,C694,TX29873,"Failed transaction of 991 tk on 19:16, reversal missing from my statement.",REFUND,RESOLVED,2026-09-23 19:43:12.335678
CMP-12174,C811,,System gave unknown error during payment of 2302 taka.,FAILED_PAYMENT,INVESTIGATING,2026-09-28 21:54:37.335678
CMP-12175,C1412,TX28718,"Transaction was rejected stating insufficient balance, please check my account statement.",ACCOUNT_ISSUE,RESOLVED,2026-09-22 11:42:21.335678
CMP-12176,C786,,Why is my transaction still showing pending after 3 hours? Amount 216 taka.,TRANSACTION_DISPUTE,INVESTIGATING,2026-09-30 11:20:03.335678
CMP-12177,C2058,TX31375,Taka kete niyeche kintu dokandari pay ni. Amount was 100 tk at merchant M76.,TRANSACTION_DISPUTE,INVESTIGATING,2026-09-22 18:03:23.335678
CMP-12178,C728,TX23198,Why did my payment get cancelled for balance check error?,ACCOUNT_ISSUE,NEW,2026-09-22 01:50:03.335678
CMP-12179,C130,TX33201,Dui bar taka keteche! Paid once but charged twice 12803 tk at merchant M143.,DUPLICATE_PAYMENT,NEW,2026-09-23 09:27:17.335678
CMP-12180,C823,TX32441,"I scanned QR at merchant M85 and 11829 taka was cut, but POS machine showed failed.",TRANSACTION_DISPUTE,INVESTIGATING,2026-09-30 22:06:49.335678
CMP-12181,C2012,TX26909,"Internet connection dropped during PIN entry, don't know if money sent.",FAILED_PAYMENT,RESOLVED,2026-09-24 13:57:20.335678
CMP-12182,C2086,,Got security warning after attempting multiple payments of 60000 taka.,ACCOUNT_ISSUE,RESOLVED,2026-09-27 20:34:48.335678
CMP-12183,C1198,,"Status sync issue: money deducted, merchant received, app showing waiting for confirmation.",TRANSACTION_DISPUTE,NEW,2026-10-02 15:36:46.335678
CMP-12184,C659,TX30713,System gave unknown error during payment of 49 taka.,FAILED_PAYMENT,NEW,2026-09-26 18:09:35.335678
CMP-12185,C1733,TX28344,"Transaction was rejected stating insufficient balance, please check my account statement.",ACCOUNT_ISSUE,RESOLVED,2026-09-25 18:39:21.335678
CMP-12186,C1113,TX21038,"Suspicious transaction alert triggered on my account, need urgent review.",ACCOUNT_ISSUE,INVESTIGATING,2026-09-29 21:55:57.335678
CMP-12187,C2213,,"Payment failed with weird error code ERR_999, what happened to my 2509 taka?",FAILED_PAYMENT,NEW,2026-09-25 05:20:03.335678
CMP-12188,C1693,TX34469,"Customer care promised reversal for 1061 tk within 24 hours, still no refund.",REFUND,RESOLVED,2026-09-22 20:46:20.335678
CMP-12189,C313,TX28217,"Internet connection dropped during PIN entry, don't know if money sent.",FAILED_PAYMENT,INVESTIGATING,2026-09-21 16:02:03.335678
CMP-12190,C922,TX34880,Dui bar taka keteche! Paid once but charged twice 2984 tk at merchant M49.,DUPLICATE_PAYMENT,RESOLVED,2026-09-29 20:12:54.335678
CMP-12191,C806,TX22556,Money has been deducted from my account (181 BDT) but the shopkeeper didn't receive it.,TRANSACTION_DISPUTE,INVESTIGATING,2026-09-26 23:45:22.335678
CMP-12192,C380,TX33395,Got security warning after attempting multiple payments of 60000 taka.,ACCOUNT_ISSUE,NEW,2026-09-27 16:20:25.335678
CMP-12193,C617,TX27457,Why is my transaction still showing pending after 3 hours? Amount 11556 taka.,TRANSACTION_DISPUTE,INVESTIGATING,2026-09-29 23:33:00.335678
CMP-12194,C1033,,Money has been deducted from my account (1622 BDT) but the shopkeeper didn't receive it.,TRANSACTION_DISPUTE,NEW,2026-09-24 15:47:10.335678
CMP-12195,C441,TX26417,"Transaction crashed with unknown server error, please investigate.",FAILED_PAYMENT,NEW,2026-09-25 16:04:12.335678
CMP-12196,C260,,"I only made one payment of 8421 taka, but money was deducted TWICE from my account!",DUPLICATE_PAYMENT,RESOLVED,2026-10-03 03:22:20.335678
CMP-12197,C1585,TX34167,"Transaction failed at payment gateway, money deducted from wallet, no reversal received yet.",REFUND,INVESTIGATING,2026-09-30 07:56:44.335678
CMP-12198,C1321,TX30431,Duplicate charge: two debits of 545 tk within seconds for the same purchase.,DUPLICATE_PAYMENT,NEW,2026-10-01 11:42:34.335678
CMP-12199,C799,,Dui bar taka keteche! Paid once but charged twice 1353 tk at merchant M81.,DUPLICATE_PAYMENT,NEW,2026-09-26 04:14:12.335678
CMP-12200,C1023,TX20593,"My account is blocked after repeated transaction attempts, please unblock immediately.",ACCOUNT_ISSUE,INVESTIGATING,2026-09-29 06:05:01.335678
CMP-12201,C575,TX23428,App timed out showing network error while paying 1056 taka.,FAILED_PAYMENT,INVESTIGATING,2026-09-25 07:52:57.335678
CMP-12202,C1157,,"Transaction was rejected stating insufficient balance, please check my account statement.",ACCOUNT_ISSUE,RESOLVED,2026-10-02 22:59:49.335678
CMP-12203,C857,,"Shop owner said money didn't arrive, but SMS shows 2604 deducted.",TRANSACTION_DISPUTE,NEW,2026-09-26 11:29:48.335678
CMP-12204,C2472,TX25383,App shows pending for 968 BDT even though merchant got confirmation SMS.,TRANSACTION_DISPUTE,INVESTIGATING,2026-09-28 18:27:03.335678
CMP-12205,C604,TX24892,Double deduction happened for my merchant bill payment of 2823 taka.,DUPLICATE_PAYMENT,INVESTIGATING,2026-09-22 02:25:00.335678
CMP-12206,C576,TX26441,Why is my transaction still showing pending after 3 hours? Amount 2978 taka.,TRANSACTION_DISPUTE,INVESTIGATING,2026-09-28 19:24:48.335678
CMP-12207,C608,TX20743,"Payment of 12942 failed yesterday, message said reversal in 2 hours but still not refunded.",REFUND,RESOLVED,2026-09-24 09:26:25.335678
CMP-12208,C314,TX20158,Double deduction happened for my merchant bill payment of 11603 taka.,DUPLICATE_PAYMENT,RESOLVED,2026-09-22 06:30:08.335678
CMP-12209,C175,TX20587,"Transaction crashed with unknown server error, please investigate.",FAILED_PAYMENT,INVESTIGATING,2026-09-21 00:48:43.335678
CMP-12210,C1179,TX28354,"Tried to pay 463 taka, said balance low, but I think I have enough funds.",ACCOUNT_ISSUE,INVESTIGATING,2026-09-26 10:51:57.335678
CMP-12211,C1706,,"Status sync issue: money deducted, merchant received, app showing waiting for confirmation.",TRANSACTION_DISPUTE,INVESTIGATING,2026-09-22 11:16:05.335678
CMP-12212,C549,TX30316,"Tried to pay 53 taka, said balance low, but I think I have enough funds.",ACCOUNT_ISSUE,RESOLVED,2026-09-27 22:24:56.335678
CMP-12213,C1581,,"Tried to pay 2893 taka, said balance low, but I think I have enough funds.",ACCOUNT_ISSUE,NEW,2026-09-20 07:30:21.335678
CMP-12214,C528,TX22028,"Network timeout during processing, app closed abruptly.",FAILED_PAYMENT,NEW,2026-09-29 02:36:39.335678
CMP-12215,C1847,TX23992,Why did my payment get cancelled for balance check error?,ACCOUNT_ISSUE,RESOLVED,2026-09-21 06:14:46.335678
CMP-12216,C2273,,"Internet connection dropped during PIN entry, don't know if money sent.",FAILED_PAYMENT,INVESTIGATING,2026-09-23 12:49:42.335678
CMP-12217,C627,TX20210,"Transaction failed at payment gateway, money deducted from wallet, no reversal received yet.",REFUND,RESOLVED,2026-10-03 12:50:33.335678
CMP-12218,C1695,,Taka kete niyeche kintu dokandari pay ni. Amount was 1050 tk at merchant M89.,TRANSACTION_DISPUTE,RESOLVED,2026-09-21 01:35:12.335678
CMP-12219,C751,,Why did my payment get cancelled for balance check error?,ACCOUNT_ISSUE,NEW,2026-09-24 09:57:29.335678
CMP-12220,C1256,TX20643,App timed out showing network error while paying 8119 taka.,FAILED_PAYMENT,NEW,2026-09-22 11:41:39.335678
CMP-12221,C1927,TX27563,Money has been deducted from my account (4868 BDT) but the shopkeeper didn't receive it.,TRANSACTION_DISPUTE,RESOLVED,2026-09-26 12:42:24.335678
CMP-12222,C970,TX29791,"I only made one payment of 481 taka, but money was deducted TWICE from my account!",DUPLICATE_PAYMENT,RESOLVED,2026-09-22 18:08:29.335678
CMP-12223,C2018,TX25422,App shows pending for 937 BDT even though merchant got confirmation SMS.,TRANSACTION_DISPUTE,NEW,2026-10-01 23:26:20.335678
CMP-12224,C1772,,Connection lost during payment of 1628 tk to merchant M165.,FAILED_PAYMENT,INVESTIGATING,2026-09-23 01:51:56.335678
CMP-12225,C1641,,"Merchant says payment succeeded and gave goods, but my app shows status 'PENDING'.",TRANSACTION_DISPUTE,NEW,2026-09-21 13:32:22.335678
CMP-12226,C569,TX26474,"Customer care promised reversal for 12638 tk within 24 hours, still no refund.",REFUND,NEW,2026-09-20 20:12:34.335678
CMP-12227,C1756,,Amar 468 taka refund hoy nai. Payment failed hoise kintu taka ferot ashe nai.,REFUND,INVESTIGATING,2026-09-25 09:49:59.335678
CMP-12228,C2344,TX27461,"I scanned QR at merchant M140 and 3278 taka was cut, but POS machine showed failed.",TRANSACTION_DISPUTE,RESOLVED,2026-09-22 20:15:28.335678
CMP-12229,C1179,,Why did my payment get cancelled for balance check error?,ACCOUNT_ISSUE,RESOLVED,2026-09-26 10:06:57.335678
CMP-12230,C2356,,"Payment of 205 failed yesterday, message said reversal in 2 hours but still not refunded.",REFUND,RESOLVED,2026-10-02 23:10:19.335678
CMP-12231,C727,,System gave unknown error during payment of 50 taka.,FAILED_PAYMENT,RESOLVED,2026-09-30 03:04:12.335678
CMP-12232,C838,TX22541,App shows pending for 45 BDT even though merchant got confirmation SMS.,TRANSACTION_DISPUTE,INVESTIGATING,2026-09-23 22:16:35.335678
CMP-12233,C985,TX25363,Double deduction happened for my merchant bill payment of 4911 taka.,DUPLICATE_PAYMENT,RESOLVED,2026-09-26 12:56:02.335678
CMP-12234,C1830,,App shows pending for 8738 BDT even though merchant got confirmation SMS.,TRANSACTION_DISPUTE,RESOLVED,2026-09-28 12:08:19.335678
CMP-12235,C2372,TX24903,Money has been deducted from my account (188 BDT) but the shopkeeper didn't receive it.,TRANSACTION_DISPUTE,INVESTIGATING,2026-10-03 16:54:32.335678
CMP-12236,C1618,TX28843,"Customer care promised reversal for 3152 tk within 24 hours, still no refund.",REFUND,INVESTIGATING,2026-10-01 13:06:15.335678
CMP-12237,C2213,,"Transaction failed at payment gateway, money deducted from wallet, no reversal received yet.",REFUND,INVESTIGATING,2026-09-26 15:27:48.335678
CMP-12238,C1589,TX29103,"Network timeout during processing, app closed abruptly.",FAILED_PAYMENT,NEW,2026-09-26 09:48:20.335678
CMP-12239,C2068,TX28360,Double deduction happened for my merchant bill payment of 967 taka.,DUPLICATE_PAYMENT,RESOLVED,2026-09-27 01:53:48.335678
CMP-12240,C1170,,App shows pending for 4846 BDT even though merchant got confirmation SMS.,TRANSACTION_DISPUTE,RESOLVED,2026-09-24 21:12:44.335678
CMP-12241,C1816,TX22382,"Shop owner said money didn't arrive, but SMS shows 201 deducted.",TRANSACTION_DISPUTE,NEW,2026-09-23 05:29:00.335678
CMP-12242,C1097,,Connection lost during payment of 49 tk to merchant M69.,FAILED_PAYMENT,RESOLVED,2026-09-25 03:21:44.335678
CMP-12243,C523,TX33480,Amar 7330 taka refund hoy nai. Payment failed hoise kintu taka ferot ashe nai.,REFUND,RESOLVED,2026-09-28 13:30:04.335678
CMP-12244,C777,TX23711,Double deduction happened for my merchant bill payment of 479 taka.,DUPLICATE_PAYMENT,INVESTIGATING,2026-09-28 17:36:21.335678
CMP-12245,C2377,TX21796,Why is my transaction still showing pending after 3 hours? Amount 8478 taka.,TRANSACTION_DISPUTE,RESOLVED,2026-09-24 09:52:23.335678
CMP-12246,C686,TX28724,Money has been deducted from my account (479 BDT) but the shopkeeper didn't receive it.,TRANSACTION_DISPUTE,NEW,2026-09-28 16:20:26.335678
CMP-12247,C1257,TX27858,"Network timeout during processing, app closed abruptly.",FAILED_PAYMENT,RESOLVED,2026-09-28 18:30:13.335678
CMP-12248,C211,TX30369,"Payment of 487 failed yesterday, message said reversal in 2 hours but still not refunded.",REFUND,RESOLVED,2026-09-24 22:57:28.335678
CMP-12249,C2129,TX34396,"Internet connection dropped during PIN entry, don't know if money sent.",FAILED_PAYMENT,RESOLVED,2026-09-27 16:17:42.335678
CMP-12250,C450,TX28617,"Suspicious transaction alert triggered on my account, need urgent review.",ACCOUNT_ISSUE,NEW,2026-10-01 08:52:21.335678
CMP-12251,C162,,"I only made one payment of 3153 taka, but money was deducted TWICE from my account!",DUPLICATE_PAYMENT,NEW,2026-10-02 13:04:46.335678
CMP-12252,C489,TX24690,Dui bar taka keteche! Paid once but charged twice 105 tk at merchant M171.,DUPLICATE_PAYMENT,NEW,2026-10-02 02:54:30.335678
CMP-12253,C105,TX21784,"Payment of 2545 failed yesterday, message said reversal in 2 hours but still not refunded.",REFUND,INVESTIGATING,2026-09-23 03:13:31.335678
CMP-12254,C455,TX21654,Got security warning after attempting multiple payments of 45000 taka.,ACCOUNT_ISSUE,NEW,2026-09-22 07:22:39.335678
CMP-12255,C421,TX31988,"Shop owner said money didn't arrive, but SMS shows 4632 deducted.",TRANSACTION_DISPUTE,RESOLVED,2026-09-20 23:22:07.335678
CMP-12256,C869,TX21187,Duplicate charge: two debits of 984 tk within seconds for the same purchase.,DUPLICATE_PAYMENT,RESOLVED,2026-09-22 11:30:19.335678
CMP-12257,C2139,TX22281,"Tried to pay 12058 taka, said balance low, but I think I have enough funds.",ACCOUNT_ISSUE,RESOLVED,2026-09-27 14:02:46.335678
CMP-12258,C2496,TX31181,System gave unknown error during payment of 7965 taka.,FAILED_PAYMENT,INVESTIGATING,2026-10-03 12:01:29.335678
CMP-12259,C1321,TX20416,"I only made one payment of 3136 taka, but money was deducted TWICE from my account!",DUPLICATE_PAYMENT,INVESTIGATING,2026-10-02 18:17:09.335678
CMP-12260,C1808,TX27645,Connection lost during payment of 192 tk to merchant M200.,FAILED_PAYMENT,INVESTIGATING,2026-09-21 07:50:56.335678
CMP-12261,C1816,TX27556,"Shop owner said money didn't arrive, but SMS shows 3240 deducted.",TRANSACTION_DISPUTE,NEW,2026-09-20 15:46:47.335678
CMP-12262,C2300,TX20472,"Shop owner said money didn't arrive, but SMS shows 96 deducted.",TRANSACTION_DISPUTE,INVESTIGATING,2026-09-25 02:53:39.335678
CMP-12263,C1676,TX22596,"Transaction failed at payment gateway, money deducted from wallet, no reversal received yet.",REFUND,RESOLVED,2026-09-29 12:01:16.335678
CMP-12264,C1806,,Why is my transaction still showing pending after 3 hours? Amount 2724 taka.,TRANSACTION_DISPUTE,NEW,2026-09-26 16:59:21.335678
CMP-12265,C2420,,"Customer care promised reversal for 199 tk within 24 hours, still no refund.",REFUND,NEW,2026-09-23 17:35:45.335678
CMP-12266,C785,,"Shop owner said money didn't arrive, but SMS shows 3060 deducted.",TRANSACTION_DISPUTE,NEW,2026-09-20 01:52:15.335678
CMP-12267,C1030,,"I only made one payment of 476 taka, but money was deducted TWICE from my account!",DUPLICATE_PAYMENT,INVESTIGATING,2026-09-30 11:36:59.335678
CMP-12268,C2136,TX32726,Why is my transaction still showing pending after 3 hours? Amount 912 taka.,TRANSACTION_DISPUTE,NEW,2026-09-20 00:31:07.335678
CMP-12269,C140,,"Transaction crashed with unknown server error, please investigate.",FAILED_PAYMENT,NEW,2026-10-01 15:53:01.335678
CMP-12270,C1330,TX34487,Double deduction happened for my merchant bill payment of 11679 taka.,DUPLICATE_PAYMENT,INVESTIGATING,2026-09-22 03:33:14.335678
CMP-12271,C1703,TX24170,"Internet connection dropped during PIN entry, don't know if money sent.",FAILED_PAYMENT,NEW,2026-09-21 03:22:46.335678
CMP-12272,C1232,TX27930,App shows pending for 498 BDT even though merchant got confirmation SMS.,TRANSACTION_DISPUTE,RESOLVED,2026-09-22 15:32:14.335678
CMP-12273,C814,TX26222,"Payment failed with weird error code ERR_999, what happened to my 12634 taka?",FAILED_PAYMENT,INVESTIGATING,2026-09-27 12:47:20.335678
CMP-12274,C934,TX23602,Connection lost during payment of 109 tk to merchant M138.,FAILED_PAYMENT,NEW,2026-09-22 05:53:52.335678
CMP-12275,C2460,TX30196,"Payment of 4819 failed yesterday, message said reversal in 2 hours but still not refunded.",REFUND,INVESTIGATING,2026-09-29 13:35:11.335678
CMP-12276,C490,TX26947,"Transaction failed at payment gateway, money deducted from wallet, no reversal received yet.",REFUND,INVESTIGATING,2026-09-20 06:12:43.335678
CMP-12277,C510,TX25844,"I only made one payment of 210 taka, but money was deducted TWICE from my account!",DUPLICATE_PAYMENT,INVESTIGATING,2026-09-22 19:57:32.335678
CMP-12278,C1487,TX27063,Dui bar taka keteche! Paid once but charged twice 3218 tk at merchant M74.,DUPLICATE_PAYMENT,RESOLVED,2026-09-28 01:34:05.335678
CMP-12279,C296,TX29189,Amar 518 taka refund hoy nai. Payment failed hoise kintu taka ferot ashe nai.,REFUND,INVESTIGATING,2026-10-01 05:29:57.335678
CMP-12280,C2472,,Why is my transaction still showing pending after 3 hours? Amount 968 taka.,TRANSACTION_DISPUTE,NEW,2026-09-28 19:04:03.335678
CMP-12281,C473,TX34034,Amar 5095 taka refund hoy nai. Payment failed hoise kintu taka ferot ashe nai.,REFUND,NEW,2026-09-30 18:50:41.335678
CMP-12282,C673,TX23424,"Payment failed with weird error code ERR_999, what happened to my 215 taka?",FAILED_PAYMENT,RESOLVED,2026-10-01 00:43:50.335678
CMP-12283,C732,,Why did my payment get cancelled for balance check error?,ACCOUNT_ISSUE,RESOLVED,2026-09-26 00:00:20.335678
CMP-12284,C1274,TX28060,"Payment failed with weird error code ERR_999, what happened to my 11119 taka?",FAILED_PAYMENT,INVESTIGATING,2026-09-20 23:43:51.335678
CMP-12285,C107,TX32996,"Failed transaction of 2259 tk on 11:39, reversal missing from my statement.",REFUND,NEW,2026-09-20 13:05:24.335678
CMP-12286,C1925,TX33781,App shows pending for 961 BDT even though merchant got confirmation SMS.,TRANSACTION_DISPUTE,RESOLVED,2026-09-27 16:35:00.335678
CMP-12287,C1780,,Why did my payment get cancelled for balance check error?,ACCOUNT_ISSUE,INVESTIGATING,2026-09-29 20:20:15.335678
CMP-12288,C2301,TX33593,"Transaction was rejected stating insufficient balance, please check my account statement.",ACCOUNT_ISSUE,NEW,2026-09-27 10:16:18.335678
CMP-12289,C1752,TX28919,"My account is blocked after repeated transaction attempts, please unblock immediately.",ACCOUNT_ISSUE,RESOLVED,2026-10-01 00:05:25.335678
CMP-12290,C457,,"Paid 184 taka at merchant around 14:38, merchant claims no payment received.",TRANSACTION_DISPUTE,INVESTIGATING,2026-09-25 15:00:54.335678
CMP-12291,C1607,,Amar 2338 taka refund hoy nai. Payment failed hoise kintu taka ferot ashe nai.,REFUND,NEW,2026-09-21 17:14:15.335678
CMP-12292,C1186,TX23728,Connection lost during payment of 10925 tk to merchant M20.,FAILED_PAYMENT,NEW,2026-10-01 15:21:14.335678
CMP-12293,C1907,TX26240,Connection lost during payment of 3220 tk to merchant M101.,FAILED_PAYMENT,INVESTIGATING,2026-09-30 14:05:36.335678
CMP-12294,C741,,Money has been deducted from my account (11104 BDT) but the shopkeeper didn't receive it.,TRANSACTION_DISPUTE,RESOLVED,2026-09-24 07:26:22.335678
CMP-12295,C143,TX22250,Why did my payment get cancelled for balance check error?,ACCOUNT_ISSUE,NEW,2026-09-28 10:14:29.335678
CMP-12296,C2467,TX24915,Why did my payment get cancelled for balance check error?,ACCOUNT_ISSUE,INVESTIGATING,2026-09-20 14:08:08.335678
CMP-12297,C2224,TX33603,"Tried to pay 2580 taka, said balance low, but I think I have enough funds.",ACCOUNT_ISSUE,INVESTIGATING,2026-09-26 07:57:16.335678
CMP-12298,C340,,Why is my transaction still showing pending after 3 hours? Amount 12855 taka.,TRANSACTION_DISPUTE,INVESTIGATING,2026-09-21 20:49:27.335678
CMP-12299,C1317,,"Transaction crashed with unknown server error, please investigate.",FAILED_PAYMENT,NEW,2026-09-27 13:04:57.335678
CMP-12300,C841,TX22979,Money has been deducted from my account (3036 BDT) but the shopkeeper didn't receive it.,TRANSACTION_DISPUTE,INVESTIGATING,2026-09-28 10:54:39.335678
CMP-12301,C2395,,"Transaction failed at payment gateway, money deducted from wallet, no reversal received yet.",REFUND,NEW,2026-10-02 01:28:55.335678
CMP-12302,C200,TX25447,"Failed transaction of 2908 tk on 22:35, reversal missing from my statement.",REFUND,INVESTIGATING,2026-10-02 22:48:26.335678
CMP-12303,C514,TX20913,"I only made one payment of 13050 taka, but money was deducted TWICE from my account!",DUPLICATE_PAYMENT,RESOLVED,2026-10-01 00:30:02.335678
CMP-12304,C1559,,App timed out showing network error while paying 4791 taka.,FAILED_PAYMENT,NEW,2026-09-25 23:14:15.335678
CMP-12305,C1289,TX24286,Money has been deducted from my account (3175 BDT) but the shopkeeper didn't receive it.,TRANSACTION_DISPUTE,INVESTIGATING,2026-09-21 23:46:11.335678
CMP-12306,C1374,TX26470,"Payment failed with weird error code ERR_999, what happened to my 516 taka?",FAILED_PAYMENT,NEW,2026-09-28 15:47:50.335678
CMP-12307,C1955,,"Transaction crashed with unknown server error, please investigate.",FAILED_PAYMENT,NEW,2026-09-30 07:40:16.335678
CMP-12308,C2035,,"Failed transaction of 100 tk on 22:44, reversal missing from my statement.",REFUND,INVESTIGATING,2026-09-28 00:40:06.335678
CMP-12309,C2022,TX27707,System gave unknown error during payment of 181 taka.,FAILED_PAYMENT,NEW,2026-09-25 15:50:14.335678
CMP-12310,C266,TX21756,"Paid 2843 taka at merchant around 09:33, merchant claims no payment received.",TRANSACTION_DISPUTE,INVESTIGATING,2026-09-30 10:23:52.335678
CMP-12311,C2336,TX34609,"Transaction failed at payment gateway, money deducted from wallet, no reversal received yet.",REFUND,NEW,2026-09-22 11:02:07.335678
CMP-12312,C937,TX21328,Money has been deducted from my account (1505 BDT) but the shopkeeper didn't receive it.,TRANSACTION_DISPUTE,NEW,2026-10-01 11:15:21.335678
CMP-12313,C1674,TX20988,"Merchant says payment succeeded and gave goods, but my app shows status 'PENDING'.",TRANSACTION_DISPUTE,INVESTIGATING,2026-10-02 14:13:05.335678
CMP-12314,C246,TX28656,"Payment failed with weird error code ERR_999, what happened to my 1442 taka?",FAILED_PAYMENT,NEW,2026-09-28 18:30:58.335678
CMP-12315,C318,,Why did my payment get cancelled for balance check error?,ACCOUNT_ISSUE,RESOLVED,2026-09-28 17:25:14.335678
CMP-12316,C1356,TX21414,"Merchant says payment succeeded and gave goods, but my app shows status 'PENDING'.",TRANSACTION_DISPUTE,INVESTIGATING,2026-10-01 13:50:19.335678
CMP-12317,C1605,TX33293,Connection lost during payment of 207 tk to merchant M51.,FAILED_PAYMENT,NEW,2026-09-30 15:14:43.335678
CMP-12318,C351,TX21977,"Shop owner said money didn't arrive, but SMS shows 98 deducted.",TRANSACTION_DISPUTE,NEW,2026-09-20 12:15:10.335678
CMP-12319,C1922,TX34716,Money has been deducted from my account (93 BDT) but the shopkeeper didn't receive it.,TRANSACTION_DISPUTE,INVESTIGATING,2026-10-01 18:19:28.335678
CMP-12320,C2032,,"Failed transaction of 1607 tk on 21:18, reversal missing from my statement.",REFUND,RESOLVED,2026-10-03 21:38:55.335678
CMP-12321,C345,TX22889,Duplicate charge: two debits of 189 tk within seconds for the same purchase.,DUPLICATE_PAYMENT,NEW,2026-09-29 11:01:04.335678
CMP-12322,C2026,TX25976,Amar 1641 taka refund hoy nai. Payment failed hoise kintu taka ferot ashe nai.,REFUND,RESOLVED,2026-10-02 21:39:06.335678
CMP-12323,C1751,,"Merchant says payment succeeded and gave goods, but my app shows status 'PENDING'.",TRANSACTION_DISPUTE,INVESTIGATING,2026-10-02 00:31:53.335678
CMP-12324,C863,TX25766,Duplicate charge: two debits of 932 tk within seconds for the same purchase.,DUPLICATE_PAYMENT,INVESTIGATING,2026-09-22 08:09:41.335678
CMP-12325,C1209,,Connection lost during payment of 3162 tk to merchant M109.,FAILED_PAYMENT,INVESTIGATING,2026-09-23 04:25:03.335678
CMP-12326,C2144,TX28076,"Failed transaction of 92 tk on 20:59, reversal missing from my statement.",REFUND,RESOLVED,2026-09-26 21:28:22.335678
CMP-12327,C2232,TX34943,"Transaction was rejected stating insufficient balance, please check my account statement.",ACCOUNT_ISSUE,INVESTIGATING,2026-09-20 19:46:33.335678
CMP-12328,C686,,"Internet connection dropped during PIN entry, don't know if money sent.",FAILED_PAYMENT,NEW,2026-09-30 12:59:29.335678
CMP-12329,C1214,,Money has been deducted from my account (4747 BDT) but the shopkeeper didn't receive it.,TRANSACTION_DISPUTE,INVESTIGATING,2026-09-25 03:18:11.335678
CMP-12330,C222,TX21466,Double deduction happened for my merchant bill payment of 480 taka.,DUPLICATE_PAYMENT,NEW,2026-09-26 11:27:40.335678
CMP-12331,C219,TX23818,Double deduction happened for my merchant bill payment of 495 taka.,DUPLICATE_PAYMENT,NEW,2026-09-26 16:24:08.335678
CMP-12332,C1021,TX30135,"Payment of 3269 failed yesterday, message said reversal in 2 hours but still not refunded.",REFUND,RESOLVED,2026-09-28 18:23:14.335678
CMP-12333,C410,,Connection lost during payment of 3181 tk to merchant M171.,FAILED_PAYMENT,NEW,2026-09-22 18:36:37.335678
CMP-12334,C213,,Why did my payment get cancelled for balance check error?,ACCOUNT_ISSUE,NEW,2026-09-28 21:04:43.335678
CMP-12335,C775,TX21924,Money has been deducted from my account (502 BDT) but the shopkeeper didn't receive it.,TRANSACTION_DISPUTE,INVESTIGATING,2026-09-25 16:48:20.335678
CMP-12336,C1829,TX28907,"Transaction failed at payment gateway, money deducted from wallet, no reversal received yet.",REFUND,NEW,2026-09-26 01:49:51.335678
CMP-12337,C844,TX21573,"I scanned QR at merchant M124 and 54 taka was cut, but POS machine showed failed.",TRANSACTION_DISPUTE,INVESTIGATING,2026-09-28 07:32:36.335678
CMP-12338,C3030,,Money has been deducted from my account (500 BDT) but the shopkeeper didn't receive it.,TRANSACTION_DISPUTE,RESOLVED,2026-10-03 18:29:55.335678
CMP-12339,C2018,TX25422,App shows pending for 937 BDT even though merchant got confirmation SMS.,TRANSACTION_DISPUTE,INVESTIGATING,2026-10-01 23:53:20.335678
CMP-12340,C608,,Amar 12942 taka refund hoy nai. Payment failed hoise kintu taka ferot ashe nai.,REFUND,NEW,2026-09-24 08:49:25.335678
CMP-12341,C906,TX34322,App shows pending for 2502 BDT even though merchant got confirmation SMS.,TRANSACTION_DISPUTE,RESOLVED,2026-10-03 20:36:19.335678
CMP-12342,C1941,TX30205,"Shop owner said money didn't arrive, but SMS shows 7698 deducted.",TRANSACTION_DISPUTE,NEW,2026-09-25 19:44:08.335678
CMP-12343,C284,TX34405,"Payment of 1056 failed yesterday, message said reversal in 2 hours but still not refunded.",REFUND,INVESTIGATING,2026-09-27 12:07:21.335678
CMP-12344,C1585,,System gave unknown error during payment of 2301 taka.,FAILED_PAYMENT,INVESTIGATING,2026-10-01 18:29:43.335678
CMP-12345,C1451,TX22476,App timed out showing network error while paying 1009 taka.,FAILED_PAYMENT,RESOLVED,2026-09-20 01:45:40.335678
CMP-12346,C847,TX31652,"My account is blocked after repeated transaction attempts, please unblock immediately.",ACCOUNT_ISSUE,RESOLVED,2026-09-25 10:26:29.335678
CMP-12347,C154,,"I scanned QR at merchant M104 and 1068 taka was cut, but POS machine showed failed.",TRANSACTION_DISPUTE,NEW,2026-09-25 08:43:46.335678
CMP-12348,C1853,TX22621,"Payment failed with weird error code ERR_999, what happened to my 102 taka?",FAILED_PAYMENT,RESOLVED,2026-10-03 14:09:52.335678
CMP-12349,C778,TX27328,"Internet connection dropped during PIN entry, don't know if money sent.",FAILED_PAYMENT,NEW,2026-09-30 11:17:03.335678
CMP-12350,C642,,Connection lost during payment of 4665 tk to merchant M127.,FAILED_PAYMENT,RESOLVED,2026-10-01 21:33:59.335678
CMP-12351,C1580,,Duplicate charge: two debits of 192 tk within seconds for the same purchase.,DUPLICATE_PAYMENT,NEW,2026-09-24 15:17:32.335678
CMP-12352,C2232,TX29141,"Internet connection dropped during PIN entry, don't know if money sent.",FAILED_PAYMENT,INVESTIGATING,2026-10-01 04:37:14.335678
CMP-12353,C476,,"Status sync issue: money deducted, merchant received, app showing waiting for confirmation.",TRANSACTION_DISPUTE,RESOLVED,2026-09-26 14:31:42.335678
CMP-12354,C325,,"Status sync issue: money deducted, merchant received, app showing waiting for confirmation.",TRANSACTION_DISPUTE,NEW,2026-09-20 19:31:17.335678
CMP-12355,C1125,TX29437,System gave unknown error during payment of 988 taka.,FAILED_PAYMENT,RESOLVED,2026-09-30 08:07:55.335678
CMP-12356,C1298,,"Transaction was rejected stating insufficient balance, please check my account statement.",ACCOUNT_ISSUE,NEW,2026-09-22 15:38:17.335678
CMP-12357,C288,TX24623,"Customer care promised reversal for 2988 tk within 24 hours, still no refund.",REFUND,INVESTIGATING,2026-10-03 17:10:24.335678
CMP-12358,C155,TX23125,Why did my payment get cancelled for balance check error?,ACCOUNT_ISSUE,INVESTIGATING,2026-09-21 22:33:01.335678
CMP-12359,C629,TX34720,"I scanned QR at merchant M44 and 2668 taka was cut, but POS machine showed failed.",TRANSACTION_DISPUTE,NEW,2026-09-20 16:30:45.335678
CMP-12360,C132,TX21362,"Payment of 2487 failed yesterday, message said reversal in 2 hours but still not refunded.",REFUND,INVESTIGATING,2026-09-22 10:16:25.335678
CMP-12361,C500,,Amar 187 taka refund hoy nai. Payment failed hoise kintu taka ferot ashe nai.,REFUND,INVESTIGATING,2026-09-21 20:54:46.335678
CMP-12362,C1757,TX25622,Taka kete niyeche kintu dokandari pay ni. Amount was 2616 tk at merchant M91.,TRANSACTION_DISPUTE,INVESTIGATING,2026-09-24 13:26:49.335678
CMP-12363,C1617,,Taka kete niyeche kintu dokandari pay ni. Amount was 1013 tk at merchant M117.,TRANSACTION_DISPUTE,INVESTIGATING,2026-09-22 18:02:52.335678
CMP-12364,C2087,TX32132,"Shop owner said money didn't arrive, but SMS shows 185 deducted.",TRANSACTION_DISPUTE,RESOLVED,2026-09-28 15:07:57.335678
CMP-12365,C358,,"Network timeout during processing, app closed abruptly.",FAILED_PAYMENT,NEW,2026-09-21 11:30:38.335678
CMP-12366,C345,TX27308,"Tried to pay 2394 taka, said balance low, but I think I have enough funds.",ACCOUNT_ISSUE,RESOLVED,2026-09-22 07:04:33.335678
CMP-12367,C456,TX28908,"Payment of 469 failed yesterday, message said reversal in 2 hours but still not refunded.",REFUND,NEW,2026-09-23 03:46:36.335678
CMP-12368,C2458,TX21174,"Transaction failed at payment gateway, money deducted from wallet, no reversal received yet.",REFUND,NEW,2026-09-20 20:53:26.335678
CMP-12369,C749,TX25139,"Payment failed with weird error code ERR_999, what happened to my 4701 taka?",FAILED_PAYMENT,NEW,2026-09-23 02:24:26.335678
CMP-12370,C1589,,"Transaction was rejected stating insufficient balance, please check my account statement.",ACCOUNT_ISSUE,NEW,2026-09-29 19:34:06.335678
CMP-12371,C725,TX26904,System gave unknown error during payment of 12543 taka.,FAILED_PAYMENT,INVESTIGATING,2026-09-26 23:24:46.335678
CMP-12372,C2395,TX31240,"Transaction failed at payment gateway, money deducted from wallet, no reversal received yet.",REFUND,RESOLVED,2026-10-02 01:10:55.335678
CMP-12373,C1278,TX27126,App timed out showing network error while paying 48 taka.,FAILED_PAYMENT,INVESTIGATING,2026-09-27 09:46:25.335678
CMP-12374,C483,TX22918,"Payment of 487 failed yesterday, message said reversal in 2 hours but still not refunded.",REFUND,INVESTIGATING,2026-09-21 21:29:49.335678
CMP-12375,C1201,TX22078,Dui bar taka keteche! Paid once but charged twice 2725 tk at merchant M168.,DUPLICATE_PAYMENT,INVESTIGATING,2026-09-20 08:49:45.335678
CMP-12376,C557,TX33049,"Tried to pay 3173 taka, said balance low, but I think I have enough funds.",ACCOUNT_ISSUE,RESOLVED,2026-09-25 10:55:06.335678
CMP-12377,C493,TX27023,Amar 11796 taka refund hoy nai. Payment failed hoise kintu taka ferot ashe nai.,REFUND,INVESTIGATING,2026-09-22 10:50:00.335678
CMP-12378,C1744,TX32937,"Transaction failed at payment gateway, money deducted from wallet, no reversal received yet.",REFUND,NEW,2026-10-03 08:09:16.335678
CMP-12379,C589,,"Payment of 1578 failed yesterday, message said reversal in 2 hours but still not refunded.",REFUND,RESOLVED,2026-10-02 23:17:04.335678
CMP-12380,C1182,TX30034,"I scanned QR at merchant M55 and 2586 taka was cut, but POS machine showed failed.",TRANSACTION_DISPUTE,RESOLVED,2026-09-25 23:53:55.335678
CMP-12381,C160,,"I scanned QR at merchant M94 and 530 taka was cut, but POS machine showed failed.",TRANSACTION_DISPUTE,RESOLVED,2026-09-21 08:40:26.335678
CMP-12382,C378,TX21670,"Network timeout during processing, app closed abruptly.",FAILED_PAYMENT,RESOLVED,2026-10-03 17:48:33.335678
CMP-12383,C789,TX28806,App shows pending for 95 BDT even though merchant got confirmation SMS.,TRANSACTION_DISPUTE,NEW,2026-10-01 07:56:57.335678
CMP-12384,C726,TX31621,"Shop owner said money didn't arrive, but SMS shows 526 deducted.",TRANSACTION_DISPUTE,RESOLVED,2026-09-22 04:24:41.335678
CMP-12385,C2252,TX33817,"Suspicious transaction alert triggered on my account, need urgent review.",ACCOUNT_ISSUE,INVESTIGATING,2026-09-26 11:53:05.335678
CMP-12386,C2496,TX31181,"Transaction crashed with unknown server error, please investigate.",FAILED_PAYMENT,RESOLVED,2026-10-03 12:39:29.335678
CMP-12387,C315,TX25172,Got security warning after attempting multiple payments of 100000 taka.,ACCOUNT_ISSUE,NEW,2026-10-01 17:24:37.335678
CMP-12388,C1386,,Why did my payment get cancelled for balance check error?,ACCOUNT_ISSUE,RESOLVED,2026-09-20 05:02:18.335678
CMP-12389,C454,,App shows pending for 2843 BDT even though merchant got confirmation SMS.,TRANSACTION_DISPUTE,RESOLVED,2026-09-26 07:02:28.335678
CMP-12390,C209,TX26291,Taka kete niyeche kintu dokandari pay ni. Amount was 107 tk at merchant M54.,TRANSACTION_DISPUTE,INVESTIGATING,2026-10-02 08:15:54.335678
CMP-12391,C2194,,"Failed transaction of 4926 tk on 05:58, reversal missing from my statement.",REFUND,INVESTIGATING,2026-09-29 06:32:29.335678
CMP-12392,C1498,TX29725,"I scanned QR at merchant M125 and 7934 taka was cut, but POS machine showed failed.",TRANSACTION_DISPUTE,INVESTIGATING,2026-09-29 06:38:00.335678
CMP-12393,C1374,,Amar 91 taka refund hoy nai. Payment failed hoise kintu taka ferot ashe nai.,REFUND,NEW,2026-09-20 00:31:03.335678
CMP-12394,C1225,TX32789,"Merchant says payment succeeded and gave goods, but my app shows status 'PENDING'.",TRANSACTION_DISPUTE,RESOLVED,2026-09-29 00:58:04.335678
CMP-12395,C1636,TX28791,Dui bar taka keteche! Paid once but charged twice 206 tk at merchant M48.,DUPLICATE_PAYMENT,RESOLVED,2026-09-21 00:57:24.335678
CMP-12396,C483,TX34630,Connection lost during payment of 7581 tk to merchant M137.,FAILED_PAYMENT,RESOLVED,2026-10-01 20:38:06.335678
CMP-12397,C2148,,App shows pending for 2999 BDT even though merchant got confirmation SMS.,TRANSACTION_DISPUTE,RESOLVED,2026-09-28 09:03:44.335678
CMP-12398,C1807,,"Suspicious transaction alert triggered on my account, need urgent review.",ACCOUNT_ISSUE,RESOLVED,2026-09-23 23:17:38.335678
CMP-12399,C108,TX32933,Why is my transaction still showing pending after 3 hours? Amount 2747 taka.,TRANSACTION_DISPUTE,INVESTIGATING,2026-09-23 11:40:40.335678
CMP-12400,C1911,TX34189,Taka kete niyeche kintu dokandari pay ni. Amount was 48 tk at merchant M49.,TRANSACTION_DISPUTE,RESOLVED,2026-09-29 05:58:52.335678
CMP-12401,C1234,TX21685,Taka kete niyeche kintu dokandari pay ni. Amount was 7872 tk at merchant M140.,TRANSACTION_DISPUTE,RESOLVED,2026-09-21 06:05:15.335678
CMP-12402,C800,TX29804,Money has been deducted from my account (46 BDT) but the shopkeeper didn't receive it.,TRANSACTION_DISPUTE,INVESTIGATING,2026-09-24 00:15:40.335678
CMP-12403,C786,TX31489,"Network timeout during processing, app closed abruptly.",FAILED_PAYMENT,NEW,2026-10-01 17:29:08.335678
CMP-12404,C1324,,App shows pending for 2665 BDT even though merchant got confirmation SMS.,TRANSACTION_DISPUTE,RESOLVED,2026-09-22 15:06:24.335678
CMP-12405,C901,TX26256,Got security warning after attempting multiple payments of 60000 taka.,ACCOUNT_ISSUE,RESOLVED,2026-09-20 04:08:36.335678
CMP-12406,C1952,TX28576,"Network timeout during processing, app closed abruptly.",FAILED_PAYMENT,RESOLVED,2026-09-23 17:14:36.335678
CMP-12407,C1267,TX24998,"Paid 2719 taka at merchant around 08:39, merchant claims no payment received.",TRANSACTION_DISPUTE,RESOLVED,2026-09-29 08:55:01.335678
CMP-12408,C2365,,Money has been deducted from my account (456 BDT) but the shopkeeper didn't receive it.,TRANSACTION_DISPUTE,NEW,2026-09-20 03:25:15.335678
CMP-12409,C2417,,Money has been deducted from my account (1403 BDT) but the shopkeeper didn't receive it.,TRANSACTION_DISPUTE,INVESTIGATING,2026-09-24 08:53:18.335678
CMP-12410,C1677,,Why is my transaction still showing pending after 3 hours? Amount 1602 taka.,TRANSACTION_DISPUTE,INVESTIGATING,2026-09-21 21:16:18.335678
CMP-12411,C182,,"Shop owner said money didn't arrive, but SMS shows 47 deducted.",TRANSACTION_DISPUTE,RESOLVED,2026-10-01 03:53:17.335678
CMP-12412,C2317,,Taka kete niyeche kintu dokandari pay ni. Amount was 1559 tk at merchant M53.,TRANSACTION_DISPUTE,INVESTIGATING,2026-09-23 05:53:39.335678
CMP-12413,C2239,,"Payment of 1488 failed yesterday, message said reversal in 2 hours but still not refunded.",REFUND,NEW,2026-09-23 15:10:19.335678
CMP-12414,C676,,"Transaction failed at payment gateway, money deducted from wallet, no reversal received yet.",REFUND,RESOLVED,2026-09-22 22:40:26.335678
CMP-12415,C379,TX25478,Why is my transaction still showing pending after 3 hours? Amount 2264 taka.,TRANSACTION_DISPUTE,NEW,2026-09-26 05:01:53.335678
CMP-12416,C2411,TX27173,Got security warning after attempting multiple payments of 85000 taka.,ACCOUNT_ISSUE,RESOLVED,2026-09-22 09:42:10.335678
CMP-12417,C1800,TX24563,Got security warning after attempting multiple payments of 100000 taka.,ACCOUNT_ISSUE,RESOLVED,2026-09-26 07:28:20.335678
CMP-12418,C2420,TX22068,"Suspicious transaction alert triggered on my account, need urgent review.",ACCOUNT_ISSUE,INVESTIGATING,2026-10-03 12:45:04.335678
CMP-12419,C2104,,"Status sync issue: money deducted, merchant received, app showing waiting for confirmation.",TRANSACTION_DISPUTE,NEW,2026-09-20 21:25:25.335678
CMP-12420,C1259,TX33883,"My account is blocked after repeated transaction attempts, please unblock immediately.",ACCOUNT_ISSUE,INVESTIGATING,2026-09-26 09:11:26.335678
CMP-12421,C1324,TX27207,"Shop owner said money didn't arrive, but SMS shows 11854 deducted.",TRANSACTION_DISPUTE,INVESTIGATING,2026-09-23 18:16:10.335678
CMP-12422,C1014,TX23421,Amar 187 taka refund hoy nai. Payment failed hoise kintu taka ferot ashe nai.,REFUND,INVESTIGATING,2026-09-22 19:11:17.335678
CMP-12423,C1250,TX31653,"Failed transaction of 47 tk on 14:32, reversal missing from my statement.",REFUND,INVESTIGATING,2026-09-28 15:35:23.335678
CMP-12424,C1638,TX20997,Duplicate charge: two debits of 5486 tk within seconds for the same purchase.,DUPLICATE_PAYMENT,NEW,2026-10-01 19:21:16.335678
CMP-12425,C1773,TX33396,Got security warning after attempting multiple payments of 85000 taka.,ACCOUNT_ISSUE,INVESTIGATING,2026-09-21 06:47:36.335678
CMP-12426,C2394,TX29099,Taka kete niyeche kintu dokandari pay ni. Amount was 93 tk at merchant M14.,TRANSACTION_DISPUTE,INVESTIGATING,2026-09-21 08:01:20.335678
CMP-12427,C1709,TX27809,"Internet connection dropped during PIN entry, don't know if money sent.",FAILED_PAYMENT,INVESTIGATING,2026-09-24 01:20:37.335678
CMP-12428,C309,TX23523,Why did my payment get cancelled for balance check error?,ACCOUNT_ISSUE,RESOLVED,2026-10-02 01:30:01.335678
CMP-12429,C1558,TX25871,"Tried to pay 102 taka, said balance low, but I think I have enough funds.",ACCOUNT_ISSUE,RESOLVED,2026-09-25 04:28:05.335678
CMP-12430,C657,TX20283,System gave unknown error during payment of 1530 taka.,FAILED_PAYMENT,RESOLVED,2026-10-01 14:30:31.335678
CMP-12431,C254,TX25451,Dui bar taka keteche! Paid once but charged twice 2259 tk at merchant M53.,DUPLICATE_PAYMENT,RESOLVED,2026-10-02 16:26:52.335678
CMP-12432,C1322,TX24314,System gave unknown error during payment of 1053 taka.,FAILED_PAYMENT,INVESTIGATING,2026-09-25 18:52:35.335678
CMP-12433,C591,TX29394,"Failed transaction of 1051 tk on 10:00, reversal missing from my statement.",REFUND,NEW,2026-09-24 11:52:18.335678
CMP-12434,C1726,TX20228,System gave unknown error during payment of 217 taka.,FAILED_PAYMENT,NEW,2026-09-20 21:55:27.335678
CMP-12435,C723,TX27799,Taka kete niyeche kintu dokandari pay ni. Amount was 11214 tk at merchant M116.,TRANSACTION_DISPUTE,RESOLVED,2026-09-28 04:50:17.335678
CMP-12436,C623,TX30395,Taka kete niyeche kintu dokandari pay ni. Amount was 108 tk at merchant M33.,TRANSACTION_DISPUTE,RESOLVED,2026-10-02 00:28:27.335678
CMP-12437,C425,TX25058,"Shop owner said money didn't arrive, but SMS shows 1533 deducted.",TRANSACTION_DISPUTE,INVESTIGATING,2026-09-20 13:30:55.335678
CMP-12438,C723,TX30715,"Merchant says payment succeeded and gave goods, but my app shows status 'PENDING'.",TRANSACTION_DISPUTE,RESOLVED,2026-10-03 01:44:38.335678
CMP-12439,C1116,TX34099,"Transaction failed at payment gateway, money deducted from wallet, no reversal received yet.",REFUND,NEW,2026-09-25 14:51:30.335678
CMP-12440,C629,,"Status sync issue: money deducted, merchant received, app showing waiting for confirmation.",TRANSACTION_DISPUTE,INVESTIGATING,2026-09-28 23:33:37.335678
CMP-12441,C1673,TX32797,"I only made one payment of 53 taka, but money was deducted TWICE from my account!",DUPLICATE_PAYMENT,RESOLVED,2026-10-01 05:05:25.335678
CMP-12442,C448,,App timed out showing network error while paying 1558 taka.,FAILED_PAYMENT,NEW,2026-09-25 03:49:05.335678
CMP-12443,C960,TX30151,"Network timeout during processing, app closed abruptly.",FAILED_PAYMENT,NEW,2026-09-26 22:36:31.335678
CMP-12444,C2196,,"Merchant says payment succeeded and gave goods, but my app shows status 'PENDING'.",TRANSACTION_DISPUTE,INVESTIGATING,2026-10-03 15:43:46.335678
CMP-12445,C2417,TX23978,"Paid 1403 taka at merchant around 06:55, merchant claims no payment received.",TRANSACTION_DISPUTE,INVESTIGATING,2026-09-24 07:03:18.335678
CMP-12446,C2485,TX28682,Duplicate charge: two debits of 8585 tk within seconds for the same purchase.,DUPLICATE_PAYMENT,NEW,2026-09-28 11:59:39.335678
CMP-12447,C703,TX27750,"Customer care promised reversal for 7864 tk within 24 hours, still no refund.",REFUND,INVESTIGATING,2026-10-01 10:40:32.335678
CMP-12448,C323,,Double deduction happened for my merchant bill payment of 13042 taka.,DUPLICATE_PAYMENT,NEW,2026-10-01 09:53:45.335678
CMP-12449,C478,TX30472,"Merchant says payment succeeded and gave goods, but my app shows status 'PENDING'.",TRANSACTION_DISPUTE,RESOLVED,2026-09-27 20:17:08.335678
CMP-12450,C1295,,Got security warning after attempting multiple payments of 45000 taka.,ACCOUNT_ISSUE,INVESTIGATING,2026-09-23 23:53:33.335678
CMP-12451,C2089,TX29596,"Merchant says payment succeeded and gave goods, but my app shows status 'PENDING'.",TRANSACTION_DISPUTE,INVESTIGATING,2026-09-21 17:29:49.335678
CMP-12452,C2160,TX32352,"Shop owner said money didn't arrive, but SMS shows 91 deducted.",TRANSACTION_DISPUTE,INVESTIGATING,2026-10-01 00:59:32.335678
CMP-12453,C250,TX20900,"My account is blocked after repeated transaction attempts, please unblock immediately.",ACCOUNT_ISSUE,RESOLVED,2026-09-20 05:09:19.335678
CMP-12454,C211,TX28672,"Transaction failed at payment gateway, money deducted from wallet, no reversal received yet.",REFUND,NEW,2026-09-25 10:33:24.335678
CMP-12455,C2148,TX24048,"Customer care promised reversal for 7428 tk within 24 hours, still no refund.",REFUND,RESOLVED,2026-10-03 22:00:03.335678
CMP-12456,C776,,"Internet connection dropped during PIN entry, don't know if money sent.",FAILED_PAYMENT,NEW,2026-09-26 04:16:35.335678
CMP-12457,C2031,TX28130,"I only made one payment of 1074 taka, but money was deducted TWICE from my account!",DUPLICATE_PAYMENT,INVESTIGATING,2026-09-23 02:41:33.335678
CMP-12458,C550,TX32443,"Tried to pay 1538 taka, said balance low, but I think I have enough funds.",ACCOUNT_ISSUE,NEW,2026-09-21 05:34:40.335678
CMP-12459,C533,TX34417,"Customer care promised reversal for 976 tk within 24 hours, still no refund.",REFUND,NEW,2026-10-03 05:28:24.335678
CMP-12460,C1603,TX23589,"Network timeout during processing, app closed abruptly.",FAILED_PAYMENT,NEW,2026-10-02 03:07:58.335678
CMP-12461,C986,TX32606,"Merchant says payment succeeded and gave goods, but my app shows status 'PENDING'.",TRANSACTION_DISPUTE,RESOLVED,2026-09-24 02:58:46.335678
CMP-12462,C1968,,"Paid 208 taka at merchant around 14:29, merchant claims no payment received.",TRANSACTION_DISPUTE,RESOLVED,2026-09-29 15:33:07.335678
CMP-12463,C1201,,"Internet connection dropped during PIN entry, don't know if money sent.",FAILED_PAYMENT,RESOLVED,2026-10-01 03:18:33.335678
CMP-12464,C1353,,"Status sync issue: money deducted, merchant received, app showing waiting for confirmation.",TRANSACTION_DISPUTE,RESOLVED,2026-09-29 16:32:33.335678
CMP-12465,C827,,"Payment of 8701 failed yesterday, message said reversal in 2 hours but still not refunded.",REFUND,NEW,2026-09-24 14:47:18.335678
CMP-12466,C117,,"Customer care promised reversal for 1546 tk within 24 hours, still no refund.",REFUND,NEW,2026-09-23 07:15:39.335678
CMP-12467,C2497,TX20840,"Network timeout during processing, app closed abruptly.",FAILED_PAYMENT,RESOLVED,2026-09-21 06:36:46.335678
CMP-12468,C513,,"Paid 2417 taka at merchant around 00:58, merchant claims no payment received.",TRANSACTION_DISPUTE,NEW,2026-09-27 02:57:16.335678
CMP-12469,C1522,TX33864,"Merchant says payment succeeded and gave goods, but my app shows status 'PENDING'.",TRANSACTION_DISPUTE,NEW,2026-09-26 19:09:19.335678
CMP-12470,C1478,TX25912,"I only made one payment of 3131 taka, but money was deducted TWICE from my account!",DUPLICATE_PAYMENT,NEW,2026-09-30 09:59:31.335678
CMP-12471,C1558,TX25573,Amar 185 taka refund hoy nai. Payment failed hoise kintu taka ferot ashe nai.,REFUND,INVESTIGATING,2026-09-21 14:59:31.335678
CMP-12472,C2055,,Why is my transaction still showing pending after 3 hours? Amount 473 taka.,TRANSACTION_DISPUTE,INVESTIGATING,2026-09-24 07:34:13.335678
CMP-12473,C1236,,"Status sync issue: money deducted, merchant received, app showing waiting for confirmation.",TRANSACTION_DISPUTE,NEW,2026-09-27 12:19:33.335678
CMP-12474,C2295,,"Customer care promised reversal for 12639 tk within 24 hours, still no refund.",REFUND,NEW,2026-10-01 14:06:52.335678
CMP-12475,C2216,TX30236,"Status sync issue: money deducted, merchant received, app showing waiting for confirmation.",TRANSACTION_DISPUTE,RESOLVED,2026-10-01 15:42:49.335678
CMP-12476,C1591,TX23805,App shows pending for 11865 BDT even though merchant got confirmation SMS.,TRANSACTION_DISPUTE,RESOLVED,2026-09-23 19:42:55.335678
CMP-12477,C2211,TX23478,Money has been deducted from my account (8025 BDT) but the shopkeeper didn't receive it.,TRANSACTION_DISPUTE,RESOLVED,2026-09-21 07:14:00.335678
CMP-12478,C1580,TX25222,"I scanned QR at merchant M171 and 12212 taka was cut, but POS machine showed failed.",TRANSACTION_DISPUTE,RESOLVED,2026-09-27 02:50:24.335678
CMP-12479,C780,TX21325,"Merchant says payment succeeded and gave goods, but my app shows status 'PENDING'.",TRANSACTION_DISPUTE,INVESTIGATING,2026-09-20 22:11:13.335678
CMP-12480,C1646,,Double deduction happened for my merchant bill payment of 473 taka.,DUPLICATE_PAYMENT,NEW,2026-09-21 17:53:22.335678
CMP-12481,C595,TX23658,"Paid 193 taka at merchant around 01:49, merchant claims no payment received.",TRANSACTION_DISPUTE,INVESTIGATING,2026-09-28 02:35:44.335678
CMP-12482,C1676,TX22596,"Payment of 211 failed yesterday, message said reversal in 2 hours but still not refunded.",REFUND,INVESTIGATING,2026-09-29 11:45:16.335678
CMP-12483,C481,TX33006,"Merchant says payment succeeded and gave goods, but my app shows status 'PENDING'.",TRANSACTION_DISPUTE,RESOLVED,2026-10-02 20:49:45.335678
CMP-12484,C254,,Dui bar taka keteche! Paid once but charged twice 2259 tk at merchant M53.,DUPLICATE_PAYMENT,NEW,2026-10-02 17:18:52.335678
CMP-12485,C1403,TX23128,Amar 524 taka refund hoy nai. Payment failed hoise kintu taka ferot ashe nai.,REFUND,NEW,2026-09-26 16:21:38.335678
CMP-12486,C449,TX20855,Taka kete niyeche kintu dokandari pay ni. Amount was 1564 tk at merchant M78.,TRANSACTION_DISPUTE,INVESTIGATING,2026-09-28 17:39:19.335678
CMP-12487,C456,TX30841,Money has been deducted from my account (3112 BDT) but the shopkeeper didn't receive it.,TRANSACTION_DISPUTE,NEW,2026-10-02 18:30:58.335678
CMP-12488,C1247,,Duplicate charge: two debits of 1581 tk within seconds for the same purchase.,DUPLICATE_PAYMENT,NEW,2026-10-02 13:30:21.335678
CMP-12489,C1350,TX23603,Taka kete niyeche kintu dokandari pay ni. Amount was 46 tk at merchant M153.,TRANSACTION_DISPUTE,NEW,2026-09-21 04:45:23.335678
CMP-12490,C2369,TX27548,Dui bar taka keteche! Paid once but charged twice 1539 tk at merchant M25.,DUPLICATE_PAYMENT,INVESTIGATING,2026-09-26 02:13:04.335678
CMP-12491,C1151,TX32325,"Status sync issue: money deducted, merchant received, app showing waiting for confirmation.",TRANSACTION_DISPUTE,RESOLVED,2026-09-30 18:43:52.335678
CMP-12492,C467,,System gave unknown error during payment of 12920 taka.,FAILED_PAYMENT,INVESTIGATING,2026-10-01 09:18:17.335678
CMP-12493,C1230,TX32663,System gave unknown error during payment of 183 taka.,FAILED_PAYMENT,INVESTIGATING,2026-09-26 22:41:06.335678
CMP-12494,C927,TX30107,Double deduction happened for my merchant bill payment of 7756 taka.,DUPLICATE_PAYMENT,NEW,2026-09-22 08:26:08.335678
CMP-12495,C1077,TX20645,"I scanned QR at merchant M168 and 504 taka was cut, but POS machine showed failed.",TRANSACTION_DISPUTE,INVESTIGATING,2026-09-29 07:38:16.335678
CMP-12496,C2252,TX34094,Amar 534 taka refund hoy nai. Payment failed hoise kintu taka ferot ashe nai.,REFUND,INVESTIGATING,2026-09-21 03:00:51.335678
CMP-12497,C2075,,"Internet connection dropped during PIN entry, don't know if money sent.",FAILED_PAYMENT,RESOLVED,2026-09-23 19:19:39.335678
CMP-12498,C1847,,"Tried to pay 3012 taka, said balance low, but I think I have enough funds.",ACCOUNT_ISSUE,INVESTIGATING,2026-10-01 12:49:48.335678
CMP-12499,C1028,TX31292,"Status sync issue: money deducted, merchant received, app showing waiting for confirmation.",TRANSACTION_DISPUTE,NEW,2026-09-23 07:04:44.335678
CMP-12500,C1297,TX24959,Amar 1629 taka refund hoy nai. Payment failed hoise kintu taka ferot ashe nai.,REFUND,NEW,2026-09-26 12:20:00.335678
CMP-12501,C1877,,"Suspicious transaction alert triggered on my account, need urgent review.",ACCOUNT_ISSUE,INVESTIGATING,2026-09-20 05:51:48.335678
CMP-12502,C1495,TX27203,"Payment failed with weird error code ERR_999, what happened to my 929 taka?",FAILED_PAYMENT,RESOLVED,2026-10-02 11:34:51.335678
CMP-12503,C2005,TX25342,Dui bar taka keteche! Paid once but charged twice 483 tk at merchant M79.,DUPLICATE_PAYMENT,NEW,2026-09-23 01:36:33.335678
CMP-12504,C709,TX20681,"Internet connection dropped during PIN entry, don't know if money sent.",FAILED_PAYMENT,INVESTIGATING,2026-09-29 10:58:18.335678
CMP-12505,C2177,,"My account is blocked after repeated transaction attempts, please unblock immediately.",ACCOUNT_ISSUE,RESOLVED,2026-09-20 22:13:01.335678
CMP-12506,C599,TX33655,"Shop owner said money didn't arrive, but SMS shows 5118 deducted.",TRANSACTION_DISPUTE,RESOLVED,2026-09-26 17:33:48.335678
CMP-12507,C2493,TX31857,"Tried to pay 102 taka, said balance low, but I think I have enough funds.",ACCOUNT_ISSUE,NEW,2026-09-30 00:01:01.335678
CMP-12508,C2299,TX20289,Connection lost during payment of 12994 tk to merchant M162.,FAILED_PAYMENT,RESOLVED,2026-09-25 23:45:13.335678
CMP-12509,C2273,TX33528,App timed out showing network error while paying 52 taka.,FAILED_PAYMENT,RESOLVED,2026-09-23 13:13:42.335678
CMP-12510,C698,,"Merchant says payment succeeded and gave goods, but my app shows status 'PENDING'.",TRANSACTION_DISPUTE,NEW,2026-09-21 01:19:40.335678
CMP-12511,C1977,,"I scanned QR at merchant M135 and 191 taka was cut, but POS machine showed failed.",TRANSACTION_DISPUTE,INVESTIGATING,2026-09-26 20:08:10.335678
CMP-12512,C1265,TX31431,"Failed transaction of 500 tk on 11:26, reversal missing from my statement.",REFUND,RESOLVED,2026-10-01 12:07:17.335678
CMP-12513,C2289,,"Status sync issue: money deducted, merchant received, app showing waiting for confirmation.",TRANSACTION_DISPUTE,RESOLVED,2026-09-28 23:22:54.335678
CMP-12514,C1140,TX34614,"Failed transaction of 3256 tk on 22:48, reversal missing from my statement.",REFUND,RESOLVED,2026-10-03 23:11:18.335678
CMP-12515,C1210,TX22779,"Transaction crashed with unknown server error, please investigate.",FAILED_PAYMENT,NEW,2026-09-29 16:30:31.335678
CMP-12516,C1670,TX28438,"Status sync issue: money deducted, merchant received, app showing waiting for confirmation.",TRANSACTION_DISPUTE,NEW,2026-10-02 09:53:06.335678
CMP-12517,C1516,TX33324,"Merchant says payment succeeded and gave goods, but my app shows status 'PENDING'.",TRANSACTION_DISPUTE,RESOLVED,2026-09-28 20:50:33.335678
CMP-12518,C2125,,"Transaction was rejected stating insufficient balance, please check my account statement.",ACCOUNT_ISSUE,RESOLVED,2026-09-24 13:06:33.335678
CMP-12519,C2192,TX27822,"I scanned QR at merchant M50 and 7740 taka was cut, but POS machine showed failed.",TRANSACTION_DISPUTE,NEW,2026-09-22 16:03:23.335678
CMP-12520,C1625,,"Transaction was rejected stating insufficient balance, please check my account statement.",ACCOUNT_ISSUE,RESOLVED,2026-09-27 13:56:22.335678
CMP-12521,C222,TX22178,"Transaction was rejected stating insufficient balance, please check my account statement.",ACCOUNT_ISSUE,RESOLVED,2026-10-02 00:02:16.335678
CMP-12522,C2210,TX21897,Connection lost during payment of 5181 tk to merchant M55.,FAILED_PAYMENT,RESOLVED,2026-09-29 22:54:24.335678
CMP-12523,C850,,App shows pending for 11072 BDT even though merchant got confirmation SMS.,TRANSACTION_DISPUTE,NEW,2026-09-24 19:01:55.335678
CMP-12524,C2377,TX21796,"Status sync issue: money deducted, merchant received, app showing waiting for confirmation.",TRANSACTION_DISPUTE,INVESTIGATING,2026-09-24 10:29:23.335678
CMP-12525,C1171,TX33624,"Suspicious transaction alert triggered on my account, need urgent review.",ACCOUNT_ISSUE,INVESTIGATING,2026-09-20 14:23:12.335678
CMP-12526,C229,TX28388,"Transaction was rejected stating insufficient balance, please check my account statement.",ACCOUNT_ISSUE,INVESTIGATING,2026-10-01 06:03:33.335678
CMP-12527,C1549,,"Merchant says payment succeeded and gave goods, but my app shows status 'PENDING'.",TRANSACTION_DISPUTE,RESOLVED,2026-10-01 05:03:56.335678
CMP-12528,C1575,TX25350,"Internet connection dropped during PIN entry, don't know if money sent.",FAILED_PAYMENT,NEW,2026-09-22 19:26:45.335678
CMP-12529,C1189,TX30030,"Transaction failed at payment gateway, money deducted from wallet, no reversal received yet.",REFUND,INVESTIGATING,2026-09-21 03:47:38.335678
CMP-12530,C153,,System gave unknown error during payment of 101 taka.,FAILED_PAYMENT,NEW,2026-09-25 08:05:52.335678
CMP-12531,C849,TX21682,"Internet connection dropped during PIN entry, don't know if money sent.",FAILED_PAYMENT,RESOLVED,2026-10-01 17:30:56.335678
CMP-12532,C732,TX20103,"Internet connection dropped during PIN entry, don't know if money sent.",FAILED_PAYMENT,NEW,2026-09-28 04:48:29.335678
CMP-12533,C654,TX30017,"Network timeout during processing, app closed abruptly.",FAILED_PAYMENT,RESOLVED,2026-09-21 22:47:39.335678
CMP-12534,C1709,TX27809,"Network timeout during processing, app closed abruptly.",FAILED_PAYMENT,INVESTIGATING,2026-09-24 00:07:37.335678
CMP-12535,C1577,TX26029,App timed out showing network error while paying 1558 taka.,FAILED_PAYMENT,INVESTIGATING,2026-09-28 01:05:16.335678
CMP-12536,C157,TX24922,"Paid 4774 taka at merchant around 02:29, merchant claims no payment received.",TRANSACTION_DISPUTE,INVESTIGATING,2026-09-26 03:01:14.335678
CMP-12537,C889,TX26656,"Status sync issue: money deducted, merchant received, app showing waiting for confirmation.",TRANSACTION_DISPUTE,INVESTIGATING,2026-09-20 19:24:08.335678
CMP-12538,C1745,,"Status sync issue: money deducted, merchant received, app showing waiting for confirmation.",TRANSACTION_DISPUTE,NEW,2026-09-26 23:18:36.335678
CMP-12539,C1308,,"Internet connection dropped during PIN entry, don't know if money sent.",FAILED_PAYMENT,RESOLVED,2026-09-21 15:32:14.335678
CMP-12540,C2318,TX24984,"Customer care promised reversal for 1376 tk within 24 hours, still no refund.",REFUND,INVESTIGATING,2026-09-20 18:39:35.335678
CMP-12541,C914,TX26832,"Payment of 12860 failed yesterday, message said reversal in 2 hours but still not refunded.",REFUND,NEW,2026-09-20 02:32:00.335678
CMP-12542,C1909,,"I scanned QR at merchant M167 and 12225 taka was cut, but POS machine showed failed.",TRANSACTION_DISPUTE,NEW,2026-10-01 03:19:24.335678
CMP-12543,C2477,,App shows pending for 991 BDT even though merchant got confirmation SMS.,TRANSACTION_DISPUTE,INVESTIGATING,2026-09-23 08:45:01.335678
CMP-12544,C627,TX25310,"Transaction failed at payment gateway, money deducted from wallet, no reversal received yet.",REFUND,INVESTIGATING,2026-09-30 06:38:17.335678
CMP-12545,C451,TX20275,"Transaction failed at payment gateway, money deducted from wallet, no reversal received yet.",REFUND,NEW,2026-09-22 00:40:21.335678
CMP-12546,C1661,TX27249,"Status sync issue: money deducted, merchant received, app showing waiting for confirmation.",TRANSACTION_DISPUTE,NEW,2026-09-22 17:08:41.335678
CMP-12547,C2055,TX20233,"Transaction crashed with unknown server error, please investigate.",FAILED_PAYMENT,NEW,2026-09-25 16:57:58.335678
CMP-12548,C2180,TX32144,"I only made one payment of 503 taka, but money was deducted TWICE from my account!",DUPLICATE_PAYMENT,INVESTIGATING,2026-09-30 11:40:18.335678
CMP-12549,C221,TX25636,"Merchant says payment succeeded and gave goods, but my app shows status 'PENDING'.",TRANSACTION_DISPUTE,RESOLVED,2026-09-22 02:08:23.335678
CMP-12550,C2322,TX33831,"Merchant says payment succeeded and gave goods, but my app shows status 'PENDING'.",TRANSACTION_DISPUTE,INVESTIGATING,2026-09-28 23:32:06.335678
CMP-12551,C2024,,"Internet connection dropped during PIN entry, don't know if money sent.",FAILED_PAYMENT,RESOLVED,2026-09-29 20:57:51.335678
CMP-12552,C985,TX32657,Double deduction happened for my merchant bill payment of 185 taka.,DUPLICATE_PAYMENT,NEW,2026-09-26 07:46:50.335678
CMP-12553,C1740,TX33295,"I scanned QR at merchant M145 and 2653 taka was cut, but POS machine showed failed.",TRANSACTION_DISPUTE,NEW,2026-10-02 17:33:26.335678
CMP-12554,C900,TX25795,Dui bar taka keteche! Paid once but charged twice 1012 tk at merchant M58.,DUPLICATE_PAYMENT,NEW,2026-09-22 10:14:54.335678
CMP-12555,C301,,"Network timeout during processing, app closed abruptly.",FAILED_PAYMENT,RESOLVED,2026-10-02 18:33:13.335678
CMP-12556,C2190,,App shows pending for 457 BDT even though merchant got confirmation SMS.,TRANSACTION_DISPUTE,RESOLVED,2026-09-27 01:45:19.335678
CMP-12557,C712,,Why did my payment get cancelled for balance check error?,ACCOUNT_ISSUE,RESOLVED,2026-09-22 19:38:36.335678
CMP-12558,C1752,TX20943,"Customer care promised reversal for 4799 tk within 24 hours, still no refund.",REFUND,NEW,2026-09-20 13:56:12.335678
CMP-12559,C456,TX30841,"Paid 3112 taka at merchant around 17:18, merchant claims no payment received.",TRANSACTION_DISPUTE,NEW,2026-10-02 18:27:58.335678
CMP-12560,C1298,TX21998,"Transaction failed at payment gateway, money deducted from wallet, no reversal received yet.",REFUND,INVESTIGATING,2026-09-23 15:28:15.335678
CMP-12561,C1729,TX27879,Duplicate charge: two debits of 213 tk within seconds for the same purchase.,DUPLICATE_PAYMENT,NEW,2026-09-29 09:58:17.335678
CMP-12562,C203,TX20450,Money has been deducted from my account (182 BDT) but the shopkeeper didn't receive it.,TRANSACTION_DISPUTE,RESOLVED,2026-09-24 20:26:00.335678
CMP-12563,C459,TX32159,Duplicate charge: two debits of 8266 tk within seconds for the same purchase.,DUPLICATE_PAYMENT,NEW,2026-10-03 19:51:04.335678
CMP-12564,C732,TX20122,Money has been deducted from my account (11037 BDT) but the shopkeeper didn't receive it.,TRANSACTION_DISPUTE,INVESTIGATING,2026-09-29 22:37:36.335678
CMP-12565,C368,TX20464,Taka kete niyeche kintu dokandari pay ni. Amount was 12310 tk at merchant M63.,TRANSACTION_DISPUTE,INVESTIGATING,2026-09-30 08:02:06.335678
CMP-12566,C1071,TX29518,"Suspicious transaction alert triggered on my account, need urgent review.",ACCOUNT_ISSUE,NEW,2026-09-27 21:10:02.335678
CMP-12567,C545,,App timed out showing network error while paying 1550 taka.,FAILED_PAYMENT,NEW,2026-10-03 20:27:27.335678
CMP-12568,C148,,Why did my payment get cancelled for balance check error?,ACCOUNT_ISSUE,INVESTIGATING,2026-09-27 16:59:47.335678
CMP-12569,C1580,TX24411,Taka kete niyeche kintu dokandari pay ni. Amount was 2806 tk at merchant M149.,TRANSACTION_DISPUTE,RESOLVED,2026-09-27 01:18:58.335678
CMP-12570,C894,,"I scanned QR at merchant M39 and 1095 taka was cut, but POS machine showed failed.",TRANSACTION_DISPUTE,INVESTIGATING,2026-09-23 18:29:01.335678
CMP-12571,C507,,Amar 2627 taka refund hoy nai. Payment failed hoise kintu taka ferot ashe nai.,REFUND,NEW,2026-09-29 07:02:14.335678
CMP-12572,C276,TX30427,Connection lost during payment of 219 tk to merchant M146.,FAILED_PAYMENT,INVESTIGATING,2026-10-02 09:32:01.335678
CMP-12573,C817,TX20178,"Paid 3288 taka at merchant around 09:14, merchant claims no payment received.",TRANSACTION_DISPUTE,NEW,2026-09-24 11:09:59.335678
CMP-12574,C817,TX29832,"Suspicious transaction alert triggered on my account, need urgent review.",ACCOUNT_ISSUE,INVESTIGATING,2026-10-03 02:12:31.335678
CMP-12575,C845,TX26922,"Payment failed with weird error code ERR_999, what happened to my 521 taka?",FAILED_PAYMENT,NEW,2026-09-22 11:10:11.335678
CMP-12576,C1695,TX24081,"Merchant says payment succeeded and gave goods, but my app shows status 'PENDING'.",TRANSACTION_DISPUTE,NEW,2026-09-23 22:24:07.335678
CMP-12577,C656,TX29318,Double deduction happened for my merchant bill payment of 46 taka.,DUPLICATE_PAYMENT,RESOLVED,2026-09-22 22:23:55.335678
CMP-12578,C931,TX28218,"Internet connection dropped during PIN entry, don't know if money sent.",FAILED_PAYMENT,RESOLVED,2026-09-29 05:32:00.335678
CMP-12579,C105,TX21784,"Customer care promised reversal for 2545 tk within 24 hours, still no refund.",REFUND,RESOLVED,2026-09-23 03:24:31.335678
CMP-12580,C871,TX32905,"Paid 46 taka at merchant around 01:23, merchant claims no payment received.",TRANSACTION_DISPUTE,RESOLVED,2026-09-30 01:54:35.335678
CMP-12581,C2314,TX33954,"I only made one payment of 194 taka, but money was deducted TWICE from my account!",DUPLICATE_PAYMENT,RESOLVED,2026-09-21 17:23:56.335678
CMP-12582,C1716,TX34537,"Shop owner said money didn't arrive, but SMS shows 12579 deducted.",TRANSACTION_DISPUTE,NEW,2026-09-22 03:47:02.335678
CMP-12583,C903,TX23234,"Transaction failed at payment gateway, money deducted from wallet, no reversal received yet.",REFUND,INVESTIGATING,2026-09-27 20:46:06.335678
CMP-12584,C2167,TX28917,"Transaction was rejected stating insufficient balance, please check my account statement.",ACCOUNT_ISSUE,INVESTIGATING,2026-09-27 00:25:33.335678
CMP-12585,C1141,,Why did my payment get cancelled for balance check error?,ACCOUNT_ISSUE,RESOLVED,2026-09-22 12:53:20.335678
CMP-12586,C1245,TX31219,"Tried to pay 2619 taka, said balance low, but I think I have enough funds.",ACCOUNT_ISSUE,NEW,2026-09-20 15:40:25.335678
CMP-12587,C278,TX22098,"Status sync issue: money deducted, merchant received, app showing waiting for confirmation.",TRANSACTION_DISPUTE,NEW,2026-09-21 06:52:47.335678
CMP-12588,C1911,,"Suspicious transaction alert triggered on my account, need urgent review.",ACCOUNT_ISSUE,NEW,2026-10-03 12:53:15.335678
CMP-12589,C2159,TX22450,App timed out showing network error while paying 100 taka.,FAILED_PAYMENT,RESOLVED,2026-09-30 03:48:07.335678
CMP-12590,C651,TX25318,Connection lost during payment of 11169 tk to merchant M21.,FAILED_PAYMENT,RESOLVED,2026-09-20 09:38:32.335678
CMP-12591,C1383,,Connection lost during payment of 524 tk to merchant M101.,FAILED_PAYMENT,RESOLVED,2026-09-27 11:37:58.335678
CMP-12592,C2051,TX20515,"Transaction was rejected stating insufficient balance, please check my account statement.",ACCOUNT_ISSUE,NEW,2026-09-26 12:52:47.335678
CMP-12593,C2274,,"Suspicious transaction alert triggered on my account, need urgent review.",ACCOUNT_ISSUE,RESOLVED,2026-09-21 23:06:41.335678
CMP-12594,C1532,TX25558,Why did my payment get cancelled for balance check error?,ACCOUNT_ISSUE,NEW,2026-10-02 07:51:28.335678
CMP-12595,C919,,Why did my payment get cancelled for balance check error?,ACCOUNT_ISSUE,NEW,2026-09-29 13:57:56.335678
CMP-12596,C707,TX21416,"Shop owner said money didn't arrive, but SMS shows 47 deducted.",TRANSACTION_DISPUTE,INVESTIGATING,2026-10-02 14:03:00.335678
CMP-12597,C497,TX22276,"I scanned QR at merchant M59 and 522 taka was cut, but POS machine showed failed.",TRANSACTION_DISPUTE,NEW,2026-10-03 01:29:12.335678
CMP-12598,C2417,TX33350,"Shop owner said money didn't arrive, but SMS shows 1083 deducted.",TRANSACTION_DISPUTE,NEW,2026-09-30 10:55:36.335678
CMP-12599,C1249,TX22988,"Status sync issue: money deducted, merchant received, app showing waiting for confirmation.",TRANSACTION_DISPUTE,RESOLVED,2026-10-03 00:49:31.335678
CMP-12600,C1945,TX31368,Duplicate charge: two debits of 4733 tk within seconds for the same purchase.,DUPLICATE_PAYMENT,RESOLVED,2026-09-22 17:13:39.335678
CMP-12601,C793,TX20885,"Suspicious transaction alert triggered on my account, need urgent review.",ACCOUNT_ISSUE,RESOLVED,2026-09-21 09:19:42.335678
CMP-12602,C1790,TX34045,"Internet connection dropped during PIN entry, don't know if money sent.",FAILED_PAYMENT,RESOLVED,2026-09-23 04:00:28.335678
CMP-12603,C1292,,"Payment of 2704 failed yesterday, message said reversal in 2 hours but still not refunded.",REFUND,INVESTIGATING,2026-09-25 06:05:21.335678
CMP-12604,C305,,Why did my payment get cancelled for balance check error?,ACCOUNT_ISSUE,NEW,2026-09-28 13:35:33.335678
CMP-12605,C1147,TX33417,"Customer care promised reversal for 2801 tk within 24 hours, still no refund.",REFUND,INVESTIGATING,2026-09-26 02:40:50.335678
CMP-12606,C2061,TX24443,"Merchant says payment succeeded and gave goods, but my app shows status 'PENDING'.",TRANSACTION_DISPUTE,RESOLVED,2026-09-29 03:58:19.335678
CMP-12607,C1550,TX29788,"Internet connection dropped during PIN entry, don't know if money sent.",FAILED_PAYMENT,NEW,2026-09-20 00:36:46.335678
CMP-12608,C1251,TX21571,Amar 547 taka refund hoy nai. Payment failed hoise kintu taka ferot ashe nai.,REFUND,NEW,2026-09-30 19:58:26.335678
CMP-12609,C248,,Why did my payment get cancelled for balance check error?,ACCOUNT_ISSUE,RESOLVED,2026-09-20 14:04:23.335678
CMP-12610,C1366,TX21743,"I only made one payment of 1413 taka, but money was deducted TWICE from my account!",DUPLICATE_PAYMENT,INVESTIGATING,2026-09-23 14:53:05.335678
CMP-12611,C673,TX20324,"Internet connection dropped during PIN entry, don't know if money sent.",FAILED_PAYMENT,INVESTIGATING,2026-09-30 09:17:08.335678
CMP-12612,C515,,"Transaction was rejected stating insufficient balance, please check my account statement.",ACCOUNT_ISSUE,RESOLVED,2026-09-25 09:12:35.335678
CMP-12613,C1047,,"Transaction crashed with unknown server error, please investigate.",FAILED_PAYMENT,NEW,2026-09-26 20:36:33.335678
CMP-12614,C1321,TX30312,"Payment of 1045 failed yesterday, message said reversal in 2 hours but still not refunded.",REFUND,INVESTIGATING,2026-09-27 10:07:46.335678
CMP-12615,C1251,,App shows pending for 216 BDT even though merchant got confirmation SMS.,TRANSACTION_DISPUTE,RESOLVED,2026-09-26 17:28:45.335678
CMP-12616,C278,,"Merchant says payment succeeded and gave goods, but my app shows status 'PENDING'.",TRANSACTION_DISPUTE,INVESTIGATING,2026-09-21 06:55:47.335678
CMP-12617,C1531,TX27981,Amar 1413 taka refund hoy nai. Payment failed hoise kintu taka ferot ashe nai.,REFUND,RESOLVED,2026-09-22 12:21:00.335678
CMP-12618,C2380,,"Transaction crashed with unknown server error, please investigate.",FAILED_PAYMENT,INVESTIGATING,2026-10-02 17:53:13.335678
CMP-12619,C1158,TX22334,"Shop owner said money didn't arrive, but SMS shows 2884 deducted.",TRANSACTION_DISPUTE,RESOLVED,2026-09-25 13:38:13.335678
CMP-12620,C508,TX24833,Money has been deducted from my account (7833 BDT) but the shopkeeper didn't receive it.,TRANSACTION_DISPUTE,RESOLVED,2026-09-27 17:21:35.335678
CMP-12621,C378,TX28093,"Tried to pay 2466 taka, said balance low, but I think I have enough funds.",ACCOUNT_ISSUE,NEW,2026-10-01 11:47:45.335678
CMP-12622,C550,TX29864,"Transaction crashed with unknown server error, please investigate.",FAILED_PAYMENT,INVESTIGATING,2026-10-03 21:04:59.335678
CMP-12623,C996,TX21186,"Transaction was rejected stating insufficient balance, please check my account statement.",ACCOUNT_ISSUE,RESOLVED,2026-10-02 11:22:47.335678
CMP-12624,C2093,TX33538,"Merchant says payment succeeded and gave goods, but my app shows status 'PENDING'.",TRANSACTION_DISPUTE,NEW,2026-10-03 03:56:13.335678
CMP-12625,C467,TX32737,"Customer care promised reversal for 193 tk within 24 hours, still no refund.",REFUND,NEW,2026-10-01 18:35:42.335678
CMP-12626,C1991,TX25581,Duplicate charge: two debits of 4996 tk within seconds for the same purchase.,DUPLICATE_PAYMENT,NEW,2026-10-02 14:50:51.335678
CMP-12627,C1579,TX31948,"Network timeout during processing, app closed abruptly.",FAILED_PAYMENT,RESOLVED,2026-09-25 01:26:14.335678
CMP-12628,C812,TX24906,"Paid 12360 taka at merchant around 04:13, merchant claims no payment received.",TRANSACTION_DISPUTE,RESOLVED,2026-10-03 04:20:34.335678
CMP-12629,C1941,,"Failed transaction of 47 tk on 22:16, reversal missing from my statement.",REFUND,NEW,2026-09-20 22:51:48.335678
CMP-12630,C2360,TX24758,"Transaction was rejected stating insufficient balance, please check my account statement.",ACCOUNT_ISSUE,NEW,2026-09-20 16:03:47.335678
CMP-12631,C457,TX31926,"Paid 184 taka at merchant around 14:38, merchant claims no payment received.",TRANSACTION_DISPUTE,NEW,2026-09-25 15:52:54.335678
CMP-12632,C1669,TX22818,"Status sync issue: money deducted, merchant received, app showing waiting for confirmation.",TRANSACTION_DISPUTE,RESOLVED,2026-09-29 23:37:23.335678
CMP-12633,C2269,,System gave unknown error during payment of 3024 taka.,FAILED_PAYMENT,RESOLVED,2026-09-27 04:47:27.335678
CMP-12634,C230,TX21967,"Customer care promised reversal for 208 tk within 24 hours, still no refund.",REFUND,NEW,2026-09-30 14:34:26.335678
CMP-12635,C596,TX31610,System gave unknown error during payment of 7292 taka.,FAILED_PAYMENT,INVESTIGATING,2026-09-28 13:44:33.335678
CMP-12636,C888,TX32460,Got security warning after attempting multiple payments of 60000 taka.,ACCOUNT_ISSUE,INVESTIGATING,2026-09-21 10:59:19.335678
CMP-12637,C2186,TX32249,"Internet connection dropped during PIN entry, don't know if money sent.",FAILED_PAYMENT,RESOLVED,2026-09-20 07:44:41.335678
CMP-12638,C1600,TX24473,"Merchant says payment succeeded and gave goods, but my app shows status 'PENDING'.",TRANSACTION_DISPUTE,INVESTIGATING,2026-10-01 18:33:57.335678
CMP-12639,C2128,TX23181,"Tried to pay 51 taka, said balance low, but I think I have enough funds.",ACCOUNT_ISSUE,NEW,2026-09-26 19:16:39.335678
CMP-12640,C1171,TX25951,"Transaction was rejected stating insufficient balance, please check my account statement.",ACCOUNT_ISSUE,NEW,2026-09-20 23:02:50.335678
CMP-12641,C1586,TX32117,"I only made one payment of 466 taka, but money was deducted TWICE from my account!",DUPLICATE_PAYMENT,RESOLVED,2026-09-28 06:33:35.335678
CMP-12642,C1497,TX26992,Double deduction happened for my merchant bill payment of 2615 taka.,DUPLICATE_PAYMENT,NEW,2026-09-22 16:24:21.335678
CMP-12643,C1626,TX34123,Taka kete niyeche kintu dokandari pay ni. Amount was 2787 tk at merchant M18.,TRANSACTION_DISPUTE,RESOLVED,2026-09-30 02:25:39.335678
CMP-12644,C1111,TX26960,Amar 192 taka refund hoy nai. Payment failed hoise kintu taka ferot ashe nai.,REFUND,RESOLVED,2026-09-29 13:07:15.335678
CMP-12645,C2316,,"Transaction was rejected stating insufficient balance, please check my account statement.",ACCOUNT_ISSUE,RESOLVED,2026-09-28 20:01:19.335678
CMP-12646,C756,TX33726,Connection lost during payment of 8787 tk to merchant M149.,FAILED_PAYMENT,NEW,2026-10-01 10:41:53.335678
CMP-12647,C2028,TX27274,"Payment of 7354 failed yesterday, message said reversal in 2 hours but still not refunded.",REFUND,INVESTIGATING,2026-10-02 05:07:37.335678
CMP-12648,C1689,,"Failed transaction of 92 tk on 10:38, reversal missing from my statement.",REFUND,NEW,2026-09-26 11:50:40.335678
CMP-12649,C1591,TX30191,"Payment of 51 failed yesterday, message said reversal in 2 hours but still not refunded.",REFUND,RESOLVED,2026-10-03 11:23:01.335678
CMP-12650,C329,TX27794,"Transaction crashed with unknown server error, please investigate.",FAILED_PAYMENT,INVESTIGATING,2026-09-20 18:28:29.335678
CMP-12651,C1369,TX28256,Double deduction happened for my merchant bill payment of 2943 taka.,DUPLICATE_PAYMENT,INVESTIGATING,2026-10-01 12:08:13.335678
CMP-12652,C2348,,Why did my payment get cancelled for balance check error?,ACCOUNT_ISSUE,RESOLVED,2026-09-26 17:47:03.335678
CMP-12653,C608,TX20743,"Customer care promised reversal for 12942 tk within 24 hours, still no refund.",REFUND,RESOLVED,2026-09-24 07:52:25.335678
CMP-12654,C1405,,"Merchant says payment succeeded and gave goods, but my app shows status 'PENDING'.",TRANSACTION_DISPUTE,NEW,2026-09-24 21:21:39.335678
CMP-12655,C1733,TX30193,"My account is blocked after repeated transaction attempts, please unblock immediately.",ACCOUNT_ISSUE,INVESTIGATING,2026-09-23 05:46:10.335678
CMP-12656,C758,TX21136,"Customer care promised reversal for 2427 tk within 24 hours, still no refund.",REFUND,INVESTIGATING,2026-09-29 11:34:16.335678
CMP-12657,C1920,,"My account is blocked after repeated transaction attempts, please unblock immediately.",ACCOUNT_ISSUE,RESOLVED,2026-10-03 10:41:59.335678
CMP-12658,C2394,TX30411,"Shop owner said money didn't arrive, but SMS shows 1415 deducted.",TRANSACTION_DISPUTE,INVESTIGATING,2026-09-23 23:09:39.335678
CMP-12659,C198,TX22761,"I only made one payment of 479 taka, but money was deducted TWICE from my account!",DUPLICATE_PAYMENT,INVESTIGATING,2026-10-01 10:54:33.335678
CMP-12660,C110,TX34331,Connection lost during payment of 97 tk to merchant M87.,FAILED_PAYMENT,INVESTIGATING,2026-09-20 13:12:18.335678
CMP-12661,C2400,,Connection lost during payment of 7539 tk to merchant M17.,FAILED_PAYMENT,RESOLVED,2026-09-22 00:34:49.335678
CMP-12662,C986,,Dui bar taka keteche! Paid once but charged twice 7434 tk at merchant M33.,DUPLICATE_PAYMENT,INVESTIGATING,2026-10-01 13:12:35.335678
CMP-12663,C912,TX29142,"I only made one payment of 219 taka, but money was deducted TWICE from my account!",DUPLICATE_PAYMENT,RESOLVED,2026-10-02 09:09:52.335678
CMP-12664,C1048,TX23383,"Transaction was rejected stating insufficient balance, please check my account statement.",ACCOUNT_ISSUE,INVESTIGATING,2026-09-20 01:02:44.335678
CMP-12665,C848,TX21423,Duplicate charge: two debits of 12858 tk within seconds for the same purchase.,DUPLICATE_PAYMENT,NEW,2026-10-01 00:51:34.335678
CMP-12666,C590,,Why is my transaction still showing pending after 3 hours? Amount 4966 taka.,TRANSACTION_DISPUTE,NEW,2026-09-24 09:42:08.335678
CMP-12667,C837,TX29880,"Transaction failed at payment gateway, money deducted from wallet, no reversal received yet.",REFUND,RESOLVED,2026-10-02 16:50:09.335678
CMP-12668,C1315,TX27370,App shows pending for 90 BDT even though merchant got confirmation SMS.,TRANSACTION_DISPUTE,INVESTIGATING,2026-09-27 10:58:03.335678
CMP-12669,C397,TX23629,"Network timeout during processing, app closed abruptly.",FAILED_PAYMENT,NEW,2026-09-27 10:13:23.335678
CMP-12670,C555,TX23413,"Customer care promised reversal for 45 tk within 24 hours, still no refund.",REFUND,INVESTIGATING,2026-09-30 07:26:25.335678
CMP-12671,C2318,,Got security warning after attempting multiple payments of 60000 taka.,ACCOUNT_ISSUE,NEW,2026-09-21 06:56:26.335678
CMP-12672,C1667,,Why did my payment get cancelled for balance check error?,ACCOUNT_ISSUE,NEW,2026-10-01 20:05:32.335678
CMP-12673,C1988,,"Paid 12594 taka at merchant around 05:19, merchant claims no payment received.",TRANSACTION_DISPUTE,RESOLVED,2026-09-27 06:05:44.335678
CMP-12674,C543,TX32934,Why did my payment get cancelled for balance check error?,ACCOUNT_ISSUE,NEW,2026-09-29 23:32:00.335678
CMP-12675,C1329,TX22404,"Payment of 4524 failed yesterday, message said reversal in 2 hours but still not refunded.",REFUND,RESOLVED,2026-09-26 12:56:16.335678
CMP-12676,C348,TX27204,"Suspicious transaction alert triggered on my account, need urgent review.",ACCOUNT_ISSUE,INVESTIGATING,2026-09-27 07:14:28.335678
CMP-12677,C1160,,"Transaction failed at payment gateway, money deducted from wallet, no reversal received yet.",REFUND,INVESTIGATING,2026-09-24 15:14:13.335678
CMP-12678,C1089,,"Tried to pay 2538 taka, said balance low, but I think I have enough funds.",ACCOUNT_ISSUE,INVESTIGATING,2026-09-30 02:09:22.335678
CMP-12679,C174,TX24504,Taka kete niyeche kintu dokandari pay ni. Amount was 5041 tk at merchant M92.,TRANSACTION_DISPUTE,INVESTIGATING,2026-09-20 06:28:30.335678
CMP-12680,C527,TX22886,"Payment of 11883 failed yesterday, message said reversal in 2 hours but still not refunded.",REFUND,RESOLVED,2026-09-30 08:35:23.335678
CMP-12681,C1119,TX26090,"Tried to pay 218 taka, said balance low, but I think I have enough funds.",ACCOUNT_ISSUE,NEW,2026-09-21 13:09:54.335678
CMP-12682,C577,TX34962,Taka kete niyeche kintu dokandari pay ni. Amount was 52 tk at merchant M67.,TRANSACTION_DISPUTE,INVESTIGATING,2026-09-27 14:14:21.335678
CMP-12683,C137,,"Suspicious transaction alert triggered on my account, need urgent review.",ACCOUNT_ISSUE,RESOLVED,2026-10-02 21:53:39.335678
CMP-12684,C341,TX30832,"Tried to pay 45 taka, said balance low, but I think I have enough funds.",ACCOUNT_ISSUE,RESOLVED,2026-09-20 07:00:59.335678
CMP-12685,C1472,TX20343,Connection lost during payment of 11703 tk to merchant M10.,FAILED_PAYMENT,RESOLVED,2026-09-22 13:07:11.335678
CMP-12686,C2088,TX23346,Money has been deducted from my account (5000 BDT) but the shopkeeper didn't receive it.,TRANSACTION_DISPUTE,RESOLVED,2026-10-03 01:34:31.335678
CMP-12687,C166,TX30407,"My account is blocked after repeated transaction attempts, please unblock immediately.",ACCOUNT_ISSUE,NEW,2026-09-24 16:23:22.335678
CMP-12688,C322,TX34463,App shows pending for 90 BDT even though merchant got confirmation SMS.,TRANSACTION_DISPUTE,RESOLVED,2026-10-03 15:11:30.335678
CMP-12689,C1657,TX20892,"I scanned QR at merchant M99 and 11310 taka was cut, but POS machine showed failed.",TRANSACTION_DISPUTE,INVESTIGATING,2026-09-26 20:07:27.335678
CMP-12690,C1999,,"Network timeout during processing, app closed abruptly.",FAILED_PAYMENT,NEW,2026-09-28 20:41:02.335678
CMP-12691,C774,TX31480,"Transaction crashed with unknown server error, please investigate.",FAILED_PAYMENT,INVESTIGATING,2026-09-30 04:23:24.335678
CMP-12692,C1718,TX23710,"Paid 1367 taka at merchant around 01:19, merchant claims no payment received.",TRANSACTION_DISPUTE,INVESTIGATING,2026-09-21 01:35:32.335678
CMP-12693,C2410,TX25547,"Transaction was rejected stating insufficient balance, please check my account statement.",ACCOUNT_ISSUE,NEW,2026-09-24 15:31:19.335678
CMP-12694,C2026,TX25976,"Customer care promised reversal for 1641 tk within 24 hours, still no refund.",REFUND,INVESTIGATING,2026-10-02 22:00:06.335678
CMP-12695,C1150,,"Tried to pay 50 taka, said balance low, but I think I have enough funds.",ACCOUNT_ISSUE,NEW,2026-09-29 09:13:39.335678
CMP-12696,C2107,TX33143,"I only made one payment of 482 taka, but money was deducted TWICE from my account!",DUPLICATE_PAYMENT,NEW,2026-09-20 21:28:09.335678
CMP-12697,C1115,TX22176,"Paid 2658 taka at merchant around 15:34, merchant claims no payment received.",TRANSACTION_DISPUTE,RESOLVED,2026-09-27 16:28:36.335678
CMP-12698,C1771,TX26161,Double deduction happened for my merchant bill payment of 96 taka.,DUPLICATE_PAYMENT,INVESTIGATING,2026-10-02 09:23:51.335678
CMP-12699,C2014,,Got security warning after attempting multiple payments of 45000 taka.,ACCOUNT_ISSUE,INVESTIGATING,2026-09-26 16:25:38.335678
CMP-12700,C2469,TX24001,"Merchant says payment succeeded and gave goods, but my app shows status 'PENDING'.",TRANSACTION_DISPUTE,NEW,2026-09-27 18:30:59.335678
CMP-12701,C2079,,"I only made one payment of 1608 taka, but money was deducted TWICE from my account!",DUPLICATE_PAYMENT,NEW,2026-09-26 12:55:40.335678
CMP-12702,C2156,TX24044,"Transaction crashed with unknown server error, please investigate.",FAILED_PAYMENT,RESOLVED,2026-09-25 21:17:59.335678
CMP-12703,C1186,TX32182,Money has been deducted from my account (11225 BDT) but the shopkeeper didn't receive it.,TRANSACTION_DISPUTE,INVESTIGATING,2026-09-29 21:59:21.335678
CMP-12704,C1302,TX28014,"Failed transaction of 3286 tk on 22:22, reversal missing from my statement.",REFUND,RESOLVED,2026-10-03 00:04:02.335678
CMP-12705,C2008,TX25674,"Failed transaction of 2488 tk on 08:26, reversal missing from my statement.",REFUND,RESOLVED,2026-09-28 09:08:48.335678
CMP-12706,C2273,TX33528,"Network timeout during processing, app closed abruptly.",FAILED_PAYMENT,NEW,2026-09-23 13:20:42.335678
CMP-12707,C1457,TX32283,"I scanned QR at merchant M42 and 1405 taka was cut, but POS machine showed failed.",TRANSACTION_DISPUTE,INVESTIGATING,2026-09-30 10:45:16.335678
CMP-12708,C1294,,"Internet connection dropped during PIN entry, don't know if money sent.",FAILED_PAYMENT,INVESTIGATING,2026-09-29 18:46:29.335678
CMP-12709,C1057,TX22566,Connection lost during payment of 5424 tk to merchant M113.,FAILED_PAYMENT,RESOLVED,2026-09-28 21:50:27.335678
CMP-12710,C2271,TX31941,Money has been deducted from my account (51 BDT) but the shopkeeper didn't receive it.,TRANSACTION_DISPUTE,RESOLVED,2026-10-03 21:18:18.335678
CMP-12711,C1553,TX26605,App timed out showing network error while paying 182 taka.,FAILED_PAYMENT,NEW,2026-09-25 22:18:10.335678
CMP-12712,C1699,TX22168,"I only made one payment of 8280 taka, but money was deducted TWICE from my account!",DUPLICATE_PAYMENT,RESOLVED,2026-09-28 00:57:05.335678
CMP-12713,C703,TX24957,Got security warning after attempting multiple payments of 85000 taka.,ACCOUNT_ISSUE,NEW,2026-09-21 09:05:50.335678
CMP-12714,C1043,TX28373,Connection lost during payment of 51 tk to merchant M19.,FAILED_PAYMENT,NEW,2026-09-24 01:13:53.335678
CMP-12715,C705,TX29851,"Customer care promised reversal for 106 tk within 24 hours, still no refund.",REFUND,INVESTIGATING,2026-09-25 13:04:48.335678
CMP-12716,C361,,"Merchant says payment succeeded and gave goods, but my app shows status 'PENDING'.",TRANSACTION_DISPUTE,INVESTIGATING,2026-09-28 03:11:37.335678
CMP-12717,C901,TX26256,"My account is blocked after repeated transaction attempts, please unblock immediately.",ACCOUNT_ISSUE,INVESTIGATING,2026-09-20 02:41:36.335678
CMP-12718,C1744,TX28835,"Status sync issue: money deducted, merchant received, app showing waiting for confirmation.",TRANSACTION_DISPUTE,RESOLVED,2026-09-23 15:09:05.335678
CMP-12719,C1846,TX32228,Double deduction happened for my merchant bill payment of 2665 taka.,DUPLICATE_PAYMENT,INVESTIGATING,2026-09-21 22:49:12.335678
CMP-12720,C1466,TX26039,App shows pending for 45 BDT even though merchant got confirmation SMS.,TRANSACTION_DISPUTE,RESOLVED,2026-10-03 12:34:17.335678
CMP-12721,C911,TX20993,App shows pending for 200 BDT even though merchant got confirmation SMS.,TRANSACTION_DISPUTE,INVESTIGATING,2026-09-30 22:08:39.335678
CMP-12722,C1121,TX28289,"Payment of 1463 failed yesterday, message said reversal in 2 hours but still not refunded.",REFUND,RESOLVED,2026-10-02 14:12:29.335678
CMP-12723,C1267,TX34835,"Network timeout during processing, app closed abruptly.",FAILED_PAYMENT,NEW,2026-09-27 08:53:20.335678
CMP-12724,C957,TX30090,"Customer care promised reversal for 49 tk within 24 hours, still no refund.",REFUND,RESOLVED,2026-09-21 04:00:00.335678
CMP-12725,C2198,,System gave unknown error during payment of 8445 taka.,FAILED_PAYMENT,RESOLVED,2026-09-28 07:05:30.335678
CMP-12726,C700,TX21199,"Shop owner said money didn't arrive, but SMS shows 96 deducted.",TRANSACTION_DISPUTE,RESOLVED,2026-10-01 00:29:00.335678
CMP-12727,C2431,TX20047,Why did my payment get cancelled for balance check error?,ACCOUNT_ISSUE,NEW,2026-09-27 09:01:06.335678
CMP-12728,C160,,"Customer care promised reversal for 52 tk within 24 hours, still no refund.",REFUND,NEW,2026-09-26 22:57:58.335678
CMP-12729,C1157,,"Tried to pay 13173 taka, said balance low, but I think I have enough funds.",ACCOUNT_ISSUE,NEW,2026-10-03 00:27:49.335678
CMP-12730,C1378,TX23985,Why did my payment get cancelled for balance check error?,ACCOUNT_ISSUE,RESOLVED,2026-09-24 16:28:26.335678
CMP-12731,C844,TX30154,Money has been deducted from my account (3009 BDT) but the shopkeeper didn't receive it.,TRANSACTION_DISPUTE,NEW,2026-09-27 03:03:26.335678
CMP-12732,C1262,TX24157,"Paid 11456 taka at merchant around 10:46, merchant claims no payment received.",TRANSACTION_DISPUTE,INVESTIGATING,2026-09-21 11:44:05.335678
CMP-12733,C2377,TX30274,Amar 3280 taka refund hoy nai. Payment failed hoise kintu taka ferot ashe nai.,REFUND,INVESTIGATING,2026-09-25 03:41:48.335678
CMP-12734,C1314,TX26344,"Tried to pay 2435 taka, said balance low, but I think I have enough funds.",ACCOUNT_ISSUE,RESOLVED,2026-09-30 23:06:43.335678
CMP-12735,C1900,,"I only made one payment of 525 taka, but money was deducted TWICE from my account!",DUPLICATE_PAYMENT,NEW,2026-09-29 05:48:58.335678
CMP-12736,C701,TX32436,"Network timeout during processing, app closed abruptly.",FAILED_PAYMENT,RESOLVED,2026-09-26 17:37:47.335678
CMP-12737,C215,TX31127,"Failed transaction of 1554 tk on 07:57, reversal missing from my statement.",REFUND,RESOLVED,2026-09-26 09:53:04.335678
CMP-12738,C1754,TX25990,"Transaction was rejected stating insufficient balance, please check my account statement.",ACCOUNT_ISSUE,NEW,2026-09-26 23:50:13.335678
CMP-12739,C1445,TX23836,"Tried to pay 1038 taka, said balance low, but I think I have enough funds.",ACCOUNT_ISSUE,NEW,2026-09-27 02:15:59.335678
CMP-12740,C693,,App timed out showing network error while paying 213 taka.,FAILED_PAYMENT,RESOLVED,2026-09-27 12:41:52.335678
CMP-12741,C2217,TX30660,App timed out showing network error while paying 188 taka.,FAILED_PAYMENT,RESOLVED,2026-09-30 06:31:43.335678
CMP-12742,C1674,TX20988,"Status sync issue: money deducted, merchant received, app showing waiting for confirmation.",TRANSACTION_DISPUTE,NEW,2026-10-02 14:24:05.335678
CMP-12743,C554,TX29089,Money has been deducted from my account (102 BDT) but the shopkeeper didn't receive it.,TRANSACTION_DISPUTE,RESOLVED,2026-09-21 22:32:40.335678
CMP-12744,C1326,TX21108,"Status sync issue: money deducted, merchant received, app showing waiting for confirmation.",TRANSACTION_DISPUTE,NEW,2026-09-20 07:31:37.335678
CMP-12745,C462,TX33937,"Suspicious transaction alert triggered on my account, need urgent review.",ACCOUNT_ISSUE,NEW,2026-10-03 05:11:49.335678
CMP-12746,C2441,,"I scanned QR at merchant M173 and 1414 taka was cut, but POS machine showed failed.",TRANSACTION_DISPUTE,RESOLVED,2026-09-27 06:00:37.335678
CMP-12747,C410,TX26597,"Customer care promised reversal for 904 tk within 24 hours, still no refund.",REFUND,RESOLVED,2026-10-03 13:09:20.335678
CMP-12748,C392,TX23107,"I scanned QR at merchant M171 and 2630 taka was cut, but POS machine showed failed.",TRANSACTION_DISPUTE,INVESTIGATING,2026-10-02 12:31:55.335678
CMP-12749,C1517,TX32631,Double deduction happened for my merchant bill payment of 11777 taka.,DUPLICATE_PAYMENT,INVESTIGATING,2026-10-03 07:54:10.335678
CMP-12750,C417,TX26521,App shows pending for 2554 BDT even though merchant got confirmation SMS.,TRANSACTION_DISPUTE,NEW,2026-09-23 06:46:35.335678
CMP-12751,C1744,,"Customer care promised reversal for 1078 tk within 24 hours, still no refund.",REFUND,INVESTIGATING,2026-09-24 02:10:09.335678
CMP-12752,C656,TX28915,"Transaction was rejected stating insufficient balance, please check my account statement.",ACCOUNT_ISSUE,NEW,2026-09-30 23:41:49.335678
CMP-12753,C474,TX31099,"Payment of 943 failed yesterday, message said reversal in 2 hours but still not refunded.",REFUND,NEW,2026-09-20 10:58:50.335678
CMP-12754,C865,,"I scanned QR at merchant M154 and 2312 taka was cut, but POS machine showed failed.",TRANSACTION_DISPUTE,RESOLVED,2026-09-27 08:17:09.335678
CMP-12755,C1957,TX29529,"Failed transaction of 1551 tk on 20:17, reversal missing from my statement.",REFUND,RESOLVED,2026-09-25 21:42:06.335678
CMP-12756,C1908,TX29044,"Payment of 506 failed yesterday, message said reversal in 2 hours but still not refunded.",REFUND,NEW,2026-09-20 05:12:44.335678
CMP-12757,C2431,,App shows pending for 53 BDT even though merchant got confirmation SMS.,TRANSACTION_DISPUTE,RESOLVED,2026-09-22 08:46:49.335678
CMP-12758,C2402,TX31763,Dui bar taka keteche! Paid once but charged twice 1099 tk at merchant M71.,DUPLICATE_PAYMENT,INVESTIGATING,2026-09-21 01:52:38.335678
CMP-12759,C1158,TX30708,"Transaction failed at payment gateway, money deducted from wallet, no reversal received yet.",REFUND,RESOLVED,2026-10-03 12:25:41.335678
CMP-12760,C1865,TX20646,Dui bar taka keteche! Paid once but charged twice 8459 tk at merchant M121.,DUPLICATE_PAYMENT,NEW,2026-09-25 18:35:06.335678
CMP-12761,C802,TX33576,"Failed transaction of 2486 tk on 19:43, reversal missing from my statement.",REFUND,INVESTIGATING,2026-09-27 21:02:41.335678
CMP-12762,C1225,,"Paid 903 taka at merchant around 07:29, merchant claims no payment received.",TRANSACTION_DISPUTE,RESOLVED,2026-09-24 09:17:44.335678
CMP-12763,C2449,TX31376,"My account is blocked after repeated transaction attempts, please unblock immediately.",ACCOUNT_ISSUE,RESOLVED,2026-09-21 19:40:46.335678
CMP-12764,C1579,,"Suspicious transaction alert triggered on my account, need urgent review.",ACCOUNT_ISSUE,NEW,2026-09-24 11:42:05.335678
CMP-12765,C632,TX23653,"Paid 106 taka at merchant around 20:55, merchant claims no payment received.",TRANSACTION_DISPUTE,RESOLVED,2026-09-20 22:08:18.335678
CMP-12766,C2497,TX31073,"My account is blocked after repeated transaction attempts, please unblock immediately.",ACCOUNT_ISSUE,RESOLVED,2026-09-26 22:15:41.335678
CMP-12767,C2014,TX34203,Dui bar taka keteche! Paid once but charged twice 12166 tk at merchant M61.,DUPLICATE_PAYMENT,NEW,2026-10-01 14:31:02.335678
CMP-12768,C1164,,System gave unknown error during payment of 991 taka.,FAILED_PAYMENT,INVESTIGATING,2026-09-27 11:34:30.335678
CMP-12769,C265,TX33750,"Transaction crashed with unknown server error, please investigate.",FAILED_PAYMENT,INVESTIGATING,2026-09-21 04:09:06.335678
CMP-12770,C2440,,"Internet connection dropped during PIN entry, don't know if money sent.",FAILED_PAYMENT,INVESTIGATING,2026-09-20 11:59:43.335678
CMP-12771,C523,TX31508,App shows pending for 51 BDT even though merchant got confirmation SMS.,TRANSACTION_DISPUTE,RESOLVED,2026-10-01 10:41:30.335678
CMP-12772,C1743,TX23940,"Customer care promised reversal for 2264 tk within 24 hours, still no refund.",REFUND,RESOLVED,2026-09-30 21:22:30.335678
CMP-12773,C450,,"Suspicious transaction alert triggered on my account, need urgent review.",ACCOUNT_ISSUE,NEW,2026-10-01 22:05:21.335678
CMP-12774,C375,TX32459,"Tried to pay 492 taka, said balance low, but I think I have enough funds.",ACCOUNT_ISSUE,NEW,2026-09-22 23:39:35.335678
CMP-12775,C1333,,"Network timeout during processing, app closed abruptly.",FAILED_PAYMENT,INVESTIGATING,2026-09-25 12:34:55.335678
CMP-12776,C2223,TX30886,App shows pending for 192 BDT even though merchant got confirmation SMS.,TRANSACTION_DISPUTE,INVESTIGATING,2026-10-03 04:03:52.335678
CMP-12777,C898,TX24475,Money has been deducted from my account (2251 BDT) but the shopkeeper didn't receive it.,TRANSACTION_DISPUTE,INVESTIGATING,2026-10-01 12:54:35.335678
CMP-12778,C1765,TX22943,Why is my transaction still showing pending after 3 hours? Amount 51 taka.,TRANSACTION_DISPUTE,RESOLVED,2026-10-02 17:15:34.335678
CMP-12779,C2088,TX28890,Amar 2903 taka refund hoy nai. Payment failed hoise kintu taka ferot ashe nai.,REFUND,INVESTIGATING,2026-09-27 01:31:34.335678
CMP-12780,C1086,TX21338,App shows pending for 2438 BDT even though merchant got confirmation SMS.,TRANSACTION_DISPUTE,RESOLVED,2026-10-01 13:14:07.335678
CMP-12781,C386,TX20893,Taka kete niyeche kintu dokandari pay ni. Amount was 97 tk at merchant M86.,TRANSACTION_DISPUTE,RESOLVED,2026-09-23 09:00:02.335678
CMP-12782,C2448,TX28461,"Tried to pay 5074 taka, said balance low, but I think I have enough funds.",ACCOUNT_ISSUE,RESOLVED,2026-10-02 08:48:53.335678
CMP-12783,C1929,,"Status sync issue: money deducted, merchant received, app showing waiting for confirmation.",TRANSACTION_DISPUTE,RESOLVED,2026-09-21 12:51:21.335678
CMP-12784,C2068,TX33103,"Shop owner said money didn't arrive, but SMS shows 2283 deducted.",TRANSACTION_DISPUTE,NEW,2026-09-22 11:06:35.335678
CMP-12785,C1482,,Taka kete niyeche kintu dokandari pay ni. Amount was 108 tk at merchant M75.,TRANSACTION_DISPUTE,RESOLVED,2026-09-22 19:56:09.335678
CMP-12786,C1108,TX30636,"Transaction failed at payment gateway, money deducted from wallet, no reversal received yet.",REFUND,NEW,2026-09-20 13:21:15.335678
CMP-12787,C2149,TX34466,Why is my transaction still showing pending after 3 hours? Amount 1567 taka.,TRANSACTION_DISPUTE,INVESTIGATING,2026-09-23 12:43:19.335678
CMP-12788,C2030,TX33274,Dui bar taka keteche! Paid once but charged twice 4749 tk at merchant M106.,DUPLICATE_PAYMENT,NEW,2026-09-22 10:36:38.335678
CMP-12789,C1494,TX27115,"Payment of 1431 failed yesterday, message said reversal in 2 hours but still not refunded.",REFUND,NEW,2026-09-26 00:48:12.335678
CMP-12790,C166,TX33171,App shows pending for 2300 BDT even though merchant got confirmation SMS.,TRANSACTION_DISPUTE,NEW,2026-10-02 16:50:47.335678
CMP-12791,C2225,,Taka kete niyeche kintu dokandari pay ni. Amount was 930 tk at merchant M187.,TRANSACTION_DISPUTE,INVESTIGATING,2026-10-03 20:32:48.335678
CMP-12792,C1729,TX25726,"My account is blocked after repeated transaction attempts, please unblock immediately.",ACCOUNT_ISSUE,NEW,2026-09-27 22:51:20.335678
CMP-12793,C1716,TX34537,Taka kete niyeche kintu dokandari pay ni. Amount was 12579 tk at merchant M49.,TRANSACTION_DISPUTE,NEW,2026-09-22 02:36:02.335678
CMP-12794,C162,,"I only made one payment of 3153 taka, but money was deducted TWICE from my account!",DUPLICATE_PAYMENT,NEW,2026-10-02 13:11:46.335678
CMP-12795,C655,TX32554,"Status sync issue: money deducted, merchant received, app showing waiting for confirmation.",TRANSACTION_DISPUTE,INVESTIGATING,2026-10-03 03:44:43.335678
CMP-12796,C1583,TX21311,"I scanned QR at merchant M147 and 548 taka was cut, but POS machine showed failed.",TRANSACTION_DISPUTE,RESOLVED,2026-09-29 14:06:33.335678
CMP-12797,C348,,Got security warning after attempting multiple payments of 100000 taka.,ACCOUNT_ISSUE,INVESTIGATING,2026-09-27 08:18:28.335678
CMP-12798,C172,TX32490,"Paid 91 taka at merchant around 20:46, merchant claims no payment received.",TRANSACTION_DISPUTE,RESOLVED,2026-09-20 21:34:06.335678
CMP-12799,C2118,TX31544,"I scanned QR at merchant M165 and 45 taka was cut, but POS machine showed failed.",TRANSACTION_DISPUTE,NEW,2026-10-01 22:12:11.335678
CMP-12800,C1441,,"Paid 1609 taka at merchant around 04:58, merchant claims no payment received.",TRANSACTION_DISPUTE,NEW,2026-09-22 06:45:03.335678
CMP-12801,C1715,TX28745,"Paid 1603 taka at merchant around 07:20, merchant claims no payment received.",TRANSACTION_DISPUTE,NEW,2026-09-20 08:51:12.335678
CMP-12802,C2189,TX25485,Amar 510 taka refund hoy nai. Payment failed hoise kintu taka ferot ashe nai.,REFUND,NEW,2026-09-28 17:28:00.335678
CMP-12803,C2495,TX28153,"Status sync issue: money deducted, merchant received, app showing waiting for confirmation.",TRANSACTION_DISPUTE,NEW,2026-09-26 03:53:26.335678
CMP-12804,C1804,TX25762,Money has been deducted from my account (524 BDT) but the shopkeeper didn't receive it.,TRANSACTION_DISPUTE,RESOLVED,2026-09-21 00:53:42.335678
CMP-12805,C1607,,"I only made one payment of 548 taka, but money was deducted TWICE from my account!",DUPLICATE_PAYMENT,INVESTIGATING,2026-09-23 17:23:47.335678
CMP-12806,C2325,TX34374,"Paid 8171 taka at merchant around 14:08, merchant claims no payment received.",TRANSACTION_DISPUTE,NEW,2026-09-24 15:19:18.335678
CMP-12807,C2362,TX30794,Taka kete niyeche kintu dokandari pay ni. Amount was 966 tk at merchant M85.,TRANSACTION_DISPUTE,RESOLVED,2026-09-23 22:52:28.335678
CMP-12808,C1243,,"My account is blocked after repeated transaction attempts, please unblock immediately.",ACCOUNT_ISSUE,INVESTIGATING,2026-10-01 03:40:04.335678
CMP-12809,C864,TX28366,Connection lost during payment of 2694 tk to merchant M42.,FAILED_PAYMENT,INVESTIGATING,2026-09-23 04:22:42.335678
CMP-12810,C1846,TX25460,"Status sync issue: money deducted, merchant received, app showing waiting for confirmation.",TRANSACTION_DISPUTE,NEW,2026-09-29 21:54:56.335678
CMP-12811,C2269,TX29247,Money has been deducted from my account (526 BDT) but the shopkeeper didn't receive it.,TRANSACTION_DISPUTE,INVESTIGATING,2026-09-22 12:01:39.335678
CMP-12812,C1271,TX31166,"Payment of 2745 failed yesterday, message said reversal in 2 hours but still not refunded.",REFUND,RESOLVED,2026-10-01 11:16:47.335678
CMP-12813,C1991,TX22371,System gave unknown error during payment of 12939 taka.,FAILED_PAYMENT,NEW,2026-10-03 00:05:57.335678
CMP-12814,C2407,TX31819,"Payment failed with weird error code ERR_999, what happened to my 917 taka?",FAILED_PAYMENT,NEW,2026-09-28 03:43:24.335678
CMP-12815,C383,TX26699,"Payment of 2562 failed yesterday, message said reversal in 2 hours but still not refunded.",REFUND,NEW,2026-09-30 03:22:14.335678
CMP-12816,C176,TX23461,Taka kete niyeche kintu dokandari pay ni. Amount was 47 tk at merchant M70.,TRANSACTION_DISPUTE,NEW,2026-10-02 23:48:13.335678
CMP-12817,C317,TX34321,"Payment of 218 failed yesterday, message said reversal in 2 hours but still not refunded.",REFUND,INVESTIGATING,2026-09-25 15:39:30.335678
CMP-12818,C2084,TX24100,Taka kete niyeche kintu dokandari pay ni. Amount was 1554 tk at merchant M93.,TRANSACTION_DISPUTE,RESOLVED,2026-09-20 03:06:41.335678
CMP-12819,C591,TX29394,"Payment of 1051 failed yesterday, message said reversal in 2 hours but still not refunded.",REFUND,INVESTIGATING,2026-09-24 11:13:18.335678
CMP-12820,C634,TX34476,"Status sync issue: money deducted, merchant received, app showing waiting for confirmation.",TRANSACTION_DISPUTE,INVESTIGATING,2026-09-25 03:23:43.335678
CMP-12821,C1875,,"Tried to pay 8566 taka, said balance low, but I think I have enough funds.",ACCOUNT_ISSUE,INVESTIGATING,2026-09-26 17:32:50.335678
CMP-12822,C944,TX20697,"Status sync issue: money deducted, merchant received, app showing waiting for confirmation.",TRANSACTION_DISPUTE,INVESTIGATING,2026-09-30 00:03:27.335678
CMP-12823,C1337,TX20120,"Tried to pay 2308 taka, said balance low, but I think I have enough funds.",ACCOUNT_ISSUE,NEW,2026-09-20 21:06:34.335678
CMP-12824,C1966,,"Paid 1591 taka at merchant around 02:58, merchant claims no payment received.",TRANSACTION_DISPUTE,INVESTIGATING,2026-10-01 03:28:38.335678
CMP-12825,C810,,"Tried to pay 3095 taka, said balance low, but I think I have enough funds.",ACCOUNT_ISSUE,INVESTIGATING,2026-10-01 11:43:16.335678
CMP-12826,C915,,"Shop owner said money didn't arrive, but SMS shows 2340 deducted.",TRANSACTION_DISPUTE,INVESTIGATING,2026-10-02 05:42:33.335678
CMP-12827,C1811,TX27396,"Network timeout during processing, app closed abruptly.",FAILED_PAYMENT,NEW,2026-09-28 03:29:54.335678
CMP-12828,C919,,"Transaction was rejected stating insufficient balance, please check my account statement.",ACCOUNT_ISSUE,RESOLVED,2026-09-29 15:01:56.335678
CMP-12829,C853,TX28330,Money has been deducted from my account (47 BDT) but the shopkeeper didn't receive it.,TRANSACTION_DISPUTE,INVESTIGATING,2026-09-27 04:03:01.335678
CMP-12830,C2371,TX28929,"Shop owner said money didn't arrive, but SMS shows 12768 deducted.",TRANSACTION_DISPUTE,RESOLVED,2026-09-28 08:59:03.335678
CMP-12831,C590,,"Shop owner said money didn't arrive, but SMS shows 98 deducted.",TRANSACTION_DISPUTE,NEW,2026-10-01 07:16:04.335678
CMP-12832,C730,,"Payment of 2857 failed yesterday, message said reversal in 2 hours but still not refunded.",REFUND,RESOLVED,2026-10-03 13:43:37.335678
CMP-12833,C1938,,Duplicate charge: two debits of 2686 tk within seconds for the same purchase.,DUPLICATE_PAYMENT,NEW,2026-09-25 18:39:53.335678
CMP-12834,C1009,TX21939,System gave unknown error during payment of 3239 taka.,FAILED_PAYMENT,NEW,2026-09-27 03:05:24.335678
CMP-12835,C1336,,"Payment failed with weird error code ERR_999, what happened to my 1096 taka?",FAILED_PAYMENT,NEW,2026-09-27 15:45:37.335678
CMP-12836,C2284,TX24866,"Paid 45 taka at merchant around 06:26, merchant claims no payment received.",TRANSACTION_DISPUTE,RESOLVED,2026-09-28 07:11:08.335678
CMP-12837,C959,TX22456,"Transaction was rejected stating insufficient balance, please check my account statement.",ACCOUNT_ISSUE,RESOLVED,2026-09-22 13:54:39.335678
CMP-12838,C716,TX32864,"Paid 2422 taka at merchant around 02:54, merchant claims no payment received.",TRANSACTION_DISPUTE,RESOLVED,2026-09-28 03:15:43.335678
CMP-12839,C1782,TX32191,"Customer care promised reversal for 11507 tk within 24 hours, still no refund.",REFUND,RESOLVED,2026-09-30 22:54:11.335678
CMP-12840,C1821,,"Tried to pay 52 taka, said balance low, but I think I have enough funds.",ACCOUNT_ISSUE,INVESTIGATING,2026-10-01 03:23:59.335678
CMP-12841,C1263,,"Tried to pay 2512 taka, said balance low, but I think I have enough funds.",ACCOUNT_ISSUE,NEW,2026-09-22 19:32:39.335678
CMP-12842,C1494,TX23971,Why did my payment get cancelled for balance check error?,ACCOUNT_ISSUE,INVESTIGATING,2026-09-30 03:06:20.335678
CMP-12843,C1435,TX24363,"Failed transaction of 1067 tk on 20:45, reversal missing from my statement.",REFUND,NEW,2026-09-29 21:23:53.335678
CMP-12844,C1338,,Taka kete niyeche kintu dokandari pay ni. Amount was 8367 tk at merchant M45.,TRANSACTION_DISPUTE,INVESTIGATING,2026-09-27 11:23:19.335678
CMP-12845,C1808,TX27645,App timed out showing network error while paying 192 taka.,FAILED_PAYMENT,NEW,2026-09-21 09:01:56.335678
CMP-12846,C194,,"Payment of 8258 failed yesterday, message said reversal in 2 hours but still not refunded.",REFUND,INVESTIGATING,2026-09-27 10:28:21.335678
CMP-12847,C1273,TX23667,App timed out showing network error while paying 1062 taka.,FAILED_PAYMENT,NEW,2026-09-27 17:25:03.335678
CMP-12848,C1938,TX21281,"Payment of 506 failed yesterday, message said reversal in 2 hours but still not refunded.",REFUND,INVESTIGATING,2026-10-03 00:53:57.335678
CMP-12849,C2017,,"Payment failed with weird error code ERR_999, what happened to my 2314 taka?",FAILED_PAYMENT,NEW,2026-10-02 19:13:04.335678
CMP-12850,C2410,TX29186,Dui bar taka keteche! Paid once but charged twice 204 tk at merchant M53.,DUPLICATE_PAYMENT,RESOLVED,2026-09-27 00:50:48.335678
CMP-12851,C1794,TX21158,Double deduction happened for my merchant bill payment of 3275 taka.,DUPLICATE_PAYMENT,RESOLVED,2026-09-25 03:14:17.335678
CMP-12852,C1736,TX28878,"Payment failed with weird error code ERR_999, what happened to my 107 taka?",FAILED_PAYMENT,INVESTIGATING,2026-09-22 19:47:38.335678
CMP-12853,C610,TX32404,"Payment failed with weird error code ERR_999, what happened to my 2696 taka?",FAILED_PAYMENT,RESOLVED,2026-09-27 15:48:49.335678
CMP-12854,C707,TX29539,Why is my transaction still showing pending after 3 hours? Amount 1619 taka.,TRANSACTION_DISPUTE,INVESTIGATING,2026-09-24 21:10:45.335678
CMP-12855,C1582,,"Suspicious transaction alert triggered on my account, need urgent review.",ACCOUNT_ISSUE,NEW,2026-09-23 14:15:12.335678
CMP-12856,C1164,TX34435,"Payment failed with weird error code ERR_999, what happened to my 991 taka?",FAILED_PAYMENT,INVESTIGATING,2026-09-27 11:34:30.335678
CMP-12857,C2302,TX27199,"Status sync issue: money deducted, merchant received, app showing waiting for confirmation.",TRANSACTION_DISPUTE,NEW,2026-09-30 18:51:15.335678
CMP-12858,C1832,TX20302,"Paid 3081 taka at merchant around 10:19, merchant claims no payment received.",TRANSACTION_DISPUTE,INVESTIGATING,2026-10-03 10:48:31.335678
CMP-12859,C1902,TX30066,"Transaction failed at payment gateway, money deducted from wallet, no reversal received yet.",REFUND,RESOLVED,2026-09-20 18:05:12.335678
CMP-12860,C505,TX34692,Duplicate charge: two debits of 987 tk within seconds for the same purchase.,DUPLICATE_PAYMENT,NEW,2026-09-23 05:15:14.335678
CMP-12861,C893,,App shows pending for 7245 BDT even though merchant got confirmation SMS.,TRANSACTION_DISPUTE,RESOLVED,2026-09-21 09:11:31.335678
CMP-12862,C645,,Why is my transaction still showing pending after 3 hours? Amount 5435 taka.,TRANSACTION_DISPUTE,NEW,2026-10-02 05:43:31.335678
CMP-12863,C1663,TX20410,"I scanned QR at merchant M145 and 982 taka was cut, but POS machine showed failed.",TRANSACTION_DISPUTE,INVESTIGATING,2026-09-23 08:05:10.335678
CMP-12864,C461,TX34938,Dui bar taka keteche! Paid once but charged twice 2466 tk at merchant M191.,DUPLICATE_PAYMENT,INVESTIGATING,2026-09-28 10:42:39.335678
CMP-12865,C2478,TX24904,Amar 191 taka refund hoy nai. Payment failed hoise kintu taka ferot ashe nai.,REFUND,RESOLVED,2026-09-21 05:15:40.335678
CMP-12866,C1421,,"Customer care promised reversal for 11572 tk within 24 hours, still no refund.",REFUND,INVESTIGATING,2026-10-02 16:16:06.335678
CMP-12867,C2461,TX27426,"Tried to pay 544 taka, said balance low, but I think I have enough funds.",ACCOUNT_ISSUE,RESOLVED,2026-10-02 15:15:47.335678
CMP-12868,C278,TX22098,"Merchant says payment succeeded and gave goods, but my app shows status 'PENDING'.",TRANSACTION_DISPUTE,RESOLVED,2026-09-21 07:33:47.335678
CMP-12869,C2075,TX24681,"I only made one payment of 11225 taka, but money was deducted TWICE from my account!",DUPLICATE_PAYMENT,NEW,2026-10-01 22:37:51.335678
CMP-12870,C1232,TX24156,Money has been deducted from my account (455 BDT) but the shopkeeper didn't receive it.,TRANSACTION_DISPUTE,NEW,2026-09-27 15:42:46.335678
CMP-12871,C1325,TX27573,Taka kete niyeche kintu dokandari pay ni. Amount was 1012 tk at merchant M89.,TRANSACTION_DISPUTE,INVESTIGATING,2026-09-23 12:35:18.335678
CMP-12872,C2369,TX30932,Connection lost during payment of 48 tk to merchant M137.,FAILED_PAYMENT,NEW,2026-10-01 18:28:30.335678
CMP-12873,C462,TX20660,"I scanned QR at merchant M72 and 3078 taka was cut, but POS machine showed failed.",TRANSACTION_DISPUTE,NEW,2026-10-03 01:31:13.335678
CMP-12874,C1509,TX22883,Double deduction happened for my merchant bill payment of 463 taka.,DUPLICATE_PAYMENT,NEW,2026-09-22 00:52:31.335678
CMP-12875,C1719,TX23531,"I only made one payment of 8434 taka, but money was deducted TWICE from my account!",DUPLICATE_PAYMENT,INVESTIGATING,2026-09-30 19:51:47.335678
CMP-12876,C2382,TX22632,"Payment failed with weird error code ERR_999, what happened to my 99 taka?",FAILED_PAYMENT,INVESTIGATING,2026-09-24 00:43:04.335678
CMP-12877,C645,TX26096,Duplicate charge: two debits of 184 tk within seconds for the same purchase.,DUPLICATE_PAYMENT,NEW,2026-09-27 17:34:45.335678
CMP-12878,C2166,TX32942,"Payment of 1413 failed yesterday, message said reversal in 2 hours but still not refunded.",REFUND,NEW,2026-09-23 12:12:26.335678
CMP-12879,C1141,TX29243,"Tried to pay 5237 taka, said balance low, but I think I have enough funds.",ACCOUNT_ISSUE,NEW,2026-09-22 14:10:20.335678
CMP-12880,C1677,,Why did my payment get cancelled for balance check error?,ACCOUNT_ISSUE,RESOLVED,2026-09-23 18:17:08.335678
CMP-12881,C1403,TX26126,"Network timeout during processing, app closed abruptly.",FAILED_PAYMENT,NEW,2026-09-25 03:43:39.335678
CMP-12882,C368,TX22592,Connection lost during payment of 196 tk to merchant M126.,FAILED_PAYMENT,NEW,2026-09-23 23:58:12.335678
CMP-12883,C907,TX34346,"Paid 187 taka at merchant around 12:43, merchant claims no payment received.",TRANSACTION_DISPUTE,INVESTIGATING,2026-09-26 13:32:09.335678
CMP-12884,C340,,Connection lost during payment of 3013 tk to merchant M148.,FAILED_PAYMENT,NEW,2026-09-30 17:13:09.335678
CMP-12885,C877,TX27329,"My account is blocked after repeated transaction attempts, please unblock immediately.",ACCOUNT_ISSUE,RESOLVED,2026-10-03 01:01:41.335678
CMP-12886,C785,,Amar 2455 taka refund hoy nai. Payment failed hoise kintu taka ferot ashe nai.,REFUND,NEW,2026-10-03 19:34:21.335678
CMP-12887,C395,TX28527,Dui bar taka keteche! Paid once but charged twice 5392 tk at merchant M189.,DUPLICATE_PAYMENT,RESOLVED,2026-10-02 07:17:14.335678
CMP-12888,C1766,TX23960,"Shop owner said money didn't arrive, but SMS shows 2694 deducted.",TRANSACTION_DISPUTE,NEW,2026-09-20 03:04:25.335678
CMP-12889,C323,,"Paid 905 taka at merchant around 21:03, merchant claims no payment received.",TRANSACTION_DISPUTE,INVESTIGATING,2026-09-30 22:24:14.335678
CMP-12890,C1877,TX30940,"Suspicious transaction alert triggered on my account, need urgent review.",ACCOUNT_ISSUE,INVESTIGATING,2026-09-26 16:25:45.335678
CMP-12891,C2149,TX34466,Why is my transaction still showing pending after 3 hours? Amount 1567 taka.,TRANSACTION_DISPUTE,RESOLVED,2026-09-23 12:09:19.335678
CMP-12892,C234,,Dui bar taka keteche! Paid once but charged twice 215 tk at merchant M51.,DUPLICATE_PAYMENT,INVESTIGATING,2026-09-22 04:00:18.335678
CMP-12893,C2091,,"Merchant says payment succeeded and gave goods, but my app shows status 'PENDING'.",TRANSACTION_DISPUTE,NEW,2026-10-02 16:23:00.335678
CMP-12894,C2297,,Double deduction happened for my merchant bill payment of 2816 taka.,DUPLICATE_PAYMENT,NEW,2026-09-24 04:42:38.335678
CMP-12895,C459,TX25004,"Internet connection dropped during PIN entry, don't know if money sent.",FAILED_PAYMENT,NEW,2026-09-21 14:09:29.335678
CMP-12896,C1548,TX25691,"Status sync issue: money deducted, merchant received, app showing waiting for confirmation.",TRANSACTION_DISPUTE,RESOLVED,2026-10-01 19:27:04.335678
CMP-12897,C1497,TX26992,"I only made one payment of 2615 taka, but money was deducted TWICE from my account!",DUPLICATE_PAYMENT,RESOLVED,2026-09-22 14:39:21.335678
CMP-12898,C563,TX31358,"Merchant says payment succeeded and gave goods, but my app shows status 'PENDING'.",TRANSACTION_DISPUTE,RESOLVED,2026-09-22 00:22:05.335678
CMP-12899,C1846,TX25460,"Merchant says payment succeeded and gave goods, but my app shows status 'PENDING'.",TRANSACTION_DISPUTE,INVESTIGATING,2026-09-29 22:44:56.335678
CMP-12900,C2205,TX32787,Why is my transaction still showing pending after 3 hours? Amount 2520 taka.,TRANSACTION_DISPUTE,INVESTIGATING,2026-09-25 15:27:58.335678
CMP-12901,C254,,"I only made one payment of 2259 taka, but money was deducted TWICE from my account!",DUPLICATE_PAYMENT,NEW,2026-10-02 16:07:52.335678
CMP-12902,C733,TX33649,"Status sync issue: money deducted, merchant received, app showing waiting for confirmation.",TRANSACTION_DISPUTE,RESOLVED,2026-09-25 18:20:28.335678
CMP-12903,C1239,TX33658,App timed out showing network error while paying 2337 taka.,FAILED_PAYMENT,INVESTIGATING,2026-10-01 11:58:22.335678
CMP-12904,C2175,TX26064,"Payment of 51 failed yesterday, message said reversal in 2 hours but still not refunded.",REFUND,INVESTIGATING,2026-09-22 16:00:17.335678
CMP-12905,C2025,TX34175,App shows pending for 203 BDT even though merchant got confirmation SMS.,TRANSACTION_DISPUTE,INVESTIGATING,2026-09-21 20:39:09.335678
CMP-12906,C345,TX22889,Dui bar taka keteche! Paid once but charged twice 189 tk at merchant M49.,DUPLICATE_PAYMENT,RESOLVED,2026-09-29 12:15:04.335678
CMP-12907,C1292,TX22504,Got security warning after attempting multiple payments of 100000 taka.,ACCOUNT_ISSUE,NEW,2026-09-24 10:22:05.335678
CMP-12908,C706,,"I only made one payment of 2462 taka, but money was deducted TWICE from my account!",DUPLICATE_PAYMENT,INVESTIGATING,2026-09-30 00:48:19.335678
CMP-12909,C607,,App shows pending for 1406 BDT even though merchant got confirmation SMS.,TRANSACTION_DISPUTE,NEW,2026-10-02 20:08:00.335678
CMP-12910,C2369,TX27548,Dui bar taka keteche! Paid once but charged twice 1539 tk at merchant M25.,DUPLICATE_PAYMENT,INVESTIGATING,2026-09-26 02:47:04.335678
CMP-12911,C889,TX24871,App timed out showing network error while paying 46 taka.,FAILED_PAYMENT,RESOLVED,2026-09-25 21:50:47.335678
CMP-12912,C140,TX32826,App shows pending for 3258 BDT even though merchant got confirmation SMS.,TRANSACTION_DISPUTE,INVESTIGATING,2026-09-30 10:27:52.335678
CMP-12913,C1831,,Duplicate charge: two debits of 104 tk within seconds for the same purchase.,DUPLICATE_PAYMENT,RESOLVED,2026-09-26 07:00:03.335678
CMP-12914,C2075,TX31536,App timed out showing network error while paying 7626 taka.,FAILED_PAYMENT,RESOLVED,2026-09-23 19:42:39.335678
CMP-12915,C1372,TX32209,Why did my payment get cancelled for balance check error?,ACCOUNT_ISSUE,NEW,2026-09-30 21:26:57.335678
CMP-12916,C423,TX25251,App timed out showing network error while paying 210 taka.,FAILED_PAYMENT,NEW,2026-09-20 11:21:21.335678
CMP-12917,C997,,Duplicate charge: two debits of 10932 tk within seconds for the same purchase.,DUPLICATE_PAYMENT,NEW,2026-09-30 02:04:05.335678
CMP-12918,C2241,,"Suspicious transaction alert triggered on my account, need urgent review.",ACCOUNT_ISSUE,INVESTIGATING,2026-09-20 05:48:32.335678
CMP-12919,C696,TX27467,"Internet connection dropped during PIN entry, don't know if money sent.",FAILED_PAYMENT,RESOLVED,2026-10-02 10:46:32.335678
CMP-12920,C366,TX34421,App shows pending for 108 BDT even though merchant got confirmation SMS.,TRANSACTION_DISPUTE,NEW,2026-09-30 03:30:10.335678
CMP-12921,C1353,,App timed out showing network error while paying 212 taka.,FAILED_PAYMENT,INVESTIGATING,2026-09-27 09:00:06.335678
CMP-12922,C472,TX23080,"Status sync issue: money deducted, merchant received, app showing waiting for confirmation.",TRANSACTION_DISPUTE,NEW,2026-09-21 14:52:13.335678
CMP-12923,C229,TX28388,"Transaction was rejected stating insufficient balance, please check my account statement.",ACCOUNT_ISSUE,NEW,2026-10-01 05:07:33.335678
CMP-12924,C833,TX31694,Why is my transaction still showing pending after 3 hours? Amount 4713 taka.,TRANSACTION_DISPUTE,INVESTIGATING,2026-10-02 20:23:10.335678
CMP-12925,C1517,,"Transaction crashed with unknown server error, please investigate.",FAILED_PAYMENT,RESOLVED,2026-09-23 18:18:29.335678
CMP-12926,C751,TX23459,Why did my payment get cancelled for balance check error?,ACCOUNT_ISSUE,RESOLVED,2026-09-24 09:57:29.335678
CMP-12927,C1191,,System gave unknown error during payment of 46 taka.,FAILED_PAYMENT,RESOLVED,2026-10-01 07:15:59.335678
CMP-12928,C894,,"I scanned QR at merchant M170 and 7559 taka was cut, but POS machine showed failed.",TRANSACTION_DISPUTE,NEW,2026-09-24 12:28:09.335678
CMP-12929,C2109,TX22409,Money has been deducted from my account (8554 BDT) but the shopkeeper didn't receive it.,TRANSACTION_DISPUTE,RESOLVED,2026-09-22 02:36:14.335678
CMP-12930,C1191,,"Transaction crashed with unknown server error, please investigate.",FAILED_PAYMENT,INVESTIGATING,2026-10-01 07:30:59.335678
CMP-12931,C1143,TX22159,"Shop owner said money didn't arrive, but SMS shows 10886 deducted.",TRANSACTION_DISPUTE,NEW,2026-09-29 12:17:24.335678
CMP-12932,C1347,TX26936,App timed out showing network error while paying 48 taka.,FAILED_PAYMENT,RESOLVED,2026-09-29 09:18:17.335678
CMP-12933,C1913,,"Customer care promised reversal for 7504 tk within 24 hours, still no refund.",REFUND,RESOLVED,2026-09-24 05:45:21.335678
CMP-12934,C2448,TX30612,"Merchant says payment succeeded and gave goods, but my app shows status 'PENDING'.",TRANSACTION_DISPUTE,RESOLVED,2026-10-02 10:52:02.335678
CMP-12935,C539,TX20760,"Payment of 1644 failed yesterday, message said reversal in 2 hours but still not refunded.",REFUND,NEW,2026-09-25 05:44:20.335678
CMP-12936,C2238,TX30628,"Transaction failed at payment gateway, money deducted from wallet, no reversal received yet.",REFUND,RESOLVED,2026-09-29 12:44:12.335678
CMP-12937,C803,TX31954,Connection lost during payment of 2961 tk to merchant M135.,FAILED_PAYMENT,RESOLVED,2026-09-24 22:18:34.335678
CMP-12938,C1671,,"Internet connection dropped during PIN entry, don't know if money sent.",FAILED_PAYMENT,RESOLVED,2026-09-21 04:15:09.335678
CMP-12939,C1022,,Why is my transaction still showing pending after 3 hours? Amount 54 taka.,TRANSACTION_DISPUTE,RESOLVED,2026-09-26 06:04:38.335678
CMP-12940,C880,TX20808,App shows pending for 1049 BDT even though merchant got confirmation SMS.,TRANSACTION_DISPUTE,INVESTIGATING,2026-09-23 03:12:42.335678
CMP-12941,C1711,TX24102,"Failed transaction of 2806 tk on 04:36, reversal missing from my statement.",REFUND,RESOLVED,2026-09-28 06:08:54.335678
CMP-12942,C1659,TX25387,"Status sync issue: money deducted, merchant received, app showing waiting for confirmation.",TRANSACTION_DISPUTE,INVESTIGATING,2026-10-03 21:10:57.335678
CMP-12943,C1031,TX29997,"Internet connection dropped during PIN entry, don't know if money sent.",FAILED_PAYMENT,INVESTIGATING,2026-10-02 16:02:25.335678
CMP-12944,C354,TX27654,"Transaction failed at payment gateway, money deducted from wallet, no reversal received yet.",REFUND,RESOLVED,2026-09-27 23:13:43.335678
CMP-12945,C178,TX22793,"Shop owner said money didn't arrive, but SMS shows 2462 deducted.",TRANSACTION_DISPUTE,NEW,2026-09-24 23:18:22.335678
CMP-12946,C1674,,"Paid 45 taka at merchant around 16:59, merchant claims no payment received.",TRANSACTION_DISPUTE,INVESTIGATING,2026-09-24 18:39:25.335678
CMP-12947,C1830,,App shows pending for 8738 BDT even though merchant got confirmation SMS.,TRANSACTION_DISPUTE,NEW,2026-09-28 12:21:19.335678
CMP-12948,C1160,TX33807,"Customer care promised reversal for 105 tk within 24 hours, still no refund.",REFUND,RESOLVED,2026-09-29 05:39:08.335678
CMP-12949,C1166,,"I scanned QR at merchant M128 and 485 taka was cut, but POS machine showed failed.",TRANSACTION_DISPUTE,INVESTIGATING,2026-09-23 10:19:50.335678
CMP-12950,C410,,"Merchant says payment succeeded and gave goods, but my app shows status 'PENDING'.",TRANSACTION_DISPUTE,INVESTIGATING,2026-09-23 22:11:01.335678
CMP-12951,C1183,,Why did my payment get cancelled for balance check error?,ACCOUNT_ISSUE,INVESTIGATING,2026-09-25 00:46:05.335678
CMP-12952,C469,TX31438,"Internet connection dropped during PIN entry, don't know if money sent.",FAILED_PAYMENT,RESOLVED,2026-09-26 06:00:47.335678
CMP-12953,C1170,TX25757,Why is my transaction still showing pending after 3 hours? Amount 4846 taka.,TRANSACTION_DISPUTE,INVESTIGATING,2026-09-24 20:17:44.335678
CMP-12954,C1047,TX24297,System gave unknown error during payment of 5315 taka.,FAILED_PAYMENT,NEW,2026-09-26 20:56:33.335678
CMP-12955,C877,,"Shop owner said money didn't arrive, but SMS shows 2890 deducted.",TRANSACTION_DISPUTE,RESOLVED,2026-09-20 01:56:25.335678
CMP-12956,C1849,TX27775,"Failed transaction of 191 tk on 08:26, reversal missing from my statement.",REFUND,NEW,2026-10-03 09:40:57.335678
CMP-12957,C2013,TX30926,Got security warning after attempting multiple payments of 100000 taka.,ACCOUNT_ISSUE,NEW,2026-09-26 05:23:37.335678
CMP-12958,C1762,TX31492,Double deduction happened for my merchant bill payment of 91 taka.,DUPLICATE_PAYMENT,NEW,2026-09-23 01:54:53.335678
CMP-12959,C1050,,"Internet connection dropped during PIN entry, don't know if money sent.",FAILED_PAYMENT,RESOLVED,2026-09-26 08:14:48.335678
CMP-12960,C967,TX33517,"My account is blocked after repeated transaction attempts, please unblock immediately.",ACCOUNT_ISSUE,INVESTIGATING,2026-10-01 10:35:14.335678
CMP-12961,C356,,"Failed transaction of 5378 tk on 13:48, reversal missing from my statement.",REFUND,NEW,2026-09-30 14:19:26.335678
CMP-12962,C1235,TX33452,App shows pending for 1597 BDT even though merchant got confirmation SMS.,TRANSACTION_DISPUTE,INVESTIGATING,2026-09-24 08:20:21.335678
CMP-12963,C2236,TX25031,"Merchant says payment succeeded and gave goods, but my app shows status 'PENDING'.",TRANSACTION_DISPUTE,NEW,2026-09-20 13:44:14.335678
CMP-12964,C752,TX34837,"Payment of 905 failed yesterday, message said reversal in 2 hours but still not refunded.",REFUND,RESOLVED,2026-10-02 07:34:27.335678
CMP-12965,C346,,App shows pending for 2695 BDT even though merchant got confirmation SMS.,TRANSACTION_DISPUTE,NEW,2026-09-30 03:17:24.335678
CMP-12966,C1030,,Amar 7676 taka refund hoy nai. Payment failed hoise kintu taka ferot ashe nai.,REFUND,INVESTIGATING,2026-09-20 20:36:16.335678
CMP-12967,C887,TX24944,Connection lost during payment of 5037 tk to merchant M193.,FAILED_PAYMENT,RESOLVED,2026-09-28 08:05:16.335678
CMP-12968,C1923,,Connection lost during payment of 519 tk to merchant M116.,FAILED_PAYMENT,INVESTIGATING,2026-09-22 03:25:53.335678
CMP-12969,C980,TX32600,Why did my payment get cancelled for balance check error?,ACCOUNT_ISSUE,RESOLVED,2026-09-21 11:35:39.335678
CMP-12970,C773,TX34687,"Transaction was rejected stating insufficient balance, please check my account statement.",ACCOUNT_ISSUE,INVESTIGATING,2026-10-01 20:58:11.335678
CMP-12971,C1416,TX22532,"Customer care promised reversal for 5291 tk within 24 hours, still no refund.",REFUND,INVESTIGATING,2026-09-24 09:57:00.335678
CMP-12972,C153,TX31797,"Shop owner said money didn't arrive, but SMS shows 2544 deducted.",TRANSACTION_DISPUTE,NEW,2026-09-22 11:41:15.335678
CMP-12973,C425,,Why did my payment get cancelled for balance check error?,ACCOUNT_ISSUE,NEW,2026-09-26 10:18:22.335678
CMP-12974,C1501,TX34557,"Shop owner said money didn't arrive, but SMS shows 45 deducted.",TRANSACTION_DISPUTE,INVESTIGATING,2026-09-23 20:03:56.335678
CMP-12975,C1509,,App shows pending for 1606 BDT even though merchant got confirmation SMS.,TRANSACTION_DISPUTE,NEW,2026-10-03 03:13:08.335678
CMP-12976,C1574,,Connection lost during payment of 91 tk to merchant M70.,FAILED_PAYMENT,NEW,2026-10-01 12:05:46.335678
CMP-12977,C1727,TX25621,Duplicate charge: two debits of 1007 tk within seconds for the same purchase.,DUPLICATE_PAYMENT,INVESTIGATING,2026-09-22 03:01:34.335678
CMP-12978,C605,,Why is my transaction still showing pending after 3 hours? Amount 49 taka.,TRANSACTION_DISPUTE,NEW,2026-09-23 17:37:38.335678
CMP-12979,C2149,TX20792,"Paid 5164 taka at merchant around 17:03, merchant claims no payment received.",TRANSACTION_DISPUTE,INVESTIGATING,2026-10-02 18:45:05.335678
CMP-12980,C1305,TX31278,"Transaction failed at payment gateway, money deducted from wallet, no reversal received yet.",REFUND,NEW,2026-09-22 22:45:28.335678
CMP-12981,C2317,TX28542,"Tried to pay 1085 taka, said balance low, but I think I have enough funds.",ACCOUNT_ISSUE,RESOLVED,2026-09-25 19:01:17.335678
CMP-12982,C2471,TX24109,"Transaction failed at payment gateway, money deducted from wallet, no reversal received yet.",REFUND,INVESTIGATING,2026-09-25 06:08:33.335678
CMP-12983,C558,TX23449,"Internet connection dropped during PIN entry, don't know if money sent.",FAILED_PAYMENT,RESOLVED,2026-09-30 08:25:13.335678
CMP-12984,C226,TX29859,"Network timeout during processing, app closed abruptly.",FAILED_PAYMENT,NEW,2026-09-24 11:07:39.335678
CMP-12985,C942,TX32035,"Status sync issue: money deducted, merchant received, app showing waiting for confirmation.",TRANSACTION_DISPUTE,INVESTIGATING,2026-09-21 22:47:24.335678
CMP-12986,C153,,Got security warning after attempting multiple payments of 100000 taka.,ACCOUNT_ISSUE,NEW,2026-09-21 10:29:46.335678
CMP-12987,C1883,,Double deduction happened for my merchant bill payment of 93 taka.,DUPLICATE_PAYMENT,NEW,2026-09-26 19:56:01.335678
CMP-12988,C1064,TX26374,"Payment failed with weird error code ERR_999, what happened to my 1051 taka?",FAILED_PAYMENT,RESOLVED,2026-10-03 14:33:19.335678
CMP-12989,C1194,,Amar 13188 taka refund hoy nai. Payment failed hoise kintu taka ferot ashe nai.,REFUND,NEW,2026-09-28 09:53:44.335678
CMP-12990,C473,TX27183,"I scanned QR at merchant M30 and 2589 taka was cut, but POS machine showed failed.",TRANSACTION_DISPUTE,INVESTIGATING,2026-10-03 00:24:36.335678
CMP-12991,C492,,"Customer care promised reversal for 1002 tk within 24 hours, still no refund.",REFUND,INVESTIGATING,2026-09-29 05:09:01.335678
CMP-12992,C2382,,System gave unknown error during payment of 99 taka.,FAILED_PAYMENT,NEW,2026-09-24 01:54:04.335678
CMP-12993,C235,TX24033,App shows pending for 1065 BDT even though merchant got confirmation SMS.,TRANSACTION_DISPUTE,INVESTIGATING,2026-09-24 15:24:18.335678
CMP-12994,C2030,TX33274,Double deduction happened for my merchant bill payment of 4749 taka.,DUPLICATE_PAYMENT,NEW,2026-09-22 09:34:38.335678
CMP-12995,C1432,TX24606,"Paid 3002 taka at merchant around 12:17, merchant claims no payment received.",TRANSACTION_DISPUTE,INVESTIGATING,2026-09-23 12:25:28.335678
CMP-12996,C1553,TX28007,Got security warning after attempting multiple payments of 60000 taka.,ACCOUNT_ISSUE,INVESTIGATING,2026-09-21 15:22:01.335678
